{"test-loss": 14.105993747711182, "_step": 599, "_runtime": 42, "_timestamp": 1613677274, "test-acc": 0.4995, "graph_0": {"_type": "graph-file", "path": "media/graph/graph_0_summary_b5e9449e.graph.json", "sha256": "b5e9449eff3adb0964717564634e623dceafa5cc19ba5fcfa8397deaec489751", "size": 1411}, "train-loss": 0.000304339538018894, "train-acc": 0.999999999999994}