{"test-loss": 5.384385108947754, "_step": 599, "_runtime": 33, "_timestamp": 1614196280, "test-acc": 0.492, "graph_0": {"_type": "graph-file", "path": "media/graph/graph_0_summary_9ec082fe.graph.json", "sha256": "9ec082fe9aacf5edf6f07c782dda1be635e32712980851f401e4482605043616", "size": 1411}, "train-loss": 0.004810825921595097, "train-acc": 0.9999999999999756}