{"test-loss": 5.198061227798462, "_step": 599, "_runtime": 24, "_timestamp": 1614117900, "test-acc": 0.5015, "graph_0": {"_type": "graph-file", "path": "media/graph/graph_0_summary_0a759a3a.graph.json", "sha256": "0a759a3a6ea4bfa254a5378d52f60bf3287656041c9cbbc19ad3ade936d76d50", "size": 1411}, "train-loss": 0.000393538546632044, "train-acc": 0.9999999999999756}