{"test-loss": 1.3862944841384888, "_step": 599, "_runtime": 37, "_timestamp": 1613629216, "test-acc": 0.5025, "graph_0": {"_type": "graph-file", "path": "media/graph/graph_0_summary_53af7a67.graph.json", "sha256": "53af7a675abbb335201540366b70504756873745d38cbfe7b55314fad46bd3c1", "size": 1411}, "train-loss": 0.6931473016738892, "train-acc": 0.499389648437497}