{"test-loss": 5.33698296546936, "_step": 599, "_runtime": 25, "_timestamp": 1614111582, "test-acc": 0.514, "graph_0": {"_type": "graph-file", "path": "media/graph/graph_0_summary_f493f36c.graph.json", "sha256": "f493f36c27547e856ce27a182fad5d3751894457338ce6a5e02e7fbbbfca9682", "size": 1411}, "train-loss": 0.0003215941396774724, "train-acc": 0.9999999999999756}