{"test-loss": 1.3862944841384888, "_step": 599, "_runtime": 32, "_timestamp": 1614189254, "test-acc": 0.4945, "graph_0": {"_type": "graph-file", "path": "media/graph/graph_0_summary_8b805c6d.graph.json", "sha256": "8b805c6d6e228212a8d9a6e936b937bd85afe07d89cc06c8b72973e8590423e4", "size": 1411}, "train-loss": 0.6931471824645996, "train-acc": 0.5012207031249878}