{"test-loss": 5.261213302612305, "_step": 599, "_runtime": 32, "_timestamp": 1614202579, "test-acc": 0.504, "graph_0": {"_type": "graph-file", "path": "media/graph/graph_0_summary_4260c02d.graph.json", "sha256": "4260c02d232db6ca7064f908f399556b94cb2289c4e347758044c0d120897957", "size": 1411}, "train-loss": 0.0016844358178786933, "train-acc": 0.9999999999999756}