{"test-loss": 1.3862944841384888, "_step": 599, "_runtime": 33, "_timestamp": 1614189944, "test-acc": 0.4945, "graph_0": {"_type": "graph-file", "path": "media/graph/graph_0_summary_208719b2.graph.json", "sha256": "208719b2ebe3c663f3a8bbdff845e5c46b9d33672d4804cc2e5cc7333c83dec7", "size": 1411}, "train-loss": 0.6931471824645996, "train-acc": 0.5061035156249877}