{"test-loss": 1.3862944841384888, "_step": 599, "_runtime": 150, "_timestamp": 1614063583, "test-acc": 0.505, "graph_0": {"_type": "graph-file", "path": "media/graph/graph_0_summary_67c41182.graph.json", "sha256": "67c41182a0816ac3d27f071c12291d252bbc00985a7bce516418e02f33d54499", "size": 1411}, "train-loss": 0.6931470632553101, "train-acc": 0.5040740966796867}