{"test-loss": 13.482825756072998, "_step": 599, "_runtime": 45, "_timestamp": 1613667890, "test-acc": 0.4875, "graph_0": {"_type": "graph-file", "path": "media/graph/graph_0_summary_eed4cf87.graph.json", "sha256": "eed4cf876fd6c348865fe94d18e00159d4df687b218b3d5dec2d0ace526b7b96", "size": 1411}, "train-loss": 0.0003056230593729836, "train-acc": 0.999999999999994}