{"test-loss": 1.3862944841384888, "_step": 599, "_runtime": 38, "_timestamp": 1613628864, "test-acc": 0.5025, "graph_0": {"_type": "graph-file", "path": "media/graph/graph_0_summary_5acf78bd.graph.json", "sha256": "5acf78bd9baf9ed633b30115ae35a3a41016985e2a2ac43f905b2762e5dc9c37", "size": 1411}, "train-loss": 0.6931473016738892, "train-acc": 0.49450683593749706}