{"test-loss": 11.657757759094238, "_step": 599, "_runtime": 43, "_timestamp": 1613686972, "test-acc": 0.5075, "graph_0": {"_type": "graph-file", "path": "media/graph/graph_0_summary_9d7940c1.graph.json", "sha256": "9d7940c1b0e17c97798ad069b89583b36b6b7b3dd553319613992c9bdeaf1bbb", "size": 1411}, "train-loss": 0.0003070471157116117, "train-acc": 0.999999999999994}