{"test-loss": 0.01765395887196064, "_step": 599, "_runtime": 148, "_timestamp": 1614093681, "test-acc": 1.0, "graph_0": {"_type": "graph-file", "path": "media/graph/graph_0_summary_d07d50b8.graph.json", "sha256": "d07d50b8d3f882829c76ef9eab16381fbd156ff1d7383c44371a425aa0371d74", "size": 1411}, "train-loss": 0.008310094941407442, "train-acc": 0.999984741210936}