{"test-loss": 3.6472595930099487, "_step": 599, "_runtime": 31, "_timestamp": 1614201505, "test-acc": 0.514, "graph_0": {"_type": "graph-file", "path": "media/graph/graph_0_summary_6238113a.graph.json", "sha256": "6238113a4bb45eea6536ac56db89bb760fc62336548ea805c468bd5b5fee2139", "size": 1411}, "train-loss": 0.0027589024393819273, "train-acc": 0.9999999999999756}