{"test-loss": 1.3862944841384888, "_step": 599, "_runtime": 45, "_timestamp": 1613663787, "test-acc": 0.4975, "graph_0": {"_type": "graph-file", "path": "media/graph/graph_0_summary_6772e4d4.graph.json", "sha256": "6772e4d4e220f76b9600b49cbb4610a3f478c9d930480aad99cff47800ca9489", "size": 1411}, "train-loss": 0.6931471824645996, "train-acc": 0.500488281249997}