{"test-loss": 6.065448045730591, "_step": 599, "_runtime": 32, "_timestamp": 1614191497, "test-acc": 0.5215, "graph_0": {"_type": "graph-file", "path": "media/graph/graph_0_summary_10fcae27.graph.json", "sha256": "10fcae270315acb776b8bf761e08ffabfd566a2be55aef68f14e132549dd7e39", "size": 1411}, "train-loss": 0.0007746164192212746, "train-acc": 0.9999999999999756}