{"test-loss": 1.3862944841384888, "_step": 599, "_runtime": 148, "_timestamp": 1614076173, "test-acc": 0.505, "graph_0": {"_type": "graph-file", "path": "media/graph/graph_0_summary_be54d74a.graph.json", "sha256": "be54d74a7007ecdfa283438b98e0aa06b6388b916de10bd0cf2e45c539209142", "size": 1411}, "train-loss": 0.6931470632553101, "train-acc": 0.5014953613281242}