{"test-loss": 1.3862944841384888, "_step": 599, "_runtime": 122, "_timestamp": 1613747533, "test-acc": 0.505, "graph_0": {"_type": "graph-file", "path": "media/graph/graph_0_summary_47ca8247.graph.json", "sha256": "47ca824729c2f615694a29ddae080d4360254d528db7190eb5b4a7fad6d789aa", "size": 1411}, "train-loss": 0.6931470632553101, "train-acc": 0.4950408935546867}