{"test-loss": 5.372534990310669, "_step": 599, "_runtime": 34, "_timestamp": 1614192446, "test-acc": 0.5045, "graph_0": {"_type": "graph-file", "path": "media/graph/graph_0_summary_7bc701c5.graph.json", "sha256": "7bc701c587948597b87a93758692c4c2f0471b8d452d2d9e0d02a3afde78fc61", "size": 1411}, "train-loss": 0.004934121388942003, "train-acc": 0.9999999999999756}