{"test-loss": 6.878335237503052, "_step": 599, "_runtime": 25, "_timestamp": 1614117828, "test-acc": 0.5035, "graph_0": {"_type": "graph-file", "path": "media/graph/graph_0_summary_0513e61c.graph.json", "sha256": "0513e61c2ae9cdcd73304c7d109432c7ba9aa8e8a49fb9a77aa8b4c0fe770569", "size": 1411}, "train-loss": 0.00035553098132368177, "train-acc": 0.9999999999999756}