{"test-loss": 0.015516005456447601, "_step": 599, "_runtime": 123, "_timestamp": 1613778706, "test-acc": 1.0, "graph_0": {"_type": "graph-file", "path": "media/graph/graph_0_summary_139e3ffc.graph.json", "sha256": "139e3ffcddbd4bff0d5319c4bd3fdcdbe241f42ed27528767af9f6a58f98eae7", "size": 1411}, "train-loss": 0.00648081733379513, "train-acc": 0.9999999999999984}