{"test-loss": 1.3862944841384888, "_step": 599, "_runtime": 122, "_timestamp": 1613784783, "test-acc": 0.505, "graph_0": {"_type": "graph-file", "path": "media/graph/graph_0_summary_f4e6fbb6.graph.json", "sha256": "f4e6fbb64ba7d85908f92fda3e3f65706862464fd74874c7c305e54be9d9ef1a", "size": 1411}, "train-loss": 0.6931470632553101, "train-acc": 0.5010375976562492}