{"test-loss": 20.55885887145996, "_step": 599, "_runtime": 38, "_timestamp": 1613638732, "test-acc": 0.516, "graph_0": {"_type": "graph-file", "path": "media/graph/graph_0_summary_6f343505.graph.json", "sha256": "6f34350581f61011acb2f74b545ef4bf82e97db5e7abbe5824842c0984f91444", "size": 1411}, "train-loss": 1.205565482378006, "train-acc": 0.8555908203124949}