{"test-loss": 1.3862944841384888, "_step": 599, "_runtime": 148, "_timestamp": 1614067739, "test-acc": 0.505, "graph_0": {"_type": "graph-file", "path": "media/graph/graph_0_summary_1a04e64d.graph.json", "sha256": "1a04e64dfc0b641e0b614f7e9c9a85594fc6756f7af667c45db4783b65b0b27c", "size": 1411}, "train-loss": 0.6931470632553101, "train-acc": 0.5014953613281242}