{"test-loss": 0.015356932301074266, "_step": 599, "_runtime": 148, "_timestamp": 1614059947, "test-acc": 1.0, "graph_0": {"_type": "graph-file", "path": "media/graph/graph_0_summary_5e2b57f7.graph.json", "sha256": "5e2b57f795f46ebb197383dbe4d67cca4579a5605b6a6e59c4c82d1f2d341705", "size": 1411}, "train-loss": 0.007603728794492781, "train-acc": 0.9999999999999984}