{"test-loss": 6.172925233840942, "_step": 599, "_runtime": 32, "_timestamp": 1614197129, "test-acc": 0.5065, "graph_0": {"_type": "graph-file", "path": "media/graph/graph_0_summary_6a69c041.graph.json", "sha256": "6a69c0412d84fe08bf7dc10e1f47983b1c744c72f2b0a357f9ed46893622f31d", "size": 1411}, "train-loss": 0.0010073404700960964, "train-acc": 0.9999999999999756}