{"test-loss": 6.222102403640747, "_step": 599, "_runtime": 25, "_timestamp": 1614123932, "test-acc": 0.5175, "graph_0": {"_type": "graph-file", "path": "media/graph/graph_0_summary_96f9bc51.graph.json", "sha256": "96f9bc512bad14d42f7e0b65035d8ba1bc5b218b6247edc55fba8959ab8dc8dd", "size": 1411}, "train-loss": 0.00034271115146111697, "train-acc": 0.9999999999999756}