{"test-loss": 40.72824668884277, "_step": 599, "_runtime": 43, "_timestamp": 1613679686, "test-acc": 0.5065, "graph_0": {"_type": "graph-file", "path": "media/graph/graph_0_summary_ea33de90.graph.json", "sha256": "ea33de9069ad689293de1717474021683fe3673d8908fb6f3529f0ba42fafa31", "size": 1411}, "train-loss": 0.00017768135739970603, "train-acc": 0.999999999999994}