{"test-loss": 11.4439115524292, "_step": 599, "_runtime": 45, "_timestamp": 1613671176, "test-acc": 0.5005, "graph_0": {"_type": "graph-file", "path": "media/graph/graph_0_summary_f692db28.graph.json", "sha256": "f692db28e0e9ee83f43e9d0dcdc959854c1e748878ba99288a0b04d612836951", "size": 1411}, "train-loss": 0.0002694196082302369, "train-acc": 0.999999999999994}