{"test-loss": 1.3862944841384888, "_step": 599, "_runtime": 45, "_timestamp": 1613663136, "test-acc": 0.4975, "graph_0": {"_type": "graph-file", "path": "media/graph/graph_0_summary_39ce1e95.graph.json", "sha256": "39ce1e954352eedd3df823aa406d6379e29cf84eec7a9465a28d401890de1104", "size": 1411}, "train-loss": 0.6931471824645996, "train-acc": 0.501586914062497}