{"test-loss": 0.014758578967303038, "_step": 599, "_runtime": 427, "_timestamp": 1614002490, "test-acc": 1.0, "graph_0": {"_type": "graph-file", "path": "media/graph/graph_0_summary_daf902fc.graph.json", "sha256": "daf902fc3c51eeb10a5399d73bb7cc0e1a896090417f590071c4a91a8a28b5c9", "size": 1411}, "train-loss": 0.007098360569216311, "train-acc": 0.999984741210936}