{"test-loss": 3.7510905265808105, "_step": 599, "_runtime": 32, "_timestamp": 1614192127, "test-acc": 0.5125, "graph_0": {"_type": "graph-file", "path": "media/graph/graph_0_summary_20254978.graph.json", "sha256": "20254978b831ec147ad0cf525a792814e154045fb617c033eb03a8eacdc2dbce", "size": 1411}, "train-loss": 0.0026315947179682553, "train-acc": 0.9999999999999756}