{"test-loss": 11.004349708557129, "_step": 599, "_runtime": 45, "_timestamp": 1613665099, "test-acc": 0.4945, "graph_0": {"_type": "graph-file", "path": "media/graph/graph_0_summary_3b983f74.graph.json", "sha256": "3b983f7499296d56798308843860c8acb7e408296826470b8dc97754debe6ef2", "size": 1411}, "train-loss": 0.0004008527218815061, "train-acc": 0.999999999999994}