{"test-loss": 1.3862944841384888, "_step": 599, "_runtime": 147, "_timestamp": 1614063747, "test-acc": 0.505, "graph_0": {"_type": "graph-file", "path": "media/graph/graph_0_summary_2b15a96f.graph.json", "sha256": "2b15a96f9b3405618d9325b7792d2035af5d32b9d31a3ad3412438247ec41978", "size": 1411}, "train-loss": 0.6931470632553101, "train-acc": 0.5025634765624992}