{"test-loss": 1.3862944841384888, "_step": 599, "_runtime": 147, "_timestamp": 1614076500, "test-acc": 0.505, "graph_0": {"_type": "graph-file", "path": "media/graph/graph_0_summary_0d28eea2.graph.json", "sha256": "0d28eea2660dad1e610243bc5dd13a4dce6dd01ef40acb1b8af456e1275254b5", "size": 1411}, "train-loss": 0.6931470632553101, "train-acc": 0.5024871826171867}