{"test-loss": 5.743117332458496, "_step": 599, "_runtime": 31, "_timestamp": 1614191630, "test-acc": 0.496, "graph_0": {"_type": "graph-file", "path": "media/graph/graph_0_summary_0a447407.graph.json", "sha256": "0a44740779032f95947d698d0315c592cbcbd08c78f5f60812b6b523b3d001e8", "size": 1411}, "train-loss": 0.0004820934555027634, "train-acc": 0.9999999999999756}