{"test-loss": 1.3862944841384888, "_step": 599, "_runtime": 123, "_timestamp": 1613793739, "test-acc": 0.505, "graph_0": {"_type": "graph-file", "path": "media/graph/graph_0_summary_ece65726.graph.json", "sha256": "ece65726a7ea559cadb181a43e75fed3579c81c87906dad11635590dc13f3d3d", "size": 1411}, "train-loss": 0.6931470632553101, "train-acc": 0.4998474121093742}