{"test-loss": 0.012570674065500498, "_step": 599, "_runtime": 38, "_timestamp": 1613632470, "test-acc": 0.999, "graph_0": {"_type": "graph-file", "path": "media/graph/graph_0_summary_e88a4d35.graph.json", "sha256": "e88a4d35a12c00aaecdd256d5252c357df8805ed17f758bab2c13935ae3a6f44", "size": 1411}, "train-loss": 0.0013055205927230418, "train-acc": 0.999999999999994}