{"test-loss": 1.398504376411438, "_step": 599, "_runtime": 38, "_timestamp": 1613634351, "test-acc": 0.882, "graph_0": {"_type": "graph-file", "path": "media/graph/graph_0_summary_e65636cb.graph.json", "sha256": "e65636cb5bdc856fb66985a791e569ccc5f4be0c59db70a71bdf41736bf6ef92", "size": 1411}, "train-loss": 0.0547154163941741, "train-acc": 0.9804687499999941}