{"test-loss": 1.3862944841384888, "_step": 599, "_runtime": 123, "_timestamp": 1613792680, "test-acc": 0.505, "graph_0": {"_type": "graph-file", "path": "media/graph/graph_0_summary_561bdc10.graph.json", "sha256": "561bdc106e96cec91692022eb01eeffb30e9509ffad4b97030ff0de8301bd578", "size": 1411}, "train-loss": 0.6931470632553101, "train-acc": 0.5000152587890617}