{"test-loss": 13.928176403045654, "_step": 599, "_runtime": 38, "_timestamp": 1613636203, "test-acc": 0.4855, "graph_0": {"_type": "graph-file", "path": "media/graph/graph_0_summary_d2dbdf73.graph.json", "sha256": "d2dbdf7341a39f1e369973d445f1d028d8cb4ff68786c33f71d017c8eb71b243", "size": 1411}, "train-loss": 0.8664122521877289, "train-acc": 0.9038696289062446}