{"test-loss": 5.508555889129639, "_step": 599, "_runtime": 36, "_timestamp": 1614181935, "test-acc": 0.498, "graph_0": {"_type": "graph-file", "path": "media/graph/graph_0_summary_a1ccc64d.graph.json", "sha256": "a1ccc64d638f269b7885d586565f52f4ef3723e49968ba4f5c95e47ee40047d6", "size": 1411}, "train-loss": 0.01928445976227522, "train-acc": 0.9999999999999756}