{"test-loss": 1.3862944841384888, "_step": 599, "_runtime": 124, "_timestamp": 1613792945, "test-acc": 0.505, "graph_0": {"_type": "graph-file", "path": "media/graph/graph_0_summary_4380c16a.graph.json", "sha256": "4380c16a2cc5f2da8552a49db389c6b5748466fdc581e9c3c4eec719656af368", "size": 1411}, "train-loss": 0.6931470632553101, "train-acc": 0.5014190673828117}