{"test-loss": 4.358115196228027, "_step": 599, "_runtime": 31, "_timestamp": 1614195655, "test-acc": 0.509, "graph_0": {"_type": "graph-file", "path": "media/graph/graph_0_summary_7560d20b.graph.json", "sha256": "7560d20b73e285f17d456b3aa61c9260c0bb3e93ee5bc34e02f12719b51ffc96", "size": 1411}, "train-loss": 0.004515295848250389, "train-acc": 0.9999999999999756}