{"test-loss": 1.315111756324768, "_step": 599, "_runtime": 148, "_timestamp": 1614080637, "test-acc": 0.582, "graph_0": {"_type": "graph-file", "path": "media/graph/graph_0_summary_65189a86.graph.json", "sha256": "65189a864d6264495882e14227e5cebd923eca9e043f33c2231a4852e5a28793", "size": 1411}, "train-loss": 0.6601018756628036, "train-acc": 0.5839538574218741}