{"test-loss": 1.3862944841384888, "_step": 599, "_runtime": 121, "_timestamp": 1613792285, "test-acc": 0.505, "graph_0": {"_type": "graph-file", "path": "media/graph/graph_0_summary_51c0c035.graph.json", "sha256": "51c0c035a78503ba0d18c30d79091f3d40020f3b9e4f7ff4bf200d07beb303d5", "size": 1411}, "train-loss": 0.6931470632553101, "train-acc": 0.5006866455078117}