{"test-loss": 1.3862944841384888, "_step": 599, "_runtime": 124, "_timestamp": 1613753271, "test-acc": 0.505, "graph_0": {"_type": "graph-file", "path": "media/graph/graph_0_summary_5cdf119e.graph.json", "sha256": "5cdf119eff18d03c085f9d3c506d8f6375e5b6e66b9c54f39f2adcbbb0936cf7", "size": 1411}, "train-loss": 0.6931470632553101, "train-acc": 0.4985961914062492}