{"test-loss": 1.3862944841384888, "_step": 599, "_runtime": 23, "_timestamp": 1614116202, "test-acc": 0.4945, "graph_0": {"_type": "graph-file", "path": "media/graph/graph_0_summary_b7528e15.graph.json", "sha256": "b7528e15450917ba76000547de0f480e5bf43dd4de3183bc77d1d730e50978aa", "size": 1411}, "train-loss": 0.6931471824645996, "train-acc": 0.4858398437499881}