{"test-loss": 1.3862944841384888, "_step": 599, "_runtime": 24, "_timestamp": 1614116991, "test-acc": 0.4945, "graph_0": {"_type": "graph-file", "path": "media/graph/graph_0_summary_4f10670a.graph.json", "sha256": "4f10670acfb0f14787451b9b4968070489f74533419269bbe541bd98495e87d7", "size": 1411}, "train-loss": 0.6931471824645996, "train-acc": 0.49853515624998784}