{"test-loss": 3.5907002687454224, "_step": 599, "_runtime": 36, "_timestamp": 1613647915, "test-acc": 0.768, "graph_0": {"_type": "graph-file", "path": "media/graph/graph_0_summary_ea91a931.graph.json", "sha256": "ea91a931f45352e3aab0bce3483c2cfe5236d6b89020201508661863e8059744", "size": 1411}, "train-loss": 0.06056855618953705, "train-acc": 0.9755249023437441}