{"test-loss": 6.907524347305298, "_step": 599, "_runtime": 24, "_timestamp": 1614110288, "test-acc": 0.5125, "graph_0": {"_type": "graph-file", "path": "media/graph/graph_0_summary_ebc5f0f5.graph.json", "sha256": "ebc5f0f5f46d31734df001b6c734fe321b6a5cf9273700959c36dc7e122fc8e8", "size": 1411}, "train-loss": 0.00034981286444235593, "train-acc": 0.9999999999999756}