{"test-loss": 1.3862944841384888, "_step": 599, "_runtime": 428, "_timestamp": 1613953503, "test-acc": 0.505, "graph_0": {"_type": "graph-file", "path": "media/graph/graph_0_summary_2c634231.graph.json", "sha256": "2c634231fba810415cb580c34abc131dd04fd7a3cd2680abd3617a54efe53fe7", "size": 1411}, "train-loss": 0.6931470632553101, "train-acc": 0.4976043701171867}