{"test-loss": 1.386472761631012, "_step": 21, "_runtime": 18, "_timestamp": 1613804889, "test-acc": 0.4755, "graph_0": {"_type": "graph-file", "path": "media/graph/graph_0_summary_ec05edef.graph.json", "sha256": "ec05edef7c5b3cc402cc99fb4e33822c08bb2c0e7988b709ecb578255f96c4e8", "size": 1411}, "train-loss": 0.6930141001939774, "train-acc": 0.5316619873046867}