{"test-loss": 46.93702697753906, "_step": 599, "_runtime": 38, "_timestamp": 1613636854, "test-acc": 0.52, "graph_0": {"_type": "graph-file", "path": "media/graph/graph_0_summary_caa195d4.graph.json", "sha256": "caa195d49a2921c4b44ddc0ea00c892a051a25d2789e464fc7097011f6f91889", "size": 1411}, "train-loss": 3.3370447158813477, "train-acc": 0.7816772460937453}