{"test-loss": 5.263111114501953, "_step": 599, "_runtime": 25, "_timestamp": 1614125551, "test-acc": 0.525, "graph_0": {"_type": "graph-file", "path": "media/graph/graph_0_summary_6e9b20a2.graph.json", "sha256": "6e9b20a2e43fa505546f1afacf6123d673c9a1b6d261a1e18d04b2d6e3af3b07", "size": 1411}, "train-loss": 0.0003132261917926371, "train-acc": 0.9999999999999756}