{"test-loss": 1.3862944841384888, "_step": 599, "_runtime": 122, "_timestamp": 1613758584, "test-acc": 0.505, "graph_0": {"_type": "graph-file", "path": "media/graph/graph_0_summary_ba6b4ec7.graph.json", "sha256": "ba6b4ec77f6be9c5a4b56784886d36e6de6d12c9b625013125872371b35b4071", "size": 1411}, "train-loss": 0.6931470632553101, "train-acc": 0.5014953613281242}