{"test-loss": 0.012139695696532726, "_step": 599, "_runtime": 143, "_timestamp": 1614103179, "test-acc": 1.0, "graph_0": {"_type": "graph-file", "path": "media/graph/graph_0_summary_cc31a8c7.graph.json", "sha256": "cc31a8c77a99aa80dcb1a7c72fdaa31b92803777ab4097197adb422d2ff6231c", "size": 1411}, "train-loss": 0.006332535296678543, "train-acc": 0.9999999999999984}