{"test-loss": 5.018283128738403, "_step": 599, "_runtime": 24, "_timestamp": 1614122194, "test-acc": 0.5235, "graph_0": {"_type": "graph-file", "path": "media/graph/graph_0_summary_557e2258.graph.json", "sha256": "557e2258ae3a618822ed3710c51c26caf0dcc0d940d887b23d6f68c7812f5c22", "size": 1411}, "train-loss": 0.0003113363709417172, "train-acc": 0.9999999999999756}