{"test-loss": 7.820747137069702, "_step": 599, "_runtime": 25, "_timestamp": 1614111725, "test-acc": 0.494, "graph_0": {"_type": "graph-file", "path": "media/graph/graph_0_summary_79763e8c.graph.json", "sha256": "79763e8cca86fb0e3e8d0b75b9c2cc1bb1b807d22a5a37416f4b2df4bdc5c0e1", "size": 1411}, "train-loss": 0.00035618712718132883, "train-acc": 0.9999999999999756}