{"test-loss": 17.44786834716797, "_step": 599, "_runtime": 42, "_timestamp": 1613677535, "test-acc": 0.4965, "graph_0": {"_type": "graph-file", "path": "media/graph/graph_0_summary_3f55af11.graph.json", "sha256": "3f55af113e495d0d8fd6777e32bee43f848bf0e984a6e4135ca758c2618cc6a6", "size": 1411}, "train-loss": 0.0002506804830773035, "train-acc": 0.999999999999994}