{"test-loss": 1.3862944841384888, "_step": 599, "_runtime": 429, "_timestamp": 1613983082, "test-acc": 0.505, "graph_0": {"_type": "graph-file", "path": "media/graph/graph_0_summary_bd9fb813.graph.json", "sha256": "bd9fb8138e39a1fccf72d60f845f97316c018f67b6e412c799420d8674efee23", "size": 1411}, "train-loss": 0.6931470632553101, "train-acc": 0.5014038085937492}