{"test-loss": 3.835476517677307, "_step": 599, "_runtime": 36, "_timestamp": 1614180984, "test-acc": 0.5005, "graph_0": {"_type": "graph-file", "path": "media/graph/graph_0_summary_3d4bb86e.graph.json", "sha256": "3d4bb86ee8c98b650b10c84e95a657ef864d6aa85aca45881b974c6dee5121b2", "size": 1411}, "train-loss": 0.0025844790507107973, "train-acc": 0.9999999999999756}