{"test-loss": 23.71960163116455, "_step": 599, "_runtime": 44, "_timestamp": 1613672810, "test-acc": 0.504, "graph_0": {"_type": "graph-file", "path": "media/graph/graph_0_summary_e0cfec32.graph.json", "sha256": "e0cfec32678da8907e36461fd11d98fcc8e2554ec08f78af8e3aa93e135fcac6", "size": 1411}, "train-loss": 0.00017953961673811136, "train-acc": 0.999999999999994}