{"test-loss": 0.023655839264392853, "_step": 599, "_runtime": 147, "_timestamp": 1614051995, "test-acc": 1.0, "graph_0": {"_type": "graph-file", "path": "media/graph/graph_0_summary_49a7b41a.graph.json", "sha256": "49a7b41a63a5ee898bd33d7750e9d39ad05808daa3503abf10f6dc447ea88952", "size": 1411}, "train-loss": 0.011077300645411015, "train-acc": 0.9999999999999984}