{"test-loss": 16.494915008544922, "_step": 599, "_runtime": 37, "_timestamp": 1613649540, "test-acc": 0.5, "graph_0": {"_type": "graph-file", "path": "media/graph/graph_0_summary_50270ae1.graph.json", "sha256": "50270ae177d5759a3ca4caa55ee2a70e88054b0edefb533129444687a53a87b4", "size": 1411}, "train-loss": 1.069753646850586, "train-acc": 0.7901000976562452}