{"test-loss": 1.3862944841384888, "_step": 599, "_runtime": 37, "_timestamp": 1613630520, "test-acc": 0.5025, "graph_0": {"_type": "graph-file", "path": "media/graph/graph_0_summary_859107bf.graph.json", "sha256": "859107bfb522c3791aaf33eae79e193acab8aef24b7e8745d5d4bba5949edd37", "size": 1411}, "train-loss": 0.6931473016738892, "train-acc": 0.498657226562497}