{"test-loss": 1.3862944841384888, "_step": 599, "_runtime": 32, "_timestamp": 1614189806, "test-acc": 0.4945, "graph_0": {"_type": "graph-file", "path": "media/graph/graph_0_summary_bef6fecc.graph.json", "sha256": "bef6fecc09594bc363ef5544c172e9fefc8c4d3a8db1b929d09907b657d8728d", "size": 1411}, "train-loss": 0.6931471824645996, "train-acc": 0.4995117187499878}