{"test-loss": 7.208402633666992, "_step": 599, "_runtime": 24, "_timestamp": 1614120038, "test-acc": 0.4925, "graph_0": {"_type": "graph-file", "path": "media/graph/graph_0_summary_d9003cfc.graph.json", "sha256": "d9003cfc4c65183c2f9f98c35ee8bbeb970e62afc53875c52de711c7facedb09", "size": 1411}, "train-loss": 0.0003583054494811222, "train-acc": 0.9999999999999756}