{"test-loss": 1.3862944841384888, "_step": 599, "_runtime": 122, "_timestamp": 1613785705, "test-acc": 0.505, "graph_0": {"_type": "graph-file", "path": "media/graph/graph_0_summary_4549e5e3.graph.json", "sha256": "4549e5e3ec0c02db1ceec1fa860e567917c5c15378b79395f27941b9aaf450af", "size": 1411}, "train-loss": 0.6931470632553101, "train-acc": 0.5014953613281242}