{"training/accuracy": 0.09882, "training/loss": 2.30269203125, "_runtime": 34, "_timestamp": 1614622997, "_step": 0}