{"test-loss": 1.3862944841384888, "_step": 599, "_runtime": 23, "_timestamp": 1614116403, "test-acc": 0.4945, "graph_0": {"_type": "graph-file", "path": "media/graph/graph_0_summary_4a6c8789.graph.json", "sha256": "4a6c8789b88361a73d00b01d55c8cd342efc2d6b1c9de8381d79867ff8830a89", "size": 1411}, "train-loss": 0.6931471824645996, "train-acc": 0.4960937499999879}