{"test-loss": 1.3862944841384888, "_step": 599, "_runtime": 46, "_timestamp": 1613663298, "test-acc": 0.4975, "graph_0": {"_type": "graph-file", "path": "media/graph/graph_0_summary_47d840c9.graph.json", "sha256": "47d840c93107c79183faa8dcb3d658121ae0a7f25d0b99b461eb19eacf74d9cc", "size": 1411}, "train-loss": 0.6931471824645996, "train-acc": 0.503479003906247}