{"test-loss": 0.019997750408947468, "_step": 599, "_runtime": 123, "_timestamp": 1613771485, "test-acc": 1.0, "graph_0": {"_type": "graph-file", "path": "media/graph/graph_0_summary_f527d3e7.graph.json", "sha256": "f527d3e77478bde8029879c17578f1be23c137d9bc081ec013b911835acb64ad", "size": 1411}, "train-loss": 0.010103544685989618, "train-acc": 0.9999694824218734}