{"test-loss": 5.3439013957977295, "_step": 599, "_runtime": 37, "_timestamp": 1613639669, "test-acc": 0.536, "graph_0": {"_type": "graph-file", "path": "media/graph/graph_0_summary_0ee144cf.graph.json", "sha256": "0ee144cf44a137b171188aa2ce40812507d32f01c3bedc988d031a1a12116252", "size": 1411}, "train-loss": 0.2884892299771309, "train-acc": 0.8748779296874948}