{"test-loss": 6.0545876026153564, "_step": 599, "_runtime": 34, "_timestamp": 1613623979, "test-acc": 0.5875, "graph_0": {"_type": "graph-file", "path": "media/graph/graph_0_summary_9bb25b02.graph.json", "sha256": "9bb25b02ad7700ff56f414e2947face0ad7104efe2bf20c5faf685bdb6f5baa8", "size": 1411}, "train-loss": 0.19395630434155464, "train-acc": 0.9269409179687444}