{"test-loss": 866.4646911621094, "_step": 599, "_runtime": 43, "_timestamp": 1613677484, "test-acc": 0.515, "graph_0": {"_type": "graph-file", "path": "media/graph/graph_0_summary_a7ea5ebb.graph.json", "sha256": "a7ea5ebbba70be9ee567c9f9c59c26808b838bd6b27e3e8ecac47dcdb030ac52", "size": 1411}, "train-loss": 0.01722653451088263, "train-acc": 0.995605468749994}