{"test-loss": 1.3862944841384888, "_step": 599, "_runtime": 123, "_timestamp": 1613749671, "test-acc": 0.505, "graph_0": {"_type": "graph-file", "path": "media/graph/graph_0_summary_506cba81.graph.json", "sha256": "506cba81d21a1d8174ec8f8fc0de7e839917c9e37c42b6b4b703d5bce7257f87", "size": 1411}, "train-loss": 0.6931470632553101, "train-acc": 0.4998931884765617}