{"test-loss": 5.146056413650513, "_step": 599, "_runtime": 24, "_timestamp": 1614121005, "test-acc": 0.477, "graph_0": {"_type": "graph-file", "path": "media/graph/graph_0_summary_fd67e232.graph.json", "sha256": "fd67e23212d19fedd504822c92c7d2733b985dba1a69a124e6b5c42b49c90fd3", "size": 1411}, "train-loss": 0.00028307392494753003, "train-acc": 0.9999999999999756}