{"test-loss": 302.5790710449219, "_step": 599, "_runtime": 44, "_timestamp": 1613683716, "test-acc": 0.4985, "graph_0": {"_type": "graph-file", "path": "media/graph/graph_0_summary_7fbcaf16.graph.json", "sha256": "7fbcaf162d5b4b2ee090ff5d0e7257732c9b62587f0be9923080f0ec96adaa20", "size": 1411}, "train-loss": 2.7455552809030337e-07, "train-acc": 0.999999999999994}