{"test-loss": 4.830329895019531, "_step": 599, "_runtime": 24, "_timestamp": 1614108816, "test-acc": 0.519, "graph_0": {"_type": "graph-file", "path": "media/graph/graph_0_summary_811c8b9b.graph.json", "sha256": "811c8b9b0a7f6c4b66d4e44ec01f5b353d1e8351b108bff277907679f4450bd3", "size": 1411}, "train-loss": 0.0006086362700443715, "train-acc": 0.9999999999999756}