{"test-loss": 0.074528057128191, "_step": 599, "_runtime": 150, "_timestamp": 1614083961, "test-acc": 0.999, "graph_0": {"_type": "graph-file", "path": "media/graph/graph_0_summary_921ef138.graph.json", "sha256": "921ef1389f808477fba3fefd7f4eeb88ad2b7b771eb51fb69d85fdcdc04abec0", "size": 1411}, "train-loss": 0.03772320784628391, "train-acc": 0.997970581054686}