{"test-loss": 0.23723984509706497, "_step": 599, "_runtime": 124, "_timestamp": 1613761774, "test-acc": 0.9575, "graph_0": {"_type": "graph-file", "path": "media/graph/graph_0_summary_6cf74dc5.graph.json", "sha256": "6cf74dc5986ed4c0cd7d1a8dba209defb718086a22e37350ccc2701f8c223046", "size": 1411}, "train-loss": 0.12971137836575508, "train-acc": 0.9458160400390611}