{"test-loss": 4.897861003875732, "_step": 599, "_runtime": 32, "_timestamp": 1614187425, "test-acc": 0.5125, "graph_0": {"_type": "graph-file", "path": "media/graph/graph_0_summary_44a569c1.graph.json", "sha256": "44a569c1e32ba74bc16c83a694ae32ec554a681ccf1318131de15f1d477d5a41", "size": 1411}, "train-loss": 0.0010485625825822353, "train-acc": 0.9999999999999756}