{"test-loss": 1.3862944841384888, "_step": 599, "_runtime": 148, "_timestamp": 1614066414, "test-acc": 0.505, "graph_0": {"_type": "graph-file", "path": "media/graph/graph_0_summary_a9698435.graph.json", "sha256": "a969843585c4fdb347f64b8077ae6d81ba753a6d9b03b36b649fb1a0322b118d", "size": 1411}, "train-loss": 0.6931470632553101, "train-acc": 0.5005950927734367}