{"test-loss": 6.921198844909668, "_step": 599, "_runtime": 23, "_timestamp": 1614113846, "test-acc": 0.512, "graph_0": {"_type": "graph-file", "path": "media/graph/graph_0_summary_100022fb.graph.json", "sha256": "100022fb159e92c93e1e2e9b58e108579b8569d8291037285965ef85ac28e718", "size": 1411}, "train-loss": 0.00034876474092015997, "train-acc": 0.9999999999999756}