{"test-loss": 0.01365966908633709, "_step": 599, "_runtime": 123, "_timestamp": 1613777779, "test-acc": 1.0, "graph_0": {"_type": "graph-file", "path": "media/graph/graph_0_summary_ba0561e1.graph.json", "sha256": "ba0561e1abfa1ec51e5227c0533d35d9538142aee83ad779898b31a4dfafa4d7", "size": 1411}, "train-loss": 0.006499365554191172, "train-acc": 0.9999999999999984}