{"test-loss": 0.5175562500953674, "_step": 599, "_runtime": 38, "_timestamp": 1613645258, "test-acc": 0.9125, "graph_0": {"_type": "graph-file", "path": "media/graph/graph_0_summary_aae36714.graph.json", "sha256": "aae36714ab2beeca73abf243757985588b953946b8aae828a1aaf362e644f7dd", "size": 1411}, "train-loss": 0.02158879768103361, "train-acc": 0.992248535156244}