{"test-loss": 7.791975736618042, "_step": 599, "_runtime": 25, "_timestamp": 1614123746, "test-acc": 0.518, "graph_0": {"_type": "graph-file", "path": "media/graph/graph_0_summary_ce669295.graph.json", "sha256": "ce66929501b36832d007990e6e4c0c85b978fc8cdb9e9050502e214859627656", "size": 1411}, "train-loss": 0.00039823287806939334, "train-acc": 0.9999999999999756}