{"test-loss": 0.011629494372755289, "_step": 599, "_runtime": 148, "_timestamp": 1614097985, "test-acc": 1.0, "graph_0": {"_type": "graph-file", "path": "media/graph/graph_0_summary_47bbf002.graph.json", "sha256": "47bbf0021ba601c820a9f78cee3754f7f5a5aa8d745554419afccac8286590a6", "size": 1411}, "train-loss": 0.00675387482624501, "train-acc": 0.9999389648437484}