{"test-loss": 12.048316478729248, "_step": 599, "_runtime": 42, "_timestamp": 1613675610, "test-acc": 0.494, "graph_0": {"_type": "graph-file", "path": "media/graph/graph_0_summary_ba27b3a5.graph.json", "sha256": "ba27b3a554af527ec21a792657a85662dcc7c0b78d4bc485391f0338bd6910e8", "size": 1411}, "train-loss": 0.00031855003592795583, "train-acc": 0.999999999999994}