{"test-loss": 6.390856981277466, "_step": 599, "_runtime": 24, "_timestamp": 1614117207, "test-acc": 0.501, "graph_0": {"_type": "graph-file", "path": "media/graph/graph_0_summary_3b77cd03.graph.json", "sha256": "3b77cd03d1170fded4a4d7fec46cfde4e86dde0e3c8b2597d73d9ebbbd1060f3", "size": 1411}, "train-loss": 0.00035390816628932953, "train-acc": 0.9999999999999756}