{"test-loss": 10.815203666687012, "_step": 599, "_runtime": 45, "_timestamp": 1613668821, "test-acc": 0.5175, "graph_0": {"_type": "graph-file", "path": "media/graph/graph_0_summary_441e7552.graph.json", "sha256": "441e7552a34fe94404f3d8baae3dffb024ff473e276a08321f5c0cda56aed054", "size": 1411}, "train-loss": 0.00028277467254156363, "train-acc": 0.999999999999994}