{"test-loss": 7.532168626785278, "_step": 599, "_runtime": 32, "_timestamp": 1614183340, "test-acc": 0.498, "graph_0": {"_type": "graph-file", "path": "media/graph/graph_0_summary_69b131d6.graph.json", "sha256": "69b131d656c138e8ce4bb066949e301acf2f98f4b3b418ef79f2987289da5b55", "size": 1411}, "train-loss": 0.00043301782716298476, "train-acc": 0.9999999999999756}