{"test-loss": 1.3862944841384888, "_step": 599, "_runtime": 147, "_timestamp": 1614075177, "test-acc": 0.505, "graph_0": {"_type": "graph-file", "path": "media/graph/graph_0_summary_0af4d2bc.graph.json", "sha256": "0af4d2bcd256423662437071017025f2ac1c8f422a3dd584e7b31b8bc87e5c08", "size": 1411}, "train-loss": 0.6931470632553101, "train-acc": 0.5025787353515617}