{"test-loss": 1.3862944841384888, "_step": 599, "_runtime": 123, "_timestamp": 1613792417, "test-acc": 0.505, "graph_0": {"_type": "graph-file", "path": "media/graph/graph_0_summary_e82dc13f.graph.json", "sha256": "e82dc13f8eeb2091f02b6c0ba4fb235b28b820e9963c7491936ee2efae6d8519", "size": 1411}, "train-loss": 0.6931470632553101, "train-acc": 0.5014953613281242}