{"test-loss": 1.3862944841384888, "_step": 599, "_runtime": 37, "_timestamp": 1613630136, "test-acc": 0.5025, "graph_0": {"_type": "graph-file", "path": "media/graph/graph_0_summary_85b954a6.graph.json", "sha256": "85b954a66c3e7bd9665384491eb2017d9e2f53e9d5e946637920c86939bfd08f", "size": 1411}, "train-loss": 0.6931473016738892, "train-acc": 0.498596191406247}