{"test-loss": 7.208402633666992, "_step": 599, "_runtime": 27, "_timestamp": 1614125738, "test-acc": 0.4925, "graph_0": {"_type": "graph-file", "path": "media/graph/graph_0_summary_eb64f49c.graph.json", "sha256": "eb64f49c3b3db666e8274488e11aa8cc095c1cd3ca165299c92ade8818678c11", "size": 1411}, "train-loss": 0.0003583054494811222, "train-acc": 0.9999999999999756}