{"test-loss": 4.622774600982666, "_step": 599, "_runtime": 32, "_timestamp": 1614186885, "test-acc": 0.4735, "graph_0": {"_type": "graph-file", "path": "media/graph/graph_0_summary_a1bc81cb.graph.json", "sha256": "a1bc81cb82814d2da38cb8f335e01fcb38a1d779430203e08462bba893cf975e", "size": 1411}, "train-loss": 0.0010027108946815133, "train-acc": 0.9999999999999756}