{"test-loss": 1.3862944841384888, "_step": 599, "_runtime": 425, "_timestamp": 1614005134, "test-acc": 0.495, "graph_0": {"_type": "graph-file", "path": "media/graph/graph_0_summary_eebac63a.graph.json", "sha256": "eebac63aa41b3a406cadc7935713ee78d2938cfeaedb820dd1691019707939db", "size": 1411}, "train-loss": 0.6931470632553101, "train-acc": 0.4999084472656242}