{"test-loss": 1.3862944841384888, "_step": 599, "_runtime": 45, "_timestamp": 1613663352, "test-acc": 0.4975, "graph_0": {"_type": "graph-file", "path": "media/graph/graph_0_summary_e0de2c5f.graph.json", "sha256": "e0de2c5fff894dfdc47836ae1dbfa64b19d60da5f57d9aadd156b77e73a92c1c", "size": 1411}, "train-loss": 0.6931471824645996, "train-acc": 0.497497558593747}