{"test-loss": 0.012886863201856613, "_step": 599, "_runtime": 148, "_timestamp": 1614085955, "test-acc": 1.0, "graph_0": {"_type": "graph-file", "path": "media/graph/graph_0_summary_c2d21cc3.graph.json", "sha256": "c2d21cc3031f419b6994b07b8b88c072b7ee824a97fc194d2fa4f1b2dc08b5a7", "size": 1411}, "train-loss": 0.006202567368745804, "train-acc": 0.9999389648437484}