{"test-loss": 5.25987696647644, "_step": 599, "_runtime": 33, "_timestamp": 1614186476, "test-acc": 0.504, "graph_0": {"_type": "graph-file", "path": "media/graph/graph_0_summary_8fd302d0.graph.json", "sha256": "8fd302d0e9fc9aecd76f8521307dafa8abcceb2d00f40e7f992856bc85776c34", "size": 1411}, "train-loss": 0.0016859380120877177, "train-acc": 0.9999999999999756}