{"test-loss": 27.602516174316406, "_step": 599, "_runtime": 37, "_timestamp": 1613637711, "test-acc": 0.5005, "graph_0": {"_type": "graph-file", "path": "media/graph/graph_0_summary_b356660c.graph.json", "sha256": "b356660c306568f6701ab0e71c281e762e2073f8043d11645d5886e056c77a56", "size": 1411}, "train-loss": 0.6420773863792419, "train-acc": 0.9065551757812446}