{"test-loss": 1.3862944841384888, "_step": 599, "_runtime": 122, "_timestamp": 1613785311, "test-acc": 0.505, "graph_0": {"_type": "graph-file", "path": "media/graph/graph_0_summary_287bc20f.graph.json", "sha256": "287bc20f1fa860c1a2d30f0b5065aa4a3a18151895ef66f516e97ac1c92c5822", "size": 1411}, "train-loss": 0.6931470632553101, "train-acc": 0.5008392333984367}