{"test-loss": 1.3862944841384888, "_step": 599, "_runtime": 124, "_timestamp": 1613794276, "test-acc": 0.505, "graph_0": {"_type": "graph-file", "path": "media/graph/graph_0_summary_c356b781.graph.json", "sha256": "c356b781e7795f83cf812d0e3fd9a5e25099e04d6a85fd0124d6fbf3fdcfb8ea", "size": 1411}, "train-loss": 0.6931470632553101, "train-acc": 0.5007629394531242}