{"test-loss": 1.3862944841384888, "_step": 599, "_runtime": 430, "_timestamp": 1613968938, "test-acc": 0.505, "graph_0": {"_type": "graph-file", "path": "media/graph/graph_0_summary_7a3f5ebe.graph.json", "sha256": "7a3f5ebe2d4dc4313f18ee88698094c95273e00a8003373b84643a97d33878c1", "size": 1411}, "train-loss": 0.6931470632553101, "train-acc": 0.5040740966796867}