{"test-loss": 1.7876781225204468, "_step": 599, "_runtime": 37, "_timestamp": 1613644050, "test-acc": 0.8385, "graph_0": {"_type": "graph-file", "path": "media/graph/graph_0_summary_82069126.graph.json", "sha256": "8206912679e2ebf957c7fb6c95ff579a245fb3311851d4dcfa6d2ad928082840", "size": 1411}, "train-loss": 0.18864185735583305, "train-acc": 0.9458618164062443}