{"test-loss": 0.026781495660543442, "_step": 599, "_runtime": 147, "_timestamp": 1614057971, "test-acc": 1.0, "graph_0": {"_type": "graph-file", "path": "media/graph/graph_0_summary_8293338c.graph.json", "sha256": "8293338c360c5705dcf0ec3bd37d7dba67ddb17f8f1dbfb4055c702ecee1c4ac", "size": 1411}, "train-loss": 0.01263790251687169, "train-acc": 0.999923706054686}