{"test-loss": 11.994211196899414, "_step": 599, "_runtime": 42, "_timestamp": 1613676649, "test-acc": 0.497, "graph_0": {"_type": "graph-file", "path": "media/graph/graph_0_summary_4af0af59.graph.json", "sha256": "4af0af59632d42c86e72d9274a3e0b062dea570a881cb43a45a9c03f67279006", "size": 1411}, "train-loss": 0.00031327133865488577, "train-acc": 0.999999999999994}