{"test-loss": 139.5718002319336, "_step": 599, "_runtime": 43, "_timestamp": 1613686131, "test-acc": 0.497, "graph_0": {"_type": "graph-file", "path": "media/graph/graph_0_summary_8440d0bd.graph.json", "sha256": "8440d0bd92fd8782484ad09ac6c4a7fd7478a4c7d2bf08a80153ac0f7c968ebb", "size": 1411}, "train-loss": 0.9018040900991025, "train-acc": 0.8619995117187448}