{"test-loss": 0.010679157450795174, "_step": 599, "_runtime": 122, "_timestamp": 1613766020, "test-acc": 1.0, "graph_0": {"_type": "graph-file", "path": "media/graph/graph_0_summary_8dd41202.graph.json", "sha256": "8dd412023a6024555a44fbd95836ced1ae2e1efbeaeb99207dbd5d139765e92e", "size": 1411}, "train-loss": 0.006017690524458885, "train-acc": 0.9999999999999984}