{"test-loss": 7.5979321002960205, "_step": 599, "_runtime": 37, "_timestamp": 1613648613, "test-acc": 0.5225, "graph_0": {"_type": "graph-file", "path": "media/graph/graph_0_summary_821b2e5f.graph.json", "sha256": "821b2e5fe3aaed3c9b9a6ec3698a41cd032f4ca09021f42aee0ba99a662e8608", "size": 1411}, "train-loss": 0.2741353213787079, "train-acc": 0.9022216796874946}