{"test-loss": 0.01186983473598957, "_step": 599, "_runtime": 143, "_timestamp": 1614097194, "test-acc": 1.0, "graph_0": {"_type": "graph-file", "path": "media/graph/graph_0_summary_88013cb4.graph.json", "sha256": "88013cb44c07f5143c96591a69f68205d91a140ac490fbfb11ba59f2718ef709", "size": 1411}, "train-loss": 0.006652315030805767, "train-acc": 0.9999999999999984}