{"test-loss": 4.365305185317993, "_step": 599, "_runtime": 24, "_timestamp": 1614117971, "test-acc": 0.5155, "graph_0": {"_type": "graph-file", "path": "media/graph/graph_0_summary_3c75c891.graph.json", "sha256": "3c75c89189a00fe8e7bf1a1dec00803deb06581ef0ababd27ea8a43c16f64fe1", "size": 1411}, "train-loss": 0.0002971640569739975, "train-acc": 0.9999999999999756}