{"test-loss": 7.504970073699951, "_step": 599, "_runtime": 25, "_timestamp": 1614110610, "test-acc": 0.5135, "graph_0": {"_type": "graph-file", "path": "media/graph/graph_0_summary_e6cba6b3.graph.json", "sha256": "e6cba6b3513ff667ca6a8a0086d06248276f13245e6aa160cefde5c088d483c4", "size": 1411}, "train-loss": 0.00039496651152148843, "train-acc": 0.9999999999999756}