{"test-loss": 493.290771484375, "_step": 599, "_runtime": 45, "_timestamp": 1613666135, "test-acc": 0.486, "graph_0": {"_type": "graph-file", "path": "media/graph/graph_0_summary_4d71f7db.graph.json", "sha256": "4d71f7db4551a7c504583f3d9bf0adfb87f0f2b0b2497df523a4ddfe3a9d8087", "size": 1411}, "train-loss": 12.305702143145027, "train-acc": 0.8880004882812447}