{"test-loss": 1.3862944841384888, "_step": 599, "_runtime": 426, "_timestamp": 1613976016, "test-acc": 0.505, "graph_0": {"_type": "graph-file", "path": "media/graph/graph_0_summary_9f742223.graph.json", "sha256": "9f7422232f10eb4bba2cc5f284cb17cacdcf313beda523b01402aeb1d0995d12", "size": 1411}, "train-loss": 0.6931470632553101, "train-acc": 0.4976043701171867}