{"test-loss": 0.013158788438886404, "_step": 599, "_runtime": 143, "_timestamp": 1614098928, "test-acc": 1.0, "graph_0": {"_type": "graph-file", "path": "media/graph/graph_0_summary_94cfd3ec.graph.json", "sha256": "94cfd3ec574e204ecd707f7d1c01946c8f580a30fb34bd08a8bd65d38f7dfe63", "size": 1411}, "train-loss": 0.0066020365338772535, "train-acc": 0.9999999999999984}