{"test-loss": 10.268587112426758, "_step": 599, "_runtime": 43, "_timestamp": 1613683299, "test-acc": 0.483, "graph_0": {"_type": "graph-file", "path": "media/graph/graph_0_summary_1ac2c170.graph.json", "sha256": "1ac2c170061f43aa3d44651c649d236f894ee204ee522a935dca361a9326dcb3", "size": 1411}, "train-loss": 0.00030044225331948837, "train-acc": 0.999999999999994}