{"test-loss": 1.3862944841384888, "_step": 599, "_runtime": 23, "_timestamp": 1614115804, "test-acc": 0.4945, "graph_0": {"_type": "graph-file", "path": "media/graph/graph_0_summary_ccdeda9e.graph.json", "sha256": "ccdeda9efe98b0b52386041e5a529ee670edd3f1ab545c2efce8d881a6116745", "size": 1411}, "train-loss": 0.6931471824645996, "train-acc": 0.4992675781249878}