{"test-loss": 12.871336460113525, "_step": 599, "_runtime": 42, "_timestamp": 1613676908, "test-acc": 0.517, "graph_0": {"_type": "graph-file", "path": "media/graph/graph_0_summary_35b5e556.graph.json", "sha256": "35b5e556c0365cdead6556484ba3eb8a2e77e97b02da8d15b2c6c6a84e68598f", "size": 1411}, "train-loss": 0.00041583511756471125, "train-acc": 0.999999999999994}