{"test-loss": 11.840955257415771, "_step": 599, "_runtime": 43, "_timestamp": 1613685604, "test-acc": 0.504, "graph_0": {"_type": "graph-file", "path": "media/graph/graph_0_summary_c9847070.graph.json", "sha256": "c984707020a211900a08a04bb915bd6ead71de69e157b757fbd151d246e25d88", "size": 1411}, "train-loss": 0.0003003141425352851, "train-acc": 0.999999999999994}