{"test-loss": 1.3862944841384888, "_step": 599, "_runtime": 38, "_timestamp": 1613629005, "test-acc": 0.5025, "graph_0": {"_type": "graph-file", "path": "media/graph/graph_0_summary_79e41d79.graph.json", "sha256": "79e41d79da718a0c5703d5ca4c817379f39cb653b1820f9603bfe571ffe1b7db", "size": 1411}, "train-loss": 0.6931473016738892, "train-acc": 0.504760742187497}