{"test-loss": 5.50477933883667, "_step": 599, "_runtime": 32, "_timestamp": 1614193578, "test-acc": 0.498, "graph_0": {"_type": "graph-file", "path": "media/graph/graph_0_summary_3b5cd644.graph.json", "sha256": "3b5cd64451ac8231c0cfa54328f16569650edefaaf11c3d1338192c77f54b911", "size": 1411}, "train-loss": 0.019333726726472378, "train-acc": 0.9999999999999756}