{"test-loss": 6.912243843078613, "_step": 599, "_runtime": 25, "_timestamp": 1614112124, "test-acc": 0.512, "graph_0": {"_type": "graph-file", "path": "media/graph/graph_0_summary_c80fd9ff.graph.json", "sha256": "c80fd9ff555ae467dfa80df48b033799f0104a6993fe3f089b5f7294dd655640", "size": 1411}, "train-loss": 0.0003486433779471554, "train-acc": 0.9999999999999756}