{"test-loss": 1.3862944841384888, "_step": 599, "_runtime": 123, "_timestamp": 1613791632, "test-acc": 0.505, "graph_0": {"_type": "graph-file", "path": "media/graph/graph_0_summary_16070640.graph.json", "sha256": "16070640675b6d846e56cae0c59fbf88865e86d9b03562538f494f710f9efcbb", "size": 1411}, "train-loss": 0.6931470632553101, "train-acc": 0.5025787353515617}