{"test-loss": 5.316890716552734, "_step": 599, "_runtime": 25, "_timestamp": 1614124152, "test-acc": 0.5135, "graph_0": {"_type": "graph-file", "path": "media/graph/graph_0_summary_faa96b26.graph.json", "sha256": "faa96b261f6b9489280be265bc7eda3e336e39f56760ad33db904db203cef734", "size": 1411}, "train-loss": 0.0003212795199942775, "train-acc": 0.9999999999999756}