{"test-loss": 1.3862944841384888, "_step": 599, "_runtime": 424, "_timestamp": 1613966717, "test-acc": 0.505, "graph_0": {"_type": "graph-file", "path": "media/graph/graph_0_summary_f6f9fcb2.graph.json", "sha256": "f6f9fcb2e3a39a3ff4050a1bcb6592ec4360b962391a1089e34487322ab12335", "size": 1411}, "train-loss": 0.6931470632553101, "train-acc": 0.5037689208984367}