{"test-loss": 0.01400765823200345, "_step": 599, "_runtime": 426, "_timestamp": 1614012625, "test-acc": 1.0, "graph_0": {"_type": "graph-file", "path": "media/graph/graph_0_summary_87e9c3c1.graph.json", "sha256": "87e9c3c13617b304a7c71df82abbb7525e800997b96385aaac84285a5b1b73b7", "size": 1411}, "train-loss": 0.0070585483917966485, "train-acc": 0.999984741210936}