{"test-loss": 1.3862944841384888, "_step": 599, "_runtime": 45, "_timestamp": 1613663571, "test-acc": 0.4975, "graph_0": {"_type": "graph-file", "path": "media/graph/graph_0_summary_5b9440e3.graph.json", "sha256": "5b9440e3cf230643fa85cdafc14e9705783f01b126ad7cbb474c92155b821345", "size": 1411}, "train-loss": 0.6931471824645996, "train-acc": 0.49536132812499706}