{"test-loss": 3.419602155685425, "_step": 599, "_runtime": 48, "_timestamp": 1613642081, "test-acc": 0.8125, "graph_0": {"_type": "graph-file", "path": "media/graph/graph_0_summary_8b960292.graph.json", "sha256": "8b96029241783d18d914dcc552a6e3b122029c458fad823b98a1f326d197109d", "size": 1411}, "train-loss": 0.5311982482671738, "train-acc": 0.8623046874999948}