{"test-loss": 382.2058563232422, "_step": 599, "_runtime": 43, "_timestamp": 1613682512, "test-acc": 0.491, "graph_0": {"_type": "graph-file", "path": "media/graph/graph_0_summary_d7169609.graph.json", "sha256": "d7169609c7150612c83f534d2639d640d28ea981ccbab3120bb8752f2049ea82", "size": 1411}, "train-loss": 0.11902018590613483, "train-acc": 0.9403076171874943}