{"test-loss": 5.263111114501953, "_step": 599, "_runtime": 28, "_timestamp": 1614123599, "test-acc": 0.525, "graph_0": {"_type": "graph-file", "path": "media/graph/graph_0_summary_995fa103.graph.json", "sha256": "995fa103fadddb3ce1ac36ab433ef18411b682f1fe9e983a4d11641c32f77ba1", "size": 1411}, "train-loss": 0.0003132261917926371, "train-acc": 0.9999999999999756}