{"test-loss": 26.32417583465576, "_step": 599, "_runtime": 37, "_timestamp": 1613638442, "test-acc": 0.51, "graph_0": {"_type": "graph-file", "path": "media/graph/graph_0_summary_b49c61f1.graph.json", "sha256": "b49c61f16c718a8588b51346e2a254a718cda5178924a67323d4abdf71a149f3", "size": 1411}, "train-loss": 1.2785743474960327, "train-acc": 0.8212890624999951}