{"test-loss": 10.658644676208496, "_step": 599, "_runtime": 43, "_timestamp": 1613680415, "test-acc": 0.496, "graph_0": {"_type": "graph-file", "path": "media/graph/graph_0_summary_8cb1e002.graph.json", "sha256": "8cb1e002c8c2f1c1cac02ad5170a1cfe5487bf9f03e0f6ea4e82da2a28c099fb", "size": 1411}, "train-loss": 0.0004013817350028148, "train-acc": 0.999999999999994}