{"test-loss": 6.866117238998413, "_step": 599, "_runtime": 23, "_timestamp": 1614113338, "test-acc": 0.491, "graph_0": {"_type": "graph-file", "path": "media/graph/graph_0_summary_d2eb45ad.graph.json", "sha256": "d2eb45ad8daae50735b45c836277ae09adc909850818f7e9aa355a82f278e71b", "size": 1411}, "train-loss": 0.00033156613062601537, "train-acc": 0.9999999999999756}