{"test-loss": 0.01415777113288641, "_step": 599, "_runtime": 143, "_timestamp": 1614097036, "test-acc": 1.0, "graph_0": {"_type": "graph-file", "path": "media/graph/graph_0_summary_d30b82ca.graph.json", "sha256": "d30b82ca7204249e77203c301cd8358f789a1efb95e3d6d32c668cd129a4179e", "size": 1411}, "train-loss": 0.006942307343706489, "train-acc": 0.9999999999999984}