{"test-loss": 18.885973930358887, "_step": 599, "_runtime": 45, "_timestamp": 1613664936, "test-acc": 0.494, "graph_0": {"_type": "graph-file", "path": "media/graph/graph_0_summary_f3cee2df.graph.json", "sha256": "f3cee2df1d15f2bf97aed46cb18b3200dbc3d5fc0385c97dff31c3bf62422dde", "size": 1411}, "train-loss": 0.0002739045879418256, "train-acc": 0.999999999999994}