{"test-loss": 11.592044830322266, "_step": 599, "_runtime": 37, "_timestamp": 1613652400, "test-acc": 0.5115, "graph_0": {"_type": "graph-file", "path": "media/graph/graph_0_summary_4a13b4fb.graph.json", "sha256": "4a13b4fb01e67e0cb6cee16a2a65ff3972b978884c6f034030cf23921b1bf9e2", "size": 1411}, "train-loss": 0.0774306133389473, "train-acc": 0.9603881835937442}