{"test-loss": 8.141128778457642, "_step": 599, "_runtime": 38, "_timestamp": 1613636045, "test-acc": 0.5675, "graph_0": {"_type": "graph-file", "path": "media/graph/graph_0_summary_3942fc3d.graph.json", "sha256": "3942fc3da524bdb6d63912243f74fe9ea6b7157800dd97f8f7755cbab0e4b445", "size": 1411}, "train-loss": 0.5640250146389008, "train-acc": 0.7933349609374952}