{"test-loss": 1.3862944841384888, "_step": 599, "_runtime": 121, "_timestamp": 1613751001, "test-acc": 0.505, "graph_0": {"_type": "graph-file", "path": "media/graph/graph_0_summary_d5b0aab4.graph.json", "sha256": "d5b0aab44689e4646ff4dc5650e74c295dc8b4a9288d2a9ae66a2910e3d57934", "size": 1411}, "train-loss": 0.6931470632553101, "train-acc": 0.5025787353515617}