{"test-loss": 6.434729337692261, "_step": 599, "_runtime": 26, "_timestamp": 1614118265, "test-acc": 0.4915, "graph_0": {"_type": "graph-file", "path": "media/graph/graph_0_summary_a853d7dd.graph.json", "sha256": "a853d7dd5276f07e8f4035165ddf19c831c84fb879414b36c113df0054311d39", "size": 1411}, "train-loss": 0.00038365703949239105, "train-acc": 0.9999999999999756}