{"test-loss": 0.009961231611669064, "_step": 599, "_runtime": 432, "_timestamp": 1613996759, "test-acc": 1.0, "graph_0": {"_type": "graph-file", "path": "media/graph/graph_0_summary_335da628.graph.json", "sha256": "335da6282133d1cc12687bfdfa3f1f3cf92fddf154302e254628a308b3f59552", "size": 1411}, "train-loss": 0.005903759505599737, "train-acc": 0.999252319335936}