{"test-loss": 13.213532447814941, "_step": 599, "_runtime": 45, "_timestamp": 1613671667, "test-acc": 0.4885, "graph_0": {"_type": "graph-file", "path": "media/graph/graph_0_summary_7874e08e.graph.json", "sha256": "7874e08e7538752e290ffdab16b698abd5cddc33d537c90f7b2b627428cf8e22", "size": 1411}, "train-loss": 0.0003145248292639735, "train-acc": 0.999999999999994}