{"test-loss": 1.3862944841384888, "_step": 599, "_runtime": 45, "_timestamp": 1613663190, "test-acc": 0.4975, "graph_0": {"_type": "graph-file", "path": "media/graph/graph_0_summary_5a465eb0.graph.json", "sha256": "5a465eb06142c9aa249edd7ac9cccd4920f7d2bbd719d780108cc7d4bca03cd0", "size": 1411}, "train-loss": 0.6931471824645996, "train-acc": 0.503479003906247}