{"test-loss": 4.940884590148926, "_step": 599, "_runtime": 25, "_timestamp": 1614125136, "test-acc": 0.5175, "graph_0": {"_type": "graph-file", "path": "media/graph/graph_0_summary_fe0be71e.graph.json", "sha256": "fe0be71e393adab5c55c4beb4365de532a51df1903a89ca0d0039b6cbc09ccf2", "size": 1411}, "train-loss": 0.0006121795158833265, "train-acc": 0.9999999999999756}