{"test-loss": 1.3862944841384888, "_step": 599, "_runtime": 123, "_timestamp": 1613756057, "test-acc": 0.505, "graph_0": {"_type": "graph-file", "path": "media/graph/graph_0_summary_5f876b02.graph.json", "sha256": "5f876b026fc71435e77b4893d1cbd685f1d56fded94d948050800ddb0aef5936", "size": 1411}, "train-loss": 0.6931470632553101, "train-acc": 0.5027618408203117}