{"test-loss": 1.3862944841384888, "_step": 599, "_runtime": 123, "_timestamp": 1613749268, "test-acc": 0.505, "graph_0": {"_type": "graph-file", "path": "media/graph/graph_0_summary_8d63ca18.graph.json", "sha256": "8d63ca184b68d8c48e7c15695d9d031a9d04d7779e9e849cb6a955fbe7c8effb", "size": 1411}, "train-loss": 0.6931470632553101, "train-acc": 0.5027618408203117}