{"test-loss": 6.480539798736572, "_step": 599, "_runtime": 25, "_timestamp": 1614109645, "test-acc": 0.503, "graph_0": {"_type": "graph-file", "path": "media/graph/graph_0_summary_f8e42ccf.graph.json", "sha256": "f8e42ccf226c6c34aecb8f5daabc1e13fb518589ea6802c8b9962ce1b3c158fb", "size": 1411}, "train-loss": 0.0004770313753397204, "train-acc": 0.9999999999999756}