{"test-loss": 7.3227715492248535, "_step": 599, "_runtime": 31, "_timestamp": 1614200482, "test-acc": 0.5135, "graph_0": {"_type": "graph-file", "path": "media/graph/graph_0_summary_4d3b6c62.graph.json", "sha256": "4d3b6c62015da9f72cb65dda3c592111698840dce7503da00ddd684b735227b1", "size": 1411}, "train-loss": 0.00557932339143008, "train-acc": 0.9999999999999756}