{"test-loss": 1.3862944841384888, "_step": 599, "_runtime": 123, "_timestamp": 1613785050, "test-acc": 0.505, "graph_0": {"_type": "graph-file", "path": "media/graph/graph_0_summary_083fde4c.graph.json", "sha256": "083fde4c99a3b972b87e6e91a69dcc566637aebc4e484b27175bef759dfcc4a0", "size": 1411}, "train-loss": 0.6931470632553101, "train-acc": 0.5010833740234367}