{"test-loss": 264.57347106933594, "_step": 599, "_runtime": 43, "_timestamp": 1613679057, "test-acc": 0.4805, "graph_0": {"_type": "graph-file", "path": "media/graph/graph_0_summary_af5cf84a.graph.json", "sha256": "af5cf84ae92599e2224cdbce6094168ea5c5324e20debdadfee0c75ab6f397c9", "size": 1411}, "train-loss": 0.39827672756655186, "train-acc": 0.9385986328124943}