{"test-loss": 0.018253526650369167, "_step": 599, "_runtime": 149, "_timestamp": 1614057808, "test-acc": 1.0, "graph_0": {"_type": "graph-file", "path": "media/graph/graph_0_summary_994bd538.graph.json", "sha256": "994bd5380e8b046ee504c64e029514ad33001d942e33ec8f4362a802a8d604e8", "size": 1411}, "train-loss": 0.009024261264130473, "train-acc": 0.9999694824218734}