{"test-loss": 1.3640767335891724, "_step": 599, "_runtime": 150, "_timestamp": 1614072702, "test-acc": 0.562, "graph_0": {"_type": "graph-file", "path": "media/graph/graph_0_summary_41bf26f9.graph.json", "sha256": "41bf26f95e8284fbd8b844aa2887691a3964733513514f9a489d020be6079be9", "size": 1411}, "train-loss": 0.6835133582353592, "train-acc": 0.5497436523437491}