{"test-loss": 1.3862944841384888, "_step": 599, "_runtime": 148, "_timestamp": 1614072038, "test-acc": 0.505, "graph_0": {"_type": "graph-file", "path": "media/graph/graph_0_summary_538f5403.graph.json", "sha256": "538f5403bcf730b512284e4f2ba484ef67791849ca4dc59f33a21c50901fe7f4", "size": 1411}, "train-loss": 0.6931470632553101, "train-acc": 0.5040740966796867}