{"test-loss": 5.870058298110962, "_step": 599, "_runtime": 31, "_timestamp": 1614202043, "test-acc": 0.509, "graph_0": {"_type": "graph-file", "path": "media/graph/graph_0_summary_ea580ea4.graph.json", "sha256": "ea580ea40eb239219419ea16f5baaf4b37cb3f962b141295a145f8ce56a80afb", "size": 1411}, "train-loss": 0.002768445643596351, "train-acc": 0.9999999999999756}