{"test-loss": 1.3862944841384888, "_step": 599, "_runtime": 47, "_timestamp": 1613661322, "test-acc": 0.4975, "graph_0": {"_type": "graph-file", "path": "media/graph/graph_0_summary_dd0bad46.graph.json", "sha256": "dd0bad4651c17af64ac581f36370da4713268c8422fe1f6649ada3a2b9565fe5", "size": 1411}, "train-loss": 0.6931471824645996, "train-acc": 0.497985839843747}