{"test-loss": 6.172064781188965, "_step": 599, "_runtime": 35, "_timestamp": 1614180711, "test-acc": 0.5065, "graph_0": {"_type": "graph-file", "path": "media/graph/graph_0_summary_7297228a.graph.json", "sha256": "7297228a5637478b5925f8262e698b08b7a7c46c6a6387ddddd9c1814bdf2a78", "size": 1411}, "train-loss": 0.0010079488856717944, "train-acc": 0.9999999999999756}