{"test-loss": 3.8557567596435547, "_step": 599, "_runtime": 31, "_timestamp": 1614198110, "test-acc": 0.521, "graph_0": {"_type": "graph-file", "path": "media/graph/graph_0_summary_97e3cea2.graph.json", "sha256": "97e3cea2095db1117ca17b29631642184b2d850e8836461c8fe8225ed36cd4ab", "size": 1411}, "train-loss": 0.0036126726190559566, "train-acc": 0.9999999999999756}