{"test-loss": 7.994906187057495, "_step": 599, "_runtime": 23, "_timestamp": 1614115178, "test-acc": 0.5135, "graph_0": {"_type": "graph-file", "path": "media/graph/graph_0_summary_f109f3da.graph.json", "sha256": "f109f3da1f8509d5d4831cb29a349e1b27b5dac56db03c72d66d33d93c22dcdb", "size": 1411}, "train-loss": 0.00035668176133185625, "train-acc": 0.9999999999999756}