{"test-loss": 5.004429340362549, "_step": 599, "_runtime": 42, "_timestamp": 1614179960, "test-acc": 0.515, "graph_0": {"_type": "graph-file", "path": "media/graph/graph_0_summary_b7823256.graph.json", "sha256": "b7823256c89ad54c9e10c1e0d131cd7fa197ea43662c316d2a12752e931697a6", "size": 1411}, "train-loss": 0.06486378237605095, "train-acc": 0.9999999999999756}