{"test-loss": 0.010030810255557299, "_step": 599, "_runtime": 123, "_timestamp": 1613774830, "test-acc": 1.0, "graph_0": {"_type": "graph-file", "path": "media/graph/graph_0_summary_b72a2f4d.graph.json", "sha256": "b72a2f4d3703ed8ad9fa794b15511163e4176b049b0e7a6c17933de5c43bc828", "size": 1411}, "train-loss": 0.005092596635222435, "train-acc": 0.999984741210936}