{"test-loss": 46.619890213012695, "_step": 599, "_runtime": 44, "_timestamp": 1613673029, "test-acc": 0.485, "graph_0": {"_type": "graph-file", "path": "media/graph/graph_0_summary_d565917d.graph.json", "sha256": "d565917d9cb6323689776baaeb5a52e5b9d06bb82f938a58f9ff70a11e7372b1", "size": 1411}, "train-loss": 0.00018272160650623093, "train-acc": 0.999999999999994}