{"test-loss": 13.1802978515625, "_step": 599, "_runtime": 43, "_timestamp": 1613687236, "test-acc": 0.4915, "graph_0": {"_type": "graph-file", "path": "media/graph/graph_0_summary_dbd9a496.graph.json", "sha256": "dbd9a496f3b80599a40fde23deaace74982d2ecd4a584262c9778717a62c1b3f", "size": 1411}, "train-loss": 0.00023766027877036855, "train-acc": 0.999999999999994}