{"test-loss": 1.366428256034851, "_step": 599, "_runtime": 124, "_timestamp": 1613788734, "test-acc": 0.58, "graph_0": {"_type": "graph-file", "path": "media/graph/graph_0_summary_7dd93457.graph.json", "sha256": "7dd934576e89ff9d47b24bbfbe76c17e53db331c1b126e9d469811cdef02abc3", "size": 1411}, "train-loss": 0.6848312318325043, "train-acc": 0.5685577392578116}