{"test-loss": 1.3862944841384888, "_step": 599, "_runtime": 32, "_timestamp": 1614189529, "test-acc": 0.4945, "graph_0": {"_type": "graph-file", "path": "media/graph/graph_0_summary_035670c2.graph.json", "sha256": "035670c2c07f5cbb4a5ed431b37a8eb1387744270c1fb49a15a29eed5f61e4a9", "size": 1411}, "train-loss": 0.6931471824645996, "train-acc": 0.4992675781249878}