{"test-loss": 15.26902151107788, "_step": 599, "_runtime": 46, "_timestamp": 1613672213, "test-acc": 0.492, "graph_0": {"_type": "graph-file", "path": "media/graph/graph_0_summary_db8b46e2.graph.json", "sha256": "db8b46e22cd517ecc128ae93e6ac00e3774be18ff9b2a6b646cd3d50b01a1eb8", "size": 1411}, "train-loss": 0.00039473895390074176, "train-acc": 0.999999999999994}