{"test-loss": 5.872631549835205, "_step": 599, "_runtime": 32, "_timestamp": 1614188253, "test-acc": 0.509, "graph_0": {"_type": "graph-file", "path": "media/graph/graph_0_summary_e369c8fa.graph.json", "sha256": "e369c8fa2322b0f6a502d00ac3692b735ea0f8e1c73fc03cc4a4275faa51c481", "size": 1411}, "train-loss": 0.0027707546832971275, "train-acc": 0.9999999999999756}