{"test-loss": 1.3862944841384888, "_step": 599, "_runtime": 38, "_timestamp": 1613630043, "test-acc": 0.5025, "graph_0": {"_type": "graph-file", "path": "media/graph/graph_0_summary_89188ea7.graph.json", "sha256": "89188ea7c2deeaafc0a068d047a3901b9424d6f9213ec5a4a9c2cd6948048786", "size": 1411}, "train-loss": 0.6931473016738892, "train-acc": 0.498229980468747}