{"test-loss": 3.0841559171676636, "_step": 599, "_runtime": 37, "_timestamp": 1613649254, "test-acc": 0.567, "graph_0": {"_type": "graph-file", "path": "media/graph/graph_0_summary_6c4e2851.graph.json", "sha256": "6c4e28518a265f0d5000526a422b067671757af91c6d01ce571d6ebaa6e8b521", "size": 1411}, "train-loss": 0.5062333643436432, "train-acc": 0.7961425781249952}