{"test-loss": 1.3862944841384888, "_step": 599, "_runtime": 123, "_timestamp": 1613783860, "test-acc": 0.495, "graph_0": {"_type": "graph-file", "path": "media/graph/graph_0_summary_52164a02.graph.json", "sha256": "52164a02a60b16a58bbe0518a570d36eb0ba26fc2629f531f03c0eae62a217a9", "size": 1411}, "train-loss": 0.6931470632553101, "train-acc": 0.4985961914062492}