{"test-loss": 5.516367435455322, "_step": 599, "_runtime": 25, "_timestamp": 1614123520, "test-acc": 0.492, "graph_0": {"_type": "graph-file", "path": "media/graph/graph_0_summary_01932446.graph.json", "sha256": "01932446b571729ed84d57a39623adc56d20541f967ec60e113a0d75ed9ef8aa", "size": 1411}, "train-loss": 0.00035484063118929043, "train-acc": 0.9999999999999756}