{"test-loss": 1.3862944841384888, "_step": 599, "_runtime": 32, "_timestamp": 1614191136, "test-acc": 0.4945, "graph_0": {"_type": "graph-file", "path": "media/graph/graph_0_summary_adf9d894.graph.json", "sha256": "adf9d894236c22d798be56140e185c294178e325e6009df66f2b20210dbec916", "size": 1411}, "train-loss": 0.6931471824645996, "train-acc": 0.49853515624998784}