{"test-loss": 5.687119722366333, "_step": 599, "_runtime": 27, "_timestamp": 1614124898, "test-acc": 0.4975, "graph_0": {"_type": "graph-file", "path": "media/graph/graph_0_summary_f3f5a7a6.graph.json", "sha256": "f3f5a7a67817e8da7dc3b16b878df960287a5be5321ea682f39587e533d26cea", "size": 1411}, "train-loss": 0.0003246778724133037, "train-acc": 0.9999999999999756}