{"test-loss": 1.3862944841384888, "_step": 599, "_runtime": 123, "_timestamp": 1613782145, "test-acc": 0.505, "graph_0": {"_type": "graph-file", "path": "media/graph/graph_0_summary_ff017579.graph.json", "sha256": "ff0175790fdc7d46782c5290147b797c6aff5a504d4641695a303fea4dcbf9c2", "size": 1411}, "train-loss": 0.6931470632553101, "train-acc": 0.5034332275390617}