{"test-loss": 5.769010066986084, "_step": 599, "_runtime": 27, "_timestamp": 1614126439, "test-acc": 0.498, "graph_0": {"_type": "graph-file", "path": "media/graph/graph_0_summary_d00b62e1.graph.json", "sha256": "d00b62e10e17875788a54b4c6e118da6d0d7001b4d72ed93e0152ce978e6794f", "size": 1411}, "train-loss": 0.000353225514118094, "train-acc": 0.9999999999999756}