{"test-loss": 4.219456672668457, "_step": 599, "_runtime": 32, "_timestamp": 1614183114, "test-acc": 0.5295, "graph_0": {"_type": "graph-file", "path": "media/graph/graph_0_summary_fc70cbfd.graph.json", "sha256": "fc70cbfdaab5c5a6d298cfec02565ef3ac5de83df4c25da303fb0a1bb89ede73", "size": 1411}, "train-loss": 0.001785570930223912, "train-acc": 0.9999999999999756}