{"test-loss": 1.3862944841384888, "_step": 599, "_runtime": 122, "_timestamp": 1613751267, "test-acc": 0.505, "graph_0": {"_type": "graph-file", "path": "media/graph/graph_0_summary_2bea312f.graph.json", "sha256": "2bea312fc46d6fd515040012f680c0fe1de41f7c55e12746166b9a64f95e9908", "size": 1411}, "train-loss": 0.6931470632553101, "train-acc": 0.4978027343749992}