{"test-loss": 5.114471912384033, "_step": 599, "_runtime": 32, "_timestamp": 1614198066, "test-acc": 0.49, "graph_0": {"_type": "graph-file", "path": "media/graph/graph_0_summary_066334b8.graph.json", "sha256": "066334b87cfee6530cde8d084976cca34e547c757d88a7d2df847d4a58ea51e6", "size": 1411}, "train-loss": 0.004371199640445411, "train-acc": 0.9999999999999756}