{"test-loss": 0.007542905863374472, "_step": 599, "_runtime": 123, "_timestamp": 1613776848, "test-acc": 1.0, "graph_0": {"_type": "graph-file", "path": "media/graph/graph_0_summary_60aff71e.graph.json", "sha256": "60aff71ec9783ddabad8349794f132184dd97c2044e949ea1cbca9b830ff2f0f", "size": 1411}, "train-loss": 0.00380969257093966, "train-acc": 0.9999999999999984}