{"test-loss": 14.092840194702148, "_step": 599, "_runtime": 38, "_timestamp": 1613634446, "test-acc": 0.6705, "graph_0": {"_type": "graph-file", "path": "media/graph/graph_0_summary_35ee585c.graph.json", "sha256": "35ee585cbad66b0d1f446988b5f8fc60852a08923c17c18009b3c3c24d240577", "size": 1411}, "train-loss": 0.8105996251106262, "train-acc": 0.8907470703124947}