{"test-loss": 1.3862944841384888, "_step": 599, "_runtime": 24, "_timestamp": 1614116236, "test-acc": 0.4945, "graph_0": {"_type": "graph-file", "path": "media/graph/graph_0_summary_a971dfef.graph.json", "sha256": "a971dfef11244e2b0e24aec1f6e172d360a0cc40dff1c8b064be01fa359b1fd5", "size": 1411}, "train-loss": 0.6931471824645996, "train-acc": 0.491943359374988}