{"test-loss": 1.3862944841384888, "_step": 599, "_runtime": 122, "_timestamp": 1613790840, "test-acc": 0.505, "graph_0": {"_type": "graph-file", "path": "media/graph/graph_0_summary_558a5571.graph.json", "sha256": "558a55716c40b89ed5c7d1ef3ce417260539be12e53a6b08399ceb91c7fbdbc1", "size": 1411}, "train-loss": 0.6931470632553101, "train-acc": 0.5004272460937492}