{"test-loss": 8.386996269226074, "_step": 599, "_runtime": 37, "_timestamp": 1613639154, "test-acc": 0.506, "graph_0": {"_type": "graph-file", "path": "media/graph/graph_0_summary_ee2ccd91.graph.json", "sha256": "ee2ccd917a520627e5532db5f821885c0bcc65492c6bbd4b610ba1acd3c52348", "size": 1411}, "train-loss": 0.5838965326547623, "train-acc": 0.7661132812499954}