{"test-loss": 1.3862944841384888, "_step": 599, "_runtime": 123, "_timestamp": 1613748999, "test-acc": 0.505, "graph_0": {"_type": "graph-file", "path": "media/graph/graph_0_summary_f69e7d31.graph.json", "sha256": "f69e7d31f7ce2492031791839ee4569e840ca3643db8e28f3f4e8ebfc270b64d", "size": 1411}, "train-loss": 0.6931470632553101, "train-acc": 0.5031280517578117}