{"test-loss": 0.013979339972138405, "_step": 599, "_runtime": 147, "_timestamp": 1614090085, "test-acc": 1.0, "graph_0": {"_type": "graph-file", "path": "media/graph/graph_0_summary_316cf596.graph.json", "sha256": "316cf596bd3ce9c3abe97b91436598c35b91489f65610b43dc3519373b71a6f0", "size": 1411}, "train-loss": 0.007250747177749872, "train-acc": 0.9999999999999984}