{"test-loss": 0.12651066109538078, "_step": 599, "_runtime": 38, "_timestamp": 1613646603, "test-acc": 0.9845, "graph_0": {"_type": "graph-file", "path": "media/graph/graph_0_summary_72575c0b.graph.json", "sha256": "72575c0ba9267693144b74b2d2edf17ba3feddf663552187fca8cce2845ea568", "size": 1411}, "train-loss": 0.009342161123640835, "train-acc": 0.997009277343744}