{"test-loss": 0.013084099628031254, "_step": 599, "_runtime": 148, "_timestamp": 1614088598, "test-acc": 1.0, "graph_0": {"_type": "graph-file", "path": "media/graph/graph_0_summary_bb0571ea.graph.json", "sha256": "bb0571eaef8cc27136a07c9e62292cbea52fa0300de1cbcc8db0c72a39175420", "size": 1411}, "train-loss": 0.00619822449516505, "train-acc": 0.999984741210936}