{"test-loss": 1.3862944841384888, "_step": 599, "_runtime": 125, "_timestamp": 1613748067, "test-acc": 0.505, "graph_0": {"_type": "graph-file", "path": "media/graph/graph_0_summary_b78c8ed9.graph.json", "sha256": "b78c8ed92b0e143a3c5543142c0d143e42ed119b23688cae78fe5a5a7caa53d2", "size": 1411}, "train-loss": 0.6931470632553101, "train-acc": 0.4995880126953117}