{"test-loss": 1.2476561665534973, "_step": 599, "_runtime": 124, "_timestamp": 1613770539, "test-acc": 0.627, "graph_0": {"_type": "graph-file", "path": "media/graph/graph_0_summary_c3924d2d.graph.json", "sha256": "c3924d2d9048d473a180067bcf554d3cd4324bde08c4baf48f2c1d2271c032a0", "size": 1411}, "train-loss": 0.6337491124868393, "train-acc": 0.6016998291015616}