{"test-loss": 1.3862944841384888, "_step": 599, "_runtime": 36, "_timestamp": 1614190219, "test-acc": 0.4945, "graph_0": {"_type": "graph-file", "path": "media/graph/graph_0_summary_4e9bc7a3.graph.json", "sha256": "4e9bc7a3295126f3c3869126734a4e7a8b585669a049657faf1ee764308c0307", "size": 1411}, "train-loss": 0.6931471824645996, "train-acc": 0.49291992187498795}