{"test-loss": 5.769010066986084, "_step": 599, "_runtime": 25, "_timestamp": 1614122559, "test-acc": 0.498, "graph_0": {"_type": "graph-file", "path": "media/graph/graph_0_summary_86a9d58a.graph.json", "sha256": "86a9d58a880d09205d6812dd42ae1cf9dd57caccff36fe916ddf762c2e34a3b4", "size": 1411}, "train-loss": 0.000353225514118094, "train-acc": 0.9999999999999756}