{"test-loss": 1.3862944841384888, "_step": 599, "_runtime": 123, "_timestamp": 1613751535, "test-acc": 0.505, "graph_0": {"_type": "graph-file", "path": "media/graph/graph_0_summary_998d7807.graph.json", "sha256": "998d7807085a3c759c2282d48a6ce79a39dda8be135f675ea912515947c1a320", "size": 1411}, "train-loss": 0.6931470632553101, "train-acc": 0.4984436035156242}