{"test-loss": 31.575181007385254, "_step": 599, "_runtime": 43, "_timestamp": 1613681933, "test-acc": 0.5105, "graph_0": {"_type": "graph-file", "path": "media/graph/graph_0_summary_33787c85.graph.json", "sha256": "33787c85ae15a585ec59d816f7c14ab0a5dd30c9a8ea10d1d9c07c3d2ba3f8d6", "size": 1411}, "train-loss": 0.00018585436824025692, "train-acc": 0.999999999999994}