{"test-loss": 1.3862944841384888, "_step": 599, "_runtime": 123, "_timestamp": 1613784651, "test-acc": 0.505, "graph_0": {"_type": "graph-file", "path": "media/graph/graph_0_summary_3bda9590.graph.json", "sha256": "3bda95900a1f4fdd46335f8b41de5e478e7db3f638a0d9b60c9e7168300ce60a", "size": 1411}, "train-loss": 0.6931470632553101, "train-acc": 0.5005950927734367}