{"test-loss": 1.3862944841384888, "_step": 599, "_runtime": 124, "_timestamp": 1613755263, "test-acc": 0.505, "graph_0": {"_type": "graph-file", "path": "media/graph/graph_0_summary_f515adab.graph.json", "sha256": "f515adab9205de076ff1c44e3345afbef5b776b991f542f3a9592a563272f188", "size": 1411}, "train-loss": 0.6931470632553101, "train-acc": 0.5040740966796867}