{"test-loss": 4.365305185317993, "_step": 599, "_runtime": 27, "_timestamp": 1614123559, "test-acc": 0.5155, "graph_0": {"_type": "graph-file", "path": "media/graph/graph_0_summary_1d020b76.graph.json", "sha256": "1d020b76bfaa2ab13a3663d5ffe004c5b8ca3eb7cfc15ee566467a0b4418dcf0", "size": 1411}, "train-loss": 0.0002971640569739975, "train-acc": 0.9999999999999756}