{"test-loss": 382.2058563232422, "_step": 599, "_runtime": 43, "_timestamp": 1613685184, "test-acc": 0.491, "graph_0": {"_type": "graph-file", "path": "media/graph/graph_0_summary_5bfb379c.graph.json", "sha256": "5bfb379c983d52f131d2ab34ca37795ab5d1f3398e9e218eb53b3b44510adb80", "size": 1411}, "train-loss": 0.11902018590613483, "train-acc": 0.9403076171874943}