{"test-loss": 1.3862944841384888, "_step": 599, "_runtime": 429, "_timestamp": 1613978221, "test-acc": 0.495, "graph_0": {"_type": "graph-file", "path": "media/graph/graph_0_summary_5f3789b3.graph.json", "sha256": "5f3789b32d446a23589d895db9a953dc1d57f9d69bf47721b10a4addd8d8486e", "size": 1411}, "train-loss": 0.6931470632553101, "train-acc": 0.4999999999999992}