{"test-loss": 0.01012420142069459, "_step": 599, "_runtime": 434, "_timestamp": 1614014843, "test-acc": 1.0, "graph_0": {"_type": "graph-file", "path": "media/graph/graph_0_summary_d014b8d9.graph.json", "sha256": "d014b8d982ba7e06cf92be758cb74bc9d46446e641d8d181d1430f57fb7a0111", "size": 1411}, "train-loss": 0.005395610583946109, "train-acc": 0.999984741210936}