{"test-loss": 1.3862944841384888, "_step": 599, "_runtime": 44, "_timestamp": 1613663679, "test-acc": 0.4975, "graph_0": {"_type": "graph-file", "path": "media/graph/graph_0_summary_96f05497.graph.json", "sha256": "96f05497ab7d6ac6a49bc3e944c7003bcba3e037f142d9eb41f116d56d250d47", "size": 1411}, "train-loss": 0.6931471824645996, "train-acc": 0.498840332031247}