{"test-loss": 5.822199583053589, "_step": 599, "_runtime": 24, "_timestamp": 1614120465, "test-acc": 0.5095, "graph_0": {"_type": "graph-file", "path": "media/graph/graph_0_summary_0f074021.graph.json", "sha256": "0f074021011874da529bd45d2c6d46eb8282b905ca92ff9fc0925e4a79573ba6", "size": 1411}, "train-loss": 0.00032517837826162577, "train-acc": 0.9999999999999756}