{"test-loss": 0.01666193548589945, "_step": 599, "_runtime": 424, "_timestamp": 1614001606, "test-acc": 1.0, "graph_0": {"_type": "graph-file", "path": "media/graph/graph_0_summary_3801dde9.graph.json", "sha256": "3801dde9c9cfc56fc0eb31d8a6dc9061d8cd11793a529d5c420a708317285631", "size": 1411}, "train-loss": 0.007970494101755321, "train-acc": 0.9999999999999984}