{"test-loss": 0.00942850997671485, "_step": 599, "_runtime": 124, "_timestamp": 1613797212, "test-acc": 1.0, "graph_0": {"_type": "graph-file", "path": "media/graph/graph_0_summary_c0f683d7.graph.json", "sha256": "c0f683d70c96e4e11baccded008aef5baee141b100b784c9d5da56dc20083e58", "size": 1411}, "train-loss": 0.005205270601436496, "train-acc": 0.999984741210936}