{"test-loss": 1.3862944841384888, "_step": 599, "_runtime": 38, "_timestamp": 1613629949, "test-acc": 0.5025, "graph_0": {"_type": "graph-file", "path": "media/graph/graph_0_summary_71b3110d.graph.json", "sha256": "71b3110d65a206302822aacb69c55db1e4db07011ffee7d56200638965975cad", "size": 1411}, "train-loss": 0.6931473016738892, "train-acc": 0.495849609374997}