{"test-loss": 12.019083499908447, "_step": 599, "_runtime": 45, "_timestamp": 1613674922, "test-acc": 0.502, "graph_0": {"_type": "graph-file", "path": "media/graph/graph_0_summary_89359e2f.graph.json", "sha256": "89359e2f350efbe10c6eafe7454281f5713f304308f79f6bc0da97a0f071c6af", "size": 1411}, "train-loss": 0.00027475949286692725, "train-acc": 0.999999999999994}