{"test-loss": 1.0491168797016144, "_step": 599, "_runtime": 38, "_timestamp": 1613630894, "test-acc": 0.923, "graph_0": {"_type": "graph-file", "path": "media/graph/graph_0_summary_74377ec3.graph.json", "sha256": "74377ec31a88359b381157636da1ee0935271c0b3033327b3f1d73ee55af42d5", "size": 1411}, "train-loss": 0.08408394642174244, "train-acc": 0.9723510742187441}