{"test-loss": 8.468088150024414, "_step": 599, "_runtime": 32, "_timestamp": 1614193037, "test-acc": 0.4825, "graph_0": {"_type": "graph-file", "path": "media/graph/graph_0_summary_76476e72.graph.json", "sha256": "76476e72c1b96e7fef63b8eaeaa1c838377928910550638bdf50c536f5824eb6", "size": 1411}, "train-loss": 0.002522533235605806, "train-acc": 0.9999999999999756}