{"test-loss": 8.519876956939697, "_step": 599, "_runtime": 25, "_timestamp": 1614122304, "test-acc": 0.4905, "graph_0": {"_type": "graph-file", "path": "media/graph/graph_0_summary_0b913a94.graph.json", "sha256": "0b913a94fdceaf26d491a6d5e5b2e38c22229b0f00537f7dc28474501d56715a", "size": 1411}, "train-loss": 0.0003532950140652247, "train-acc": 0.9999999999999756}