{"test-loss": 10.725075721740723, "_step": 599, "_runtime": 46, "_timestamp": 1613669039, "test-acc": 0.495, "graph_0": {"_type": "graph-file", "path": "media/graph/graph_0_summary_374ff3f2.graph.json", "sha256": "374ff3f215088c0da0e668eccd32aea5e1977abaf7a32fcdf367bbe59aacba72", "size": 1411}, "train-loss": 0.0003589928395371089, "train-acc": 0.999999999999994}