{"test-loss": 4.442316293716431, "_step": 599, "_runtime": 31, "_timestamp": 1614195297, "test-acc": 0.5195, "graph_0": {"_type": "graph-file", "path": "media/graph/graph_0_summary_bda5789b.graph.json", "sha256": "bda5789be082baced6535269236e08cf2792151212e9ae0bb5b870fc7327f023", "size": 1411}, "train-loss": 0.0012441632570698857, "train-acc": 0.9999999999999756}