{"test-loss": 1.3862944841384888, "_step": 599, "_runtime": 124, "_timestamp": 1613752467, "test-acc": 0.505, "graph_0": {"_type": "graph-file", "path": "media/graph/graph_0_summary_6a8c3c42.graph.json", "sha256": "6a8c3c42853ec3d581584f0e36f8b76a1430b308cb255d9a8e831c8ed2e4c317", "size": 1411}, "train-loss": 0.6931470632553101, "train-acc": 0.4990386962890617}