{"test-loss": 6.356868743896484, "_step": 599, "_runtime": 31, "_timestamp": 1614200611, "test-acc": 0.5135, "graph_0": {"_type": "graph-file", "path": "media/graph/graph_0_summary_a91100a8.graph.json", "sha256": "a91100a8456f63ae6948d86218217df702dd81bd5b33c0ce767919876d525a24", "size": 1411}, "train-loss": 0.0014862357056699693, "train-acc": 0.9999999999999756}