{"test-loss": 0.008535797707736492, "_step": 599, "_runtime": 123, "_timestamp": 1613764439, "test-acc": 1.0, "graph_0": {"_type": "graph-file", "path": "media/graph/graph_0_summary_f89fc2eb.graph.json", "sha256": "f89fc2ebff0f71ba74560fe5a05c01064ff5c00e9d6dc0fb886a14daced9a189", "size": 1411}, "train-loss": 0.00398490612860769, "train-acc": 0.999984741210936}