{"test-loss": 5.781840085983276, "_step": 599, "_runtime": 25, "_timestamp": 1614119609, "test-acc": 0.514, "graph_0": {"_type": "graph-file", "path": "media/graph/graph_0_summary_12fd0775.graph.json", "sha256": "12fd07752f67fe1a2693f6bdafc6eac50da60b46350a1c8d097eae6ed7d6f43f", "size": 1411}, "train-loss": 0.0002852554898709059, "train-acc": 0.9999999999999756}