{"test-loss": 11.116077899932861, "_step": 599, "_runtime": 37, "_timestamp": 1613639622, "test-acc": 0.512, "graph_0": {"_type": "graph-file", "path": "media/graph/graph_0_summary_4d602cec.graph.json", "sha256": "4d602cec7cea86331aa877cc71a37db6c3bd9200a1356005e510ded173182999", "size": 1411}, "train-loss": 0.690162718296051, "train-acc": 0.8204345703124951}