{"test-loss": 0.01100775832310319, "_step": 599, "_runtime": 124, "_timestamp": 1613767472, "test-acc": 1.0, "graph_0": {"_type": "graph-file", "path": "media/graph/graph_0_summary_543acf39.graph.json", "sha256": "543acf39c15e83c0909b810a06f9a367419c6b468436d05266d4a04abf1a55e9", "size": 1411}, "train-loss": 0.005547738866880536, "train-acc": 0.9999389648437484}