{"test-loss": 7.921151638031006, "_step": 599, "_runtime": 23, "_timestamp": 1614113781, "test-acc": 0.4995, "graph_0": {"_type": "graph-file", "path": "media/graph/graph_0_summary_0bf83a55.graph.json", "sha256": "0bf83a5530fb98ae58a5c2517891a965efbc5766364e15e4bc8e0662cd81b266", "size": 1411}, "train-loss": 0.00043389472557464615, "train-acc": 0.9999999999999756}