{"test-loss": 24.783504486083984, "_step": 599, "_runtime": 37, "_timestamp": 1613639296, "test-acc": 0.4995, "graph_0": {"_type": "graph-file", "path": "media/graph/graph_0_summary_51f34d0c.graph.json", "sha256": "51f34d0c78911a12a7e84ab807011c8ec6f4b7365c808e958a7698ebd34792a2", "size": 1411}, "train-loss": 0.6599970608949661, "train-acc": 0.8980102539062447}