{"test-loss": 10.449179649353027, "_step": 599, "_runtime": 38, "_timestamp": 1613639389, "test-acc": 0.5085, "graph_0": {"_type": "graph-file", "path": "media/graph/graph_0_summary_db425a3c.graph.json", "sha256": "db425a3c48d0e1e196a3d568adc70f6798173f3b541b17f9d65c701459916ed0", "size": 1411}, "train-loss": 0.38144198805093765, "train-acc": 0.9022216796874946}