{"test-loss": 10.104705810546875, "_step": 599, "_runtime": 48, "_timestamp": 1613668056, "test-acc": 0.499, "graph_0": {"_type": "graph-file", "path": "media/graph/graph_0_summary_3d6d229a.graph.json", "sha256": "3d6d229a1673ae2007160284d630e7aef94e32eb41139f4104d288a78f8e1da3", "size": 1411}, "train-loss": 0.0004122250388718385, "train-acc": 0.999999999999994}