{"test-loss": 31.575181007385254, "_step": 599, "_runtime": 44, "_timestamp": 1613687289, "test-acc": 0.5105, "graph_0": {"_type": "graph-file", "path": "media/graph/graph_0_summary_da3164f1.graph.json", "sha256": "da3164f171224b8f58b0b89e8efe69bcac3a9be16483cb7e8d1600f00c334b82", "size": 1411}, "train-loss": 0.00018585436824025692, "train-acc": 0.999999999999994}