{"test-loss": 10.663625240325928, "_step": 599, "_runtime": 25, "_timestamp": 1614110682, "test-acc": 0.509, "graph_0": {"_type": "graph-file", "path": "media/graph/graph_0_summary_8a255a5d.graph.json", "sha256": "8a255a5def5841a96d95d5fc7d5b798198c151384b32d3f5914b63181d2ab3bc", "size": 1411}, "train-loss": 0.00048362508096033707, "train-acc": 0.9999999999999756}