{"test-loss": 4.758034944534302, "_step": 599, "_runtime": 24, "_timestamp": 1614113147, "test-acc": 0.508, "graph_0": {"_type": "graph-file", "path": "media/graph/graph_0_summary_50fbcc62.graph.json", "sha256": "50fbcc62939556fe6845cce5bf13f690bb4b84d13721259bc0aa8165ad0f5316", "size": 1411}, "train-loss": 0.0003060497547267005, "train-acc": 0.9999999999999756}