{"test-loss": 10.850990295410156, "_step": 599, "_runtime": 46, "_timestamp": 1613668383, "test-acc": 0.4975, "graph_0": {"_type": "graph-file", "path": "media/graph/graph_0_summary_9b3b91fc.graph.json", "sha256": "9b3b91fc0cba3ce7e529d04d8e96a0813628cf1f2c84a29a6130dcb199983969", "size": 1411}, "train-loss": 0.00031693804521637503, "train-acc": 0.999999999999994}