{"test-loss": 7.545679569244385, "_step": 599, "_runtime": 38, "_timestamp": 1613651469, "test-acc": 0.71, "graph_0": {"_type": "graph-file", "path": "media/graph/graph_0_summary_9b982940.graph.json", "sha256": "9b982940109fcc3a9dba8e78543dc093a2df9d423f260e85a8c4a9a29e6d4380", "size": 1411}, "train-loss": 0.19492262601852417, "train-acc": 0.9343872070312444}