{"test-loss": 0.01687594596296549, "_step": 599, "_runtime": 147, "_timestamp": 1614087774, "test-acc": 1.0, "graph_0": {"_type": "graph-file", "path": "media/graph/graph_0_summary_8fb67e17.graph.json", "sha256": "8fb67e174d186f8fe3e6e0e1033dbc30054ad0a00151255c134f3c13c0bf4a08", "size": 1411}, "train-loss": 0.008840905036777258, "train-acc": 0.999984741210936}