{"test-loss": 0.8584279417991638, "_step": 599, "_runtime": 32, "_timestamp": 1613624141, "test-acc": 0.785, "graph_0": {"_type": "graph-file", "path": "media/graph/graph_0_summary_c9a36186.graph.json", "sha256": "c9a361860152c1d038a5fa28609dbe16f0e92ae7deccaa8a837219465aeef6d9", "size": 1411}, "train-loss": 0.3144824877381325, "train-acc": 0.8933105468749947}