{"test-loss": 1.3862944841384888, "_step": 599, "_runtime": 24, "_timestamp": 1614116136, "test-acc": 0.4945, "graph_0": {"_type": "graph-file", "path": "media/graph/graph_0_summary_c213a065.graph.json", "sha256": "c213a0655057b328b1a8e0e088d618ac9a68733e1151cd7f0a9caccddd9ac7a0", "size": 1411}, "train-loss": 0.6931471824645996, "train-acc": 0.4992675781249878}