{"test-loss": 1.3862944841384888, "_step": 599, "_runtime": 122, "_timestamp": 1613784253, "test-acc": 0.505, "graph_0": {"_type": "graph-file", "path": "media/graph/graph_0_summary_f143d6eb.graph.json", "sha256": "f143d6eb9ae3e66e0597b8cba55d69cf89a3da45ec5a988f668409aaa6370775", "size": 1411}, "train-loss": 0.6931470632553101, "train-acc": 0.4949645996093742}