{"test-loss": 7.817420244216919, "_step": 599, "_runtime": 23, "_timestamp": 1614115145, "test-acc": 0.494, "graph_0": {"_type": "graph-file", "path": "media/graph/graph_0_summary_d189346c.graph.json", "sha256": "d189346c243d408b71906fa7f6b85146224d2f900b8dbb258aebf283bfc1a180", "size": 1411}, "train-loss": 0.000356102864316199, "train-acc": 0.9999999999999756}