{"test-loss": 1.3862944841384888, "_step": 599, "_runtime": 124, "_timestamp": 1613788470, "test-acc": 0.505, "graph_0": {"_type": "graph-file", "path": "media/graph/graph_0_summary_8a1fda04.graph.json", "sha256": "8a1fda048945e17619c64011548db19bcbb0379eb60238bbc6119ed1310d3d19", "size": 1411}, "train-loss": 0.6931470632553101, "train-acc": 0.5037689208984367}