{"test-loss": 3.9622159004211426, "_step": 599, "_runtime": 37, "_timestamp": 1613642908, "test-acc": 0.641, "graph_0": {"_type": "graph-file", "path": "media/graph/graph_0_summary_933e0bcd.graph.json", "sha256": "933e0bcd3f949f8c470f4238bb2a439ab4dbdab2576c0f21b7184240a2838989", "size": 1411}, "train-loss": 0.5471663028001785, "train-acc": 0.8547973632812449}