{"test-loss": 22.054889678955078, "_step": 599, "_runtime": 37, "_timestamp": 1613651883, "test-acc": 0.505, "graph_0": {"_type": "graph-file", "path": "media/graph/graph_0_summary_822a0698.graph.json", "sha256": "822a0698c1e33778fda9bcf6a275af5d4872c93b69c8155412f669107e266310", "size": 1411}, "train-loss": 0.8550419211387634, "train-acc": 0.8059692382812451}