{"test-loss": 1.3862944841384888, "_step": 599, "_runtime": 124, "_timestamp": 1613748599, "test-acc": 0.505, "graph_0": {"_type": "graph-file", "path": "media/graph/graph_0_summary_64bf10d4.graph.json", "sha256": "64bf10d4a4e624b3a0bb0b904660dbc608c06e6da074667044dff98e66d42581", "size": 1411}, "train-loss": 0.6931470632553101, "train-acc": 0.5025634765624992}