{"test-loss": 0.009619662538170815, "_step": 599, "_runtime": 36, "_timestamp": 1613646324, "test-acc": 1.0, "graph_0": {"_type": "graph-file", "path": "media/graph/graph_0_summary_f5acc1e1.graph.json", "sha256": "f5acc1e1fd7aa0c7346d4d72aa029fc2ca9a0ad599825b6678ef7baab0246d06", "size": 1411}, "train-loss": 0.007538534118793905, "train-acc": 0.999999999999994}