{"test-loss": 10.384231567382812, "_step": 599, "_runtime": 24, "_timestamp": 1614108852, "test-acc": 0.506, "graph_0": {"_type": "graph-file", "path": "media/graph/graph_0_summary_0f357acb.graph.json", "sha256": "0f357acbcf5bc533c8dbeca3a89d4f5c836d85661fd6327f766f31b129d511b2", "size": 1411}, "train-loss": 0.00046953615674283355, "train-acc": 0.9999999999999756}