{"test-loss": 10.268587112426758, "_step": 599, "_runtime": 42, "_timestamp": 1613685973, "test-acc": 0.483, "graph_0": {"_type": "graph-file", "path": "media/graph/graph_0_summary_9dcb80b9.graph.json", "sha256": "9dcb80b99d82f63cd84cb79c5a2ca290780bb6628c6a0efb5b3562f4144b7f5f", "size": 1411}, "train-loss": 0.00030044225331948837, "train-acc": 0.999999999999994}