{"test-loss": 5.262215614318848, "_step": 599, "_runtime": 24, "_timestamp": 1614109208, "test-acc": 0.525, "graph_0": {"_type": "graph-file", "path": "media/graph/graph_0_summary_47f6b773.graph.json", "sha256": "47f6b773dd1db7f060b9fa1fe4f8681e5f951458af3d37f22fac679f012680d2", "size": 1411}, "train-loss": 0.0003133671998512, "train-acc": 0.9999999999999756}