{"test-loss": 1.3862944841384888, "_step": 599, "_runtime": 33, "_timestamp": 1614191043, "test-acc": 0.4945, "graph_0": {"_type": "graph-file", "path": "media/graph/graph_0_summary_d3b1e703.graph.json", "sha256": "d3b1e703583bd76670870dd8fa4d58a20cb1047bf5e5bdccb480df81e27f4c30", "size": 1411}, "train-loss": 0.6931471824645996, "train-acc": 0.4999999999999878}