{"test-loss": 0.01614960003644228, "_step": 599, "_runtime": 145, "_timestamp": 1614101287, "test-acc": 1.0, "graph_0": {"_type": "graph-file", "path": "media/graph/graph_0_summary_5d1f1997.graph.json", "sha256": "5d1f19975f27c4be9ad4ef3727638aa3152fa432cf3dfc33da80c87628a517ff", "size": 1411}, "train-loss": 0.008508144645020366, "train-acc": 0.9999999999999984}