{"test-loss": 0.015177941415458918, "_step": 599, "_runtime": 122, "_timestamp": 1613773765, "test-acc": 1.0, "graph_0": {"_type": "graph-file", "path": "media/graph/graph_0_summary_01f2ec2d.graph.json", "sha256": "01f2ec2db00f49395aacc5bd2100b428f6a9c3522cbf6d25ba58c8ef28e1ee7f", "size": 1411}, "train-loss": 0.006562265916727483, "train-acc": 0.999984741210936}