{"test-loss": 74.88652038574219, "_step": 599, "_runtime": 46, "_timestamp": 1613665972, "test-acc": 0.503, "graph_0": {"_type": "graph-file", "path": "media/graph/graph_0_summary_8b08c301.graph.json", "sha256": "8b08c301428328fa2b8e192df28b6b532442c1d0e6545aed1d9c77bc83936aea", "size": 1411}, "train-loss": 7.358134048374154e-05, "train-acc": 0.999999999999994}