{"test-loss": 6.802563428878784, "_step": 599, "_runtime": 25, "_timestamp": 1614125968, "test-acc": 0.508, "graph_0": {"_type": "graph-file", "path": "media/graph/graph_0_summary_844f780d.graph.json", "sha256": "844f780d7f7bf7df2fa5e27e29c11a00c54de7b2097e04f74dc7b46d6a7087ef", "size": 1411}, "train-loss": 0.0003805104424827732, "train-acc": 0.9999999999999756}