{"test-loss": 1.3862944841384888, "_step": 599, "_runtime": 427, "_timestamp": 1613981757, "test-acc": 0.505, "graph_0": {"_type": "graph-file", "path": "media/graph/graph_0_summary_d814da26.graph.json", "sha256": "d814da26a95be347faffbb5c9e5ee8f576cc3b959278a1962fe622f587352369", "size": 1411}, "train-loss": 0.6931470632553101, "train-acc": 0.5014190673828117}