{"test-loss": 6.22832179069519, "_step": 599, "_runtime": 23, "_timestamp": 1614114072, "test-acc": 0.5045, "graph_0": {"_type": "graph-file", "path": "media/graph/graph_0_summary_682683eb.graph.json", "sha256": "682683ebd27e41f9269e939a1ec976e77085cbb59735243cad5d245d2384bbc6", "size": 1411}, "train-loss": 0.0003873500827467069, "train-acc": 0.9999999999999756}