{"test-loss": 3.867441177368164, "_step": 599, "_runtime": 37, "_timestamp": 1614181883, "test-acc": 0.523, "graph_0": {"_type": "graph-file", "path": "media/graph/graph_0_summary_565f9690.graph.json", "sha256": "565f96904da837459aaf56b1f8eabd7b51b2a52aafdbcd7a18b356b6c99bd432", "size": 1411}, "train-loss": 0.0035336174769327044, "train-acc": 0.9999999999999756}