{"test-loss": 1.3862944841384888, "_step": 599, "_runtime": 37, "_timestamp": 1613628770, "test-acc": 0.5025, "graph_0": {"_type": "graph-file", "path": "media/graph/graph_0_summary_bfa6d837.graph.json", "sha256": "bfa6d8372ce923c1839f529df13e832a872ad5df7dbbad0249c4a487435ddac2", "size": 1411}, "train-loss": 0.6931473016738892, "train-acc": 0.498962402343747}