{"test-loss": 0.012559955473989248, "_step": 599, "_runtime": 123, "_timestamp": 1613778442, "test-acc": 1.0, "graph_0": {"_type": "graph-file", "path": "media/graph/graph_0_summary_09ab8130.graph.json", "sha256": "09ab81307dc02a38c0a910de6e86153fd14b545912a07b1376689841075865a7", "size": 1411}, "train-loss": 0.005685392301529646, "train-acc": 0.9999999999999984}