{"test-loss": 6.222102403640747, "_step": 599, "_runtime": 25, "_timestamp": 1614122049, "test-acc": 0.5175, "graph_0": {"_type": "graph-file", "path": "media/graph/graph_0_summary_3b21c56f.graph.json", "sha256": "3b21c56f879443e2d0118ba5fb6ece39f13e4b25a7e8ab50d4cb834a1b7d97c9", "size": 1411}, "train-loss": 0.00034271115146111697, "train-acc": 0.9999999999999756}