{"test-loss": 7.928132057189941, "_step": 599, "_runtime": 26, "_timestamp": 1614112051, "test-acc": 0.4995, "graph_0": {"_type": "graph-file", "path": "media/graph/graph_0_summary_7f26b0a1.graph.json", "sha256": "7f26b0a1d48c83e399e9c84bc4b512274499f77febb270bd67a59374c8212e7f", "size": 1411}, "train-loss": 0.0004331837117206305, "train-acc": 0.9999999999999756}