{"test-loss": 13.1802978515625, "_step": 599, "_runtime": 43, "_timestamp": 1613676543, "test-acc": 0.4915, "graph_0": {"_type": "graph-file", "path": "media/graph/graph_0_summary_8f3976a2.graph.json", "sha256": "8f3976a2102e6a853b9126dc41d79f1615f798d378ef51bc338aa6025f466e05", "size": 1411}, "train-loss": 0.00023766027877036855, "train-acc": 0.999999999999994}