{"test-loss": 12.22847604751587, "_step": 599, "_runtime": 43, "_timestamp": 1613680834, "test-acc": 0.491, "graph_0": {"_type": "graph-file", "path": "media/graph/graph_0_summary_c9b7f9c8.graph.json", "sha256": "c9b7f9c8364bfe3dde3853c80981dc53b5df7b860ead38fb071337eafb15b670", "size": 1411}, "train-loss": 0.00020846113648076425, "train-acc": 0.999999999999994}