{"test-loss": 1.3862944841384888, "_step": 599, "_runtime": 25, "_timestamp": 1614115577, "test-acc": 0.4945, "graph_0": {"_type": "graph-file", "path": "media/graph/graph_0_summary_8ad1e538.graph.json", "sha256": "8ad1e5383968c0595de264a8794c3b0770eb9d7644d90b1ce17ec921a8edda60", "size": 1411}, "train-loss": 0.6931471824645996, "train-acc": 0.5131835937499875}