{"test-loss": 3.7510905265808105, "_step": 599, "_runtime": 31, "_timestamp": 1614199007, "test-acc": 0.5125, "graph_0": {"_type": "graph-file", "path": "media/graph/graph_0_summary_79154d5d.graph.json", "sha256": "79154d5d7b863a47dc993bd5b0044295b94d4d91ef24457d314b16b91698be52", "size": 1411}, "train-loss": 0.0026315947179682553, "train-acc": 0.9999999999999756}