{"test-loss": 0.012922354508191347, "_step": 599, "_runtime": 126, "_timestamp": 1613776313, "test-acc": 1.0, "graph_0": {"_type": "graph-file", "path": "media/graph/graph_0_summary_b6a9a743.graph.json", "sha256": "b6a9a7438ff5ee19803f2640f52c04f7c7b3c5d18a17da26ee720058de9e1a46", "size": 1411}, "train-loss": 0.006339702871628106, "train-acc": 0.9999999999999984}