{"test-loss": 12.279604434967041, "_step": 599, "_runtime": 43, "_timestamp": 1613687814, "test-acc": 0.4875, "graph_0": {"_type": "graph-file", "path": "media/graph/graph_0_summary_c203dfef.graph.json", "sha256": "c203dfef8601b77670cf085c93d2127cdf4f6b3d6d6c35529f5698787eed54a8", "size": 1411}, "train-loss": 0.00038846429954730866, "train-acc": 0.999999999999994}