{"test-loss": 8.351485252380371, "_step": 599, "_runtime": 32, "_timestamp": 1614186338, "test-acc": 0.51, "graph_0": {"_type": "graph-file", "path": "media/graph/graph_0_summary_347d5df7.graph.json", "sha256": "347d5df7112410f815d047e41503aa0750a5eaf9c6d9dfb0bae05d18dabd9775", "size": 1411}, "train-loss": 0.0009170173580059782, "train-acc": 0.9999999999999756}