{"test-loss": 5.687119722366333, "_step": 599, "_runtime": 24, "_timestamp": 1614121076, "test-acc": 0.4975, "graph_0": {"_type": "graph-file", "path": "media/graph/graph_0_summary_9d8bb42a.graph.json", "sha256": "9d8bb42a42ae3b73c60b0ecd511f616b57e9317866813e42ca11e0e08245d210", "size": 1411}, "train-loss": 0.0003246778724133037, "train-acc": 0.9999999999999756}