{"test-loss": 1.3862944841384888, "_step": 599, "_runtime": 425, "_timestamp": 1613942946, "test-acc": 0.505, "graph_0": {"_type": "graph-file", "path": "media/graph/graph_0_summary_8cf9eab0.graph.json", "sha256": "8cf9eab0e19c43686c087c3ca91b50649d00125ece888775a3d8f45703a6cf76", "size": 1411}, "train-loss": 0.6931470632553101, "train-acc": 0.4974060058593742}