{"test-loss": 9.583025455474854, "_step": 599, "_runtime": 24, "_timestamp": 1614110145, "test-acc": 0.4965, "graph_0": {"_type": "graph-file", "path": "media/graph/graph_0_summary_826b8e96.graph.json", "sha256": "826b8e96b5d6364f288f37b4222b34aeec04f6bfc38cb5b2c09cbd25995d4c57", "size": 1411}, "train-loss": 0.0005093490035505965, "train-acc": 0.9999999999999756}