{"test-loss": 0.022948390804231167, "_step": 599, "_runtime": 38, "_timestamp": 1613647273, "test-acc": 0.997, "graph_0": {"_type": "graph-file", "path": "media/graph/graph_0_summary_b8e3f5a7.graph.json", "sha256": "b8e3f5a7077392236d79eb59b47c7c7a06cc665762371ab766c38b1c250f32e7", "size": 1411}, "train-loss": 0.004459664691239595, "train-acc": 0.999999999999994}