{"test-loss": 0.4515843838453293, "_step": 599, "_runtime": 37, "_timestamp": 1613641520, "test-acc": 0.9245, "graph_0": {"_type": "graph-file", "path": "media/graph/graph_0_summary_ff4a25a1.graph.json", "sha256": "ff4a25a1162a7e2dde84bb3160e8babc1d76825d1026923dd3326ef24a6a63a5", "size": 1411}, "train-loss": 0.15651189908385277, "train-acc": 0.9781494140624941}