{"test-loss": 6.608211278915405, "_step": 599, "_runtime": 35, "_timestamp": 1614186248, "test-acc": 0.526, "graph_0": {"_type": "graph-file", "path": "media/graph/graph_0_summary_780e891e.graph.json", "sha256": "780e891e284f90ccfc69b7b68926e2a2e608c69f5ab641ea6ffdc82ae80f4f7a", "size": 1411}, "train-loss": 0.033003462478518486, "train-acc": 0.9999999999999756}