{"test-loss": 1.3862944841384888, "_step": 599, "_runtime": 37, "_timestamp": 1613629606, "test-acc": 0.5025, "graph_0": {"_type": "graph-file", "path": "media/graph/graph_0_summary_c4273463.graph.json", "sha256": "c42734639a3b7d8fd7eeda1fd471c74963a2c69971ab4594f5a423c22aac9f59", "size": 1411}, "train-loss": 0.6931473016738892, "train-acc": 0.498901367187497}