{"test-loss": 160.07868194580078, "_step": 599, "_runtime": 43, "_timestamp": 1613678743, "test-acc": 0.5005, "graph_0": {"_type": "graph-file", "path": "media/graph/graph_0_summary_acc8f6ea.graph.json", "sha256": "acc8f6eaa7de2b6bd6448a188ff5f4e8a2ccf98c43902ac389039385c5aeeeb9", "size": 1411}, "train-loss": 1.496496998765022e-05, "train-acc": 0.999999999999994}