{"test-loss": 9.989721298217773, "_step": 599, "_runtime": 37, "_timestamp": 1613639342, "test-acc": 0.5285, "graph_0": {"_type": "graph-file", "path": "media/graph/graph_0_summary_08ff0e7a.graph.json", "sha256": "08ff0e7ac69142a4039348e6c8feda3e66d63f8ea36a7865ebf09807695ed5b9", "size": 1411}, "train-loss": 1.1028317213058472, "train-acc": 0.7227783203124957}