{"test-loss": 6.357723712921143, "_step": 599, "_runtime": 36, "_timestamp": 1614179423, "test-acc": 0.5135, "graph_0": {"_type": "graph-file", "path": "media/graph/graph_0_summary_8efaf729.graph.json", "sha256": "8efaf729f979afa1fe9813ab2430486badc5d1924f5b2d1bf12acb2780f7275a", "size": 1411}, "train-loss": 0.0014873519248794764, "train-acc": 0.9999999999999756}