{"test-loss": 113.09533309936523, "_step": 599, "_runtime": 44, "_timestamp": 1613665316, "test-acc": 0.4975, "graph_0": {"_type": "graph-file", "path": "media/graph/graph_0_summary_6a1d2e0c.graph.json", "sha256": "6a1d2e0c804b7445be739b447c47b42a13ef71eb4e48e4d24b70a1eb8740515f", "size": 1411}, "train-loss": 2.776275381243977, "train-acc": 0.8749999999999948}