{"test-loss": 6.352192640304565, "_step": 599, "_runtime": 37, "_timestamp": 1614181040, "test-acc": 0.5145, "graph_0": {"_type": "graph-file", "path": "media/graph/graph_0_summary_5a4a97d8.graph.json", "sha256": "5a4a97d80325bdde0109207f221e8461be555401d03dc1dbc567a3f6bcb01fb3", "size": 1411}, "train-loss": 0.0006994567229412496, "train-acc": 0.9999999999999756}