{"test-loss": 1.3862944841384888, "_step": 599, "_runtime": 24, "_timestamp": 1614116572, "test-acc": 0.4945, "graph_0": {"_type": "graph-file", "path": "media/graph/graph_0_summary_bf7d5b9e.graph.json", "sha256": "bf7d5b9ee4271022b166db3bf99faf7de96ae2cc91c5bf4ac17a693ed0159d3a", "size": 1411}, "train-loss": 0.6931471824645996, "train-acc": 0.491455078124988}