{"test-loss": 1.3862944841384888, "_step": 599, "_runtime": 124, "_timestamp": 1613760310, "test-acc": 0.505, "graph_0": {"_type": "graph-file", "path": "media/graph/graph_0_summary_65e5dd7d.graph.json", "sha256": "65e5dd7d2aefa6aea508883017b1f38958c66b5e6b97b6e85724f0ff50523559", "size": 1411}, "train-loss": 0.6931470632553101, "train-acc": 0.4996948242187492}