{"test-loss": 1.3862944841384888, "_step": 599, "_runtime": 124, "_timestamp": 1613758981, "test-acc": 0.505, "graph_0": {"_type": "graph-file", "path": "media/graph/graph_0_summary_82afd5d8.graph.json", "sha256": "82afd5d8749b9d589867e049a2266192d04ad1880dea44369f21177427c85cb5", "size": 1411}, "train-loss": 0.6931470632553101, "train-acc": 0.4998779296874992}