{"test-loss": 8.662449359893799, "_step": 599, "_runtime": 37, "_timestamp": 1614179902, "test-acc": 0.5105, "graph_0": {"_type": "graph-file", "path": "media/graph/graph_0_summary_e486e004.graph.json", "sha256": "e486e004092a49d1e2e9cc5383433aaa18d7b0771ef408851153546b46519903", "size": 1411}, "train-loss": 0.003953619510866702, "train-acc": 0.9999999999999756}