{"test-loss": 2.0963293313980103, "_step": 599, "_runtime": 37, "_timestamp": 1613644738, "test-acc": 0.8145, "graph_0": {"_type": "graph-file", "path": "media/graph/graph_0_summary_9c6062a5.graph.json", "sha256": "9c6062a58f3908c6227963c1c899c08f5a4f3cf73662b960ba9eeb2fecf074e3", "size": 1411}, "train-loss": 0.05852373503148556, "train-acc": 0.9808959960937441}