{"test-loss": 0.01506274426355958, "_step": 599, "_runtime": 147, "_timestamp": 1614092381, "test-acc": 1.0, "graph_0": {"_type": "graph-file", "path": "media/graph/graph_0_summary_85d8d806.graph.json", "sha256": "85d8d80677c70025f6aff13e3fb58a499442aeb3ac1c49fd276cb6dc7e713e94", "size": 1411}, "train-loss": 0.0074174851179122925, "train-acc": 0.9999694824218734}