{"test-loss": 4.776123046875, "_step": 599, "_runtime": 31, "_timestamp": 1614191764, "test-acc": 0.5085, "graph_0": {"_type": "graph-file", "path": "media/graph/graph_0_summary_df042b34.graph.json", "sha256": "df042b347fe189330979b83d431fecfce03cc5c298de1b83dcc1b934fb3af0d6", "size": 1411}, "train-loss": 0.003916005254723132, "train-acc": 0.9999999999999756}