{"test-loss": 1.3862944841384888, "_step": 599, "_runtime": 150, "_timestamp": 1614074026, "test-acc": 0.505, "graph_0": {"_type": "graph-file", "path": "media/graph/graph_0_summary_3e698724.graph.json", "sha256": "3e69872415d43bd3cd91d605bcf467e59c851dcb4fde49e7699182721420950c", "size": 1411}, "train-loss": 0.6931470632553101, "train-acc": 0.4999084472656242}