{"test-loss": 7.424573183059692, "_step": 599, "_runtime": 38, "_timestamp": 1613639575, "test-acc": 0.5175, "graph_0": {"_type": "graph-file", "path": "media/graph/graph_0_summary_25217a39.graph.json", "sha256": "25217a395543dd4263bb343c06b9b0cb76dd8edce3c6a391893f99aac77fa657", "size": 1411}, "train-loss": 0.19999508187174797, "train-acc": 0.9058227539062446}