{"test-loss": 14.664651870727539, "_step": 599, "_runtime": 43, "_timestamp": 1613678691, "test-acc": 0.484, "graph_0": {"_type": "graph-file", "path": "media/graph/graph_0_summary_9ed4ff3d.graph.json", "sha256": "9ed4ff3dbfa3f2e88f5c88affa8c1779ae2c9580f7acef6efc3800698ec80ef5", "size": 1411}, "train-loss": 0.00028246842161649965, "train-acc": 0.999999999999994}