{"test-loss": 7.885472774505615, "_step": 599, "_runtime": 32, "_timestamp": 1614197977, "test-acc": 0.5055, "graph_0": {"_type": "graph-file", "path": "media/graph/graph_0_summary_30af473c.graph.json", "sha256": "30af473cc659b1acc4c3a7b22533576ddaf8fab214711aab0ad9a65853a2e4a5", "size": 1411}, "train-loss": 0.011669412488117814, "train-acc": 0.9999999999999756}