{"test-loss": 6.222102403640747, "_step": 599, "_runtime": 27, "_timestamp": 1614125888, "test-acc": 0.5175, "graph_0": {"_type": "graph-file", "path": "media/graph/graph_0_summary_4e44f162.graph.json", "sha256": "4e44f162e6aea91eadda465e38c56d2479840e703f3469c6e1970360275a2bf1", "size": 1411}, "train-loss": 0.00034271115146111697, "train-acc": 0.9999999999999756}