{"test-loss": 1.3862944841384888, "_step": 599, "_runtime": 122, "_timestamp": 1613752067, "test-acc": 0.505, "graph_0": {"_type": "graph-file", "path": "media/graph/graph_0_summary_55ff1fe3.graph.json", "sha256": "55ff1fe34a4e6d9574253a197b6abeacd33dd7691b87d3489ad997d58b4dccb1", "size": 1411}, "train-loss": 0.6931470632553101, "train-acc": 0.5024871826171867}