{"test-loss": 866.4646911621094, "_step": 599, "_runtime": 43, "_timestamp": 1613688182, "test-acc": 0.515, "graph_0": {"_type": "graph-file", "path": "media/graph/graph_0_summary_10f58965.graph.json", "sha256": "10f5896572bd543c327a04f6e47db3768aa2a7fe3946593a3f27435c87a7a977", "size": 1411}, "train-loss": 0.01722653451088263, "train-acc": 0.995605468749994}