{"test-loss": 1.3862944841384888, "_step": 599, "_runtime": 150, "_timestamp": 1614065582, "test-acc": 0.505, "graph_0": {"_type": "graph-file", "path": "media/graph/graph_0_summary_b539d6b7.graph.json", "sha256": "b539d6b7e8febee2b7953b1697ad03a23711c34378f1885d3c206adfab6fb6c2", "size": 1411}, "train-loss": 0.6931470632553101, "train-acc": 0.4999084472656242}