{"test-loss": 7.997878313064575, "_step": 599, "_runtime": 25, "_timestamp": 1614124333, "test-acc": 0.5135, "graph_0": {"_type": "graph-file", "path": "media/graph/graph_0_summary_373f7706.graph.json", "sha256": "373f7706904067ace57bfd97bf105c27c6eba85eeea4b7563eebaccf8b0279bf", "size": 1411}, "train-loss": 0.0003556909068720415, "train-acc": 0.9999999999999756}