{"test-loss": 61.884857177734375, "_step": 599, "_runtime": 44, "_timestamp": 1613687449, "test-acc": 0.495, "graph_0": {"_type": "graph-file", "path": "media/graph/graph_0_summary_984d902a.graph.json", "sha256": "984d902a42bceadea5f633855cb25590341d64355a225daca9f2fb735e717a13", "size": 1411}, "train-loss": 0.0006042822431311379, "train-acc": 0.999999999999994}