{"test-loss": 1.2968547344207764, "_step": 599, "_runtime": 121, "_timestamp": 1613790051, "test-acc": 0.577, "graph_0": {"_type": "graph-file", "path": "media/graph/graph_0_summary_bf106eb9.graph.json", "sha256": "bf106eb99431840f0ba5bfd2a3c9ffb75cfe51cfcbc943fe83a4dd8989a88a2a", "size": 1411}, "train-loss": 0.6525702178478241, "train-acc": 0.5684204101562491}