{"test-loss": 18.538957595825195, "_step": 599, "_runtime": 37, "_timestamp": 1613631954, "test-acc": 0.604, "graph_0": {"_type": "graph-file", "path": "media/graph/graph_0_summary_f6b41a88.graph.json", "sha256": "f6b41a88048643c761f7e141a329822a248e014b18f7298a62787e96ecfe0013", "size": 1411}, "train-loss": 0.8657540082931519, "train-acc": 0.8682861328124948}