{"test-loss": 7.3227715492248535, "_step": 599, "_runtime": 31, "_timestamp": 1614193622, "test-acc": 0.5135, "graph_0": {"_type": "graph-file", "path": "media/graph/graph_0_summary_aadc4221.graph.json", "sha256": "aadc422166d5ce15c8a00afcc12ea0cfb137adbb7b61ab807aaad8a99b31f164", "size": 1411}, "train-loss": 0.00557932339143008, "train-acc": 0.9999999999999756}