{"test-loss": 5.16222357749939, "_step": 599, "_runtime": 32, "_timestamp": 1614192491, "test-acc": 0.5245, "graph_0": {"_type": "graph-file", "path": "media/graph/graph_0_summary_aef06a7c.graph.json", "sha256": "aef06a7cce002ce42aeb9a58f195d7c9e83aea8df7e6e2f441a3695cc753d06b", "size": 1411}, "train-loss": 0.023006131406873465, "train-acc": 0.9999999999999756}