{"test-loss": 4.358615398406982, "_step": 599, "_runtime": 32, "_timestamp": 1614188710, "test-acc": 0.509, "graph_0": {"_type": "graph-file", "path": "media/graph/graph_0_summary_b331d561.graph.json", "sha256": "b331d561316b3237909586e54b7d3b0a8275ad4c249bb4aa08179994a0a8d29c", "size": 1411}, "train-loss": 0.004510224214754999, "train-acc": 0.9999999999999756}