{"test-loss": 4.940884590148926, "_step": 599, "_runtime": 25, "_timestamp": 1614117607, "test-acc": 0.5175, "graph_0": {"_type": "graph-file", "path": "media/graph/graph_0_summary_adec79ba.graph.json", "sha256": "adec79ba03779f7ac4e8ba8e8991ae5794f9ddf5a8070d3551bd022426b61972", "size": 1411}, "train-loss": 0.0006121795158833265, "train-acc": 0.9999999999999756}