{"test-loss": 1.3862944841384888, "_step": 599, "_runtime": 32, "_timestamp": 1614188890, "test-acc": 0.4945, "graph_0": {"_type": "graph-file", "path": "media/graph/graph_0_summary_78760bd8.graph.json", "sha256": "78760bd81089f909591e15a42573493c114ba71cccc176f5009e8f04171b7fca", "size": 1411}, "train-loss": 0.6931471824645996, "train-acc": 0.5102539062499876}