{"test-loss": 0.011451899074018002, "_step": 599, "_runtime": 126, "_timestamp": 1613802178, "test-acc": 1.0, "graph_0": {"_type": "graph-file", "path": "media/graph/graph_0_summary_0d5b159e.graph.json", "sha256": "0d5b159ec02a7e168f2cd2209714f6490cc824e44aebcbb793605f43464b2a55", "size": 1411}, "train-loss": 0.005774290766566992, "train-acc": 0.9999999999999984}