{"test-loss": 5.316890716552734, "_step": 599, "_runtime": 24, "_timestamp": 1614122267, "test-acc": 0.5135, "graph_0": {"_type": "graph-file", "path": "media/graph/graph_0_summary_a2f84236.graph.json", "sha256": "a2f842369d2d37c76f80aa54b6aa7e8df5df63b566f57cf576a22fce1eaf8e65", "size": 1411}, "train-loss": 0.0003212795199942775, "train-acc": 0.9999999999999756}