{"test-loss": 5.772710084915161, "_step": 599, "_runtime": 23, "_timestamp": 1614113624, "test-acc": 0.498, "graph_0": {"_type": "graph-file", "path": "media/graph/graph_0_summary_bcd28ef1.graph.json", "sha256": "bcd28ef16d5b2a1120ed288fbe6fdc066143a00dcf8b1dd632f2da82b5affe1c", "size": 1411}, "train-loss": 0.000354032548784744, "train-acc": 0.9999999999999756}