{"test-loss": 4.218962907791138, "_step": 599, "_runtime": 32, "_timestamp": 1614196995, "test-acc": 0.5295, "graph_0": {"_type": "graph-file", "path": "media/graph/graph_0_summary_b6c261af.graph.json", "sha256": "b6c261afcc3bafbbf31d4b4404f8d3abcca7cd3be008726962d9ee0696f084d0", "size": 1411}, "train-loss": 0.0017866255075205117, "train-acc": 0.9999999999999756}