{"test-loss": 29.957894325256348, "_step": 599, "_runtime": 43, "_timestamp": 1613685237, "test-acc": 0.503, "graph_0": {"_type": "graph-file", "path": "media/graph/graph_0_summary_ded37de6.graph.json", "sha256": "ded37de66be6c55f929449eaf014020a3bad4880dd0f7eb21b8a6fb685aa3af8", "size": 1411}, "train-loss": 0.00018462042521605326, "train-acc": 0.999999999999994}