{"test-loss": 1.3862944841384888, "_step": 599, "_runtime": 125, "_timestamp": 1613800432, "test-acc": 0.505, "graph_0": {"_type": "graph-file", "path": "media/graph/graph_0_summary_82baa86c.graph.json", "sha256": "82baa86cb762cc89c917ae726830d0fed12e11b998c6f635030171522b41b9f3", "size": 1411}, "train-loss": 0.6931470632553101, "train-acc": 0.5011596679687492}