{"test-loss": 0.0113133336417377, "_step": 599, "_runtime": 147, "_timestamp": 1614091731, "test-acc": 1.0, "graph_0": {"_type": "graph-file", "path": "media/graph/graph_0_summary_dbd3a603.graph.json", "sha256": "dbd3a6031dac420e2677266818f3b0a1fa456d1f6301c6971586502244f35b86", "size": 1411}, "train-loss": 0.005173137993551791, "train-acc": 0.9999999999999984}