{"test-loss": 1.3862944841384888, "_step": 599, "_runtime": 123, "_timestamp": 1613759912, "test-acc": 0.505, "graph_0": {"_type": "graph-file", "path": "media/graph/graph_0_summary_2474fd6c.graph.json", "sha256": "2474fd6c812f8f451ed8483f6794b33af3f778de8b17ca1555c63f2f9ccacbf4", "size": 1411}, "train-loss": 0.6931470632553101, "train-acc": 0.4998474121093742}