{"test-loss": 6.172925233840942, "_step": 599, "_runtime": 33, "_timestamp": 1614201685, "test-acc": 0.5065, "graph_0": {"_type": "graph-file", "path": "media/graph/graph_0_summary_bbdc6b4f.graph.json", "sha256": "bbdc6b4f565bd4e1e01562d0afc99713052f4e5ed6d5e77a52a90c51d88e0a03", "size": 1411}, "train-loss": 0.0010073404700960964, "train-acc": 0.9999999999999756}