{"test-loss": 70.75940704345703, "_step": 599, "_runtime": 43, "_timestamp": 1613686815, "test-acc": 0.5045, "graph_0": {"_type": "graph-file", "path": "media/graph/graph_0_summary_8443c209.graph.json", "sha256": "8443c209c9846aa1f55ac656cab3c33f247abf415d2ab539687f46c9232943e5", "size": 1411}, "train-loss": 9.085489741655559e-05, "train-acc": 0.999999999999994}