{"test-loss": 0.01072126580402255, "_step": 599, "_runtime": 145, "_timestamp": 1614099712, "test-acc": 1.0, "graph_0": {"_type": "graph-file", "path": "media/graph/graph_0_summary_c5103b53.graph.json", "sha256": "c5103b53429a9e87fd1d59ba82a12230b89177ead3d5af30ab972e745d6e19db", "size": 1411}, "train-loss": 0.005499783088453114, "train-acc": 0.9999999999999984}