{"test-loss": 14.105993747711182, "_step": 599, "_runtime": 42, "_timestamp": 1613679946, "test-acc": 0.4995, "graph_0": {"_type": "graph-file", "path": "media/graph/graph_0_summary_9144c9c6.graph.json", "sha256": "9144c9c67881327cbdb3856cfb96f4cc96a20d4d2139aaf36b32c86bcc282e03", "size": 1411}, "train-loss": 0.000304339538018894, "train-acc": 0.999999999999994}