{"test-loss": 4.365305185317993, "_step": 599, "_runtime": 27, "_timestamp": 1614121669, "test-acc": 0.5155, "graph_0": {"_type": "graph-file", "path": "media/graph/graph_0_summary_f53653cd.graph.json", "sha256": "f53653cdec29f8b2799820e436257e237087ecfe9d6d43bd94acf56be1cc92dd", "size": 1411}, "train-loss": 0.0002971640569739975, "train-acc": 0.9999999999999756}