{"test-loss": 1.3862944841384888, "_step": 599, "_runtime": 123, "_timestamp": 1613757250, "test-acc": 0.505, "graph_0": {"_type": "graph-file", "path": "media/graph/graph_0_summary_665f59c3.graph.json", "sha256": "665f59c3956bc8c81e1e62563a72bf545ed8612643618990094b25f7c3f8af64", "size": 1411}, "train-loss": 0.6931470632553101, "train-acc": 0.4993286132812492}