{"test-loss": 1.3862944841384888, "_step": 599, "_runtime": 122, "_timestamp": 1613785180, "test-acc": 0.505, "graph_0": {"_type": "graph-file", "path": "media/graph/graph_0_summary_0e475040.graph.json", "sha256": "0e4750402f8b5f322d26cfa233c1850404c2f081df95496d5699fb65182892c7", "size": 1411}, "train-loss": 0.6931470632553101, "train-acc": 0.4978027343749992}