{"test-loss": 0.37641741335392, "_step": 599, "_runtime": 37, "_timestamp": 1613646743, "test-acc": 0.9445, "graph_0": {"_type": "graph-file", "path": "media/graph/graph_0_summary_d7dad914.graph.json", "sha256": "d7dad914bb8e7316b3aa35c0aae7002dbb9666bafbbcf41a11563e9bdf220a95", "size": 1411}, "train-loss": 0.01546452147886157, "train-acc": 0.993896484374994}