{"test-loss": 11.918371677398682, "_step": 599, "_runtime": 38, "_timestamp": 1613637665, "test-acc": 0.506, "graph_0": {"_type": "graph-file", "path": "media/graph/graph_0_summary_d3c8f5e7.graph.json", "sha256": "d3c8f5e734fc92bfb74e9891d56ac6353048c9ec32fc26e0391bdf5bd17b79c0", "size": 1411}, "train-loss": 0.5640679001808167, "train-acc": 0.8804321289062447}