{"test-loss": 1.3862944841384888, "_step": 599, "_runtime": 150, "_timestamp": 1614067906, "test-acc": 0.505, "graph_0": {"_type": "graph-file", "path": "media/graph/graph_0_summary_61093271.graph.json", "sha256": "610932714808babd33e9d820ff5af31dc6ce09939b98cba9df2d4e277a1aac9d", "size": 1411}, "train-loss": 0.6931470632553101, "train-acc": 0.5020599365234367}