{"test-loss": 6.356868743896484, "_step": 599, "_runtime": 31, "_timestamp": 1614191452, "test-acc": 0.5135, "graph_0": {"_type": "graph-file", "path": "media/graph/graph_0_summary_8521ef13.graph.json", "sha256": "8521ef1318958163982e1cff4d2845997f55ef99a80deb462cbbbb805be9a5d8", "size": 1411}, "train-loss": 0.0014862357056699693, "train-acc": 0.9999999999999756}