{"test-loss": 5.145644664764404, "_step": 599, "_runtime": 25, "_timestamp": 1614113913, "test-acc": 0.4775, "graph_0": {"_type": "graph-file", "path": "media/graph/graph_0_summary_1705719c.graph.json", "sha256": "1705719ca21a9a4c3268d7e326d5dc43d037674a99159c613f1847d77b45dd3e", "size": 1411}, "train-loss": 0.0002829777731676586, "train-acc": 0.9999999999999756}