{"test-loss": 5.781840085983276, "_step": 599, "_runtime": 25, "_timestamp": 1614117755, "test-acc": 0.514, "graph_0": {"_type": "graph-file", "path": "media/graph/graph_0_summary_ca6e0e22.graph.json", "sha256": "ca6e0e22a78cf2e2b25fb285e2a26902f2275b8e09f6af1c559d8090aa2d293c", "size": 1411}, "train-loss": 0.0002852554898709059, "train-acc": 0.9999999999999756}