{"test-loss": 11.994211196899414, "_step": 599, "_runtime": 43, "_timestamp": 1613681985, "test-acc": 0.497, "graph_0": {"_type": "graph-file", "path": "media/graph/graph_0_summary_50bb72c9.graph.json", "sha256": "50bb72c90014cf1e0d65254cf23404127193e4263e68e31a7b22fcfb5edfcb51", "size": 1411}, "train-loss": 0.00031327133865488577, "train-acc": 0.999999999999994}