{"test-loss": 26.56130313873291, "_step": 599, "_runtime": 43, "_timestamp": 1613686236, "test-acc": 0.5135, "graph_0": {"_type": "graph-file", "path": "media/graph/graph_0_summary_40039d9c.graph.json", "sha256": "40039d9c9cb1aa79fc415d0c759fd05c1496de9b10aad934319d01e58087792b", "size": 1411}, "train-loss": 0.00026167183409597783, "train-acc": 0.999999999999994}