{"test-loss": 5.114471912384033, "_step": 599, "_runtime": 31, "_timestamp": 1614195789, "test-acc": 0.49, "graph_0": {"_type": "graph-file", "path": "media/graph/graph_0_summary_ad9e46f9.graph.json", "sha256": "ad9e46f95b5390baaf1e52655de892b8fccb9942ba6ab2f7baee695593aa19f7", "size": 1411}, "train-loss": 0.004371199640445411, "train-acc": 0.9999999999999756}