{"test-loss": 0.01715080998837948, "_step": 599, "_runtime": 148, "_timestamp": 1614089922, "test-acc": 1.0, "graph_0": {"_type": "graph-file", "path": "media/graph/graph_0_summary_78e57bd3.graph.json", "sha256": "78e57bd357dc21f9e21b42b77627d0aaa877c308ad33d57e6ea6792fc5f32107", "size": 1411}, "train-loss": 0.008768656989559531, "train-acc": 0.9999999999999984}