{"test-loss": 1.3862944841384888, "_step": 599, "_runtime": 123, "_timestamp": 1613752601, "test-acc": 0.505, "graph_0": {"_type": "graph-file", "path": "media/graph/graph_0_summary_4df6f5a9.graph.json", "sha256": "4df6f5a9cb8a6be680e31662a0eee7f8b1a1ced03f8f2d35b03524c5d32ff723", "size": 1411}, "train-loss": 0.6931470632553101, "train-acc": 0.4998168945312492}