{"test-loss": 1.3862944841384888, "_step": 599, "_runtime": 32, "_timestamp": 1614190449, "test-acc": 0.4945, "graph_0": {"_type": "graph-file", "path": "media/graph/graph_0_summary_85c65af9.graph.json", "sha256": "85c65af9eced98f61f14bd182a59ded0d6726f2620d1c264ceca3c7305a67d23", "size": 1411}, "train-loss": 0.6931471824645996, "train-acc": 0.4960937499999879}