{"test-loss": 1.3862944841384888, "_step": 599, "_runtime": 37, "_timestamp": 1613628817, "test-acc": 0.5025, "graph_0": {"_type": "graph-file", "path": "media/graph/graph_0_summary_abfeedab.graph.json", "sha256": "abfeedab68eea6ff98bd97d0c3088dd95991288140f36e87d02c9980b96b2a87", "size": 1411}, "train-loss": 0.6931473016738892, "train-acc": 0.49395751953124706}