{"test-loss": 1.3862944841384888, "_step": 599, "_runtime": 122, "_timestamp": 1613789392, "test-acc": 0.505, "graph_0": {"_type": "graph-file", "path": "media/graph/graph_0_summary_01314429.graph.json", "sha256": "01314429f7181e237ca6c664d5c2a35d54bee2c664f20e67b6bbf7509dd40db5", "size": 1411}, "train-loss": 0.6931470632553101, "train-acc": 0.5003814697265617}