{"test-loss": 6.802563428878784, "_step": 599, "_runtime": 24, "_timestamp": 1614124005, "test-acc": 0.508, "graph_0": {"_type": "graph-file", "path": "media/graph/graph_0_summary_9f7c774e.graph.json", "sha256": "9f7c774e0cc37d54eeacb504dd13121e4406ee034fcab436bdeebb02bd449bcf", "size": 1411}, "train-loss": 0.0003805104424827732, "train-acc": 0.9999999999999756}