{"test-loss": 10.116095066070557, "_step": 599, "_runtime": 43, "_timestamp": 1613684975, "test-acc": 0.5045, "graph_0": {"_type": "graph-file", "path": "media/graph/graph_0_summary_8252bafa.graph.json", "sha256": "8252bafade1bc41623dcf12406477bd7bbfb747ccb346ec8f2c944474ea53c91", "size": 1411}, "train-loss": 0.0002688419058358704, "train-acc": 0.999999999999994}