{"test-loss": 5.687455177307129, "_step": 599, "_runtime": 25, "_timestamp": 1614112266, "test-acc": 0.497, "graph_0": {"_type": "graph-file", "path": "media/graph/graph_0_summary_e7ef52e4.graph.json", "sha256": "e7ef52e43b05091c1a3ffaea7526e13414304e36efd72db65b43e2389152b1c1", "size": 1411}, "train-loss": 0.0003252191163483076, "train-acc": 0.9999999999999756}