{"test-loss": 7.885472774505615, "_step": 599, "_runtime": 31, "_timestamp": 1614195699, "test-acc": 0.5055, "graph_0": {"_type": "graph-file", "path": "media/graph/graph_0_summary_c44fa9fc.graph.json", "sha256": "c44fa9fcd958bb5fac4cbcfd6f1c6926bae1a6e2da7bdc1058ee02bf30c532d1", "size": 1411}, "train-loss": 0.011669412488117814, "train-acc": 0.9999999999999756}