{"test-loss": 1.3862944841384888, "_step": 599, "_runtime": 426, "_timestamp": 1613959225, "test-acc": 0.505, "graph_0": {"_type": "graph-file", "path": "media/graph/graph_0_summary_2fdaa381.graph.json", "sha256": "2fdaa381c5fba95f392464b9da934ff1256aa1e7e3185ca68fbf949d982d3408", "size": 1411}, "train-loss": 0.6931470632553101, "train-acc": 0.5014190673828117}