{"test-loss": 1.3862944841384888, "_step": 599, "_runtime": 148, "_timestamp": 1614074850, "test-acc": 0.505, "graph_0": {"_type": "graph-file", "path": "media/graph/graph_0_summary_3bf2ac5e.graph.json", "sha256": "3bf2ac5edefe6b0fe63bd46e5b7f01a51b3a4cbe85535b694e0ad552a162ac8a", "size": 1411}, "train-loss": 0.6931470632553101, "train-acc": 0.5005950927734367}