{"test-loss": 39.86661911010742, "_step": 599, "_runtime": 46, "_timestamp": 1613665371, "test-acc": 0.509, "graph_0": {"_type": "graph-file", "path": "media/graph/graph_0_summary_4c832837.graph.json", "sha256": "4c832837b1a1790dcda7278c9df797649eeabad5755004fb131a55530dbf559c", "size": 1411}, "train-loss": 0.00012461647025213685, "train-acc": 0.999999999999994}