{"test-loss": 4.127825975418091, "_step": 599, "_runtime": 37, "_timestamp": 1613652021, "test-acc": 0.553, "graph_0": {"_type": "graph-file", "path": "media/graph/graph_0_summary_c410f1cc.graph.json", "sha256": "c410f1ccae2464c80c9ff0ba9916fa38d6d446507c57a71fd9a0902ed51798db", "size": 1411}, "train-loss": 0.17154326662421227, "train-acc": 0.9338378906249944}