{"test-loss": 6.85294246673584, "_step": 599, "_runtime": 33, "_timestamp": 1614187516, "test-acc": 0.512, "graph_0": {"_type": "graph-file", "path": "media/graph/graph_0_summary_e23e0f5c.graph.json", "sha256": "e23e0f5c82fe848bff5eea73afb6d3c392a3df182e965efa114f64d5550fe4f0", "size": 1411}, "train-loss": 0.001435384911019355, "train-acc": 0.9999999999999756}