{"test-loss": 0.0228697769343853, "_step": 599, "_runtime": 149, "_timestamp": 1614081639, "test-acc": 1.0, "graph_0": {"_type": "graph-file", "path": "media/graph/graph_0_summary_21220b35.graph.json", "sha256": "21220b35ae446d3de3c7695b1b914c62c68af2498d4ad981c71ac81fbd494f27", "size": 1411}, "train-loss": 0.011167191434651613, "train-acc": 0.9999694824218734}