{"test-loss": 7.805746555328369, "_step": 599, "_runtime": 25, "_timestamp": 1614109353, "test-acc": 0.517, "graph_0": {"_type": "graph-file", "path": "media/graph/graph_0_summary_ba095a99.graph.json", "sha256": "ba095a99490260309461d7f9bf11abff2fead79882527f11cc11fa9a69e55b38", "size": 1411}, "train-loss": 0.0004068250345881097, "train-acc": 0.9999999999999756}