{"test-loss": 0.29193514585494995, "_step": 599, "_runtime": 38, "_timestamp": 1613634634, "test-acc": 0.9615, "graph_0": {"_type": "graph-file", "path": "media/graph/graph_0_summary_4986b791.graph.json", "sha256": "4986b791f455c83e0537c870ff8eaff95e640b595f0691f65ef5bf2865771166", "size": 1411}, "train-loss": 0.06941564008593559, "train-acc": 0.9714965820312442}