{"test-loss": 1.3862944841384888, "_step": 599, "_runtime": 427, "_timestamp": 1613964962, "test-acc": 0.505, "graph_0": {"_type": "graph-file", "path": "media/graph/graph_0_summary_baa1a8d5.graph.json", "sha256": "baa1a8d56fb93f44903f031b2d35c8013fd62666d9cf2a104444ce6dbad5a4fe", "size": 1411}, "train-loss": 0.6931470632553101, "train-acc": 0.5022888183593742}