{"test-loss": 10.207831382751465, "_step": 599, "_runtime": 25, "_timestamp": 1614119500, "test-acc": 0.5055, "graph_0": {"_type": "graph-file", "path": "media/graph/graph_0_summary_aef09de9.graph.json", "sha256": "aef09de94e7a34d440e8e413eb31e5c66301e65ef5afee6843126f85b5a44bb2", "size": 1411}, "train-loss": 0.0004400375109980814, "train-acc": 0.9999999999999756}