{"test-loss": 1.3862944841384888, "_step": 599, "_runtime": 149, "_timestamp": 1614078978, "test-acc": 0.505, "graph_0": {"_type": "graph-file", "path": "media/graph/graph_0_summary_a7407663.graph.json", "sha256": "a740766386e114ae80bf2aa9dda48c4f110d183b123108ae992c48c5b0fa5356", "size": 1411}, "train-loss": 0.6931470632553101, "train-acc": 0.5010375976562492}