{"test-loss": 2.603772759437561, "_step": 599, "_runtime": 37, "_timestamp": 1613642173, "test-acc": 0.783, "graph_0": {"_type": "graph-file", "path": "media/graph/graph_0_summary_51586ac2.graph.json", "sha256": "51586ac22918f1be334c5c2b918b36244df5e837305abba2fd35f8a93c73e396", "size": 1411}, "train-loss": 0.1404128298163414, "train-acc": 0.9501342773437443}