{"test-loss": 4.536182641983032, "_step": 599, "_runtime": 31, "_timestamp": 1614201862, "test-acc": 0.493, "graph_0": {"_type": "graph-file", "path": "media/graph/graph_0_summary_482dfde1.graph.json", "sha256": "482dfde1adb5084f1247b2fb9caecee834ef6141b611d07abaf3e49f69cf3913", "size": 1411}, "train-loss": 0.005064277211204171, "train-acc": 0.9999999999999756}