{"test-loss": 3.3857544660568237, "_step": 599, "_runtime": 38, "_timestamp": 1613637324, "test-acc": 0.503, "graph_0": {"_type": "graph-file", "path": "media/graph/graph_0_summary_1ef6a8a3.graph.json", "sha256": "1ef6a8a35fea2650997d0b5fb4d50c64566eff9c2eeb5aa900807a592a7d96e4", "size": 1411}, "train-loss": 0.3086354285478592, "train-acc": 0.839965820312495}