{"test-loss": 15.85065221786499, "_step": 599, "_runtime": 47, "_timestamp": 1613672866, "test-acc": 0.4975, "graph_0": {"_type": "graph-file", "path": "media/graph/graph_0_summary_ba00a302.graph.json", "sha256": "ba00a302558a8e375fb23733c34f8d8a0e3bec39be9bbd349a27062346b8ad33", "size": 1411}, "train-loss": 0.00026745278819337304, "train-acc": 0.999999999999994}