{"test-loss": 1.3862944841384888, "_step": 599, "_runtime": 429, "_timestamp": 1614002049, "test-acc": 0.505, "graph_0": {"_type": "graph-file", "path": "media/graph/graph_0_summary_120905f8.graph.json", "sha256": "120905f8db332c694e314c918dc8af8f652e899cc06f96549263664d632bb975", "size": 1411}, "train-loss": 0.6931470632553101, "train-acc": 0.5006866455078117}