{"test-loss": 1.3862944841384888, "_step": 599, "_runtime": 122, "_timestamp": 1613787549, "test-acc": 0.505, "graph_0": {"_type": "graph-file", "path": "media/graph/graph_0_summary_c58ff234.graph.json", "sha256": "c58ff23470199926c0289892fddf989920df01a8456cddd369f904b1a102d993", "size": 1411}, "train-loss": 0.6931470632553101, "train-acc": 0.5007629394531242}