{"test-loss": 1.3862944841384888, "_step": 599, "_runtime": 126, "_timestamp": 1613750472, "test-acc": 0.505, "graph_0": {"_type": "graph-file", "path": "media/graph/graph_0_summary_691aaee2.graph.json", "sha256": "691aaee2dcc104bcdc13b11048b943c35829d636d863aa4fd451a6099f606e9a", "size": 1411}, "train-loss": 0.6931470632553101, "train-acc": 0.4993286132812492}