{"test-loss": 8.348285675048828, "_step": 599, "_runtime": 32, "_timestamp": 1614200179, "test-acc": 0.5105, "graph_0": {"_type": "graph-file", "path": "media/graph/graph_0_summary_df05bd04.graph.json", "sha256": "df05bd04978f354694d4843864dc460001bd76480d1da151f4a8bca81276ee36", "size": 1411}, "train-loss": 0.0009183030051644892, "train-acc": 0.9999999999999756}