{"test-loss": 5.114471912384033, "_step": 599, "_runtime": 31, "_timestamp": 1614200353, "test-acc": 0.49, "graph_0": {"_type": "graph-file", "path": "media/graph/graph_0_summary_70720017.graph.json", "sha256": "70720017d153bebfdb1ce4ea36b1dded8eab2c8987e4d08c58c5f265952d5bf6", "size": 1411}, "train-loss": 0.004371199640445411, "train-acc": 0.9999999999999756}