{"test-loss": 4.822582483291626, "_step": 599, "_runtime": 22, "_timestamp": 1614113210, "test-acc": 0.5055, "graph_0": {"_type": "graph-file", "path": "media/graph/graph_0_summary_fd6a745e.graph.json", "sha256": "fd6a745e2ae63cd574e014f9f33d507ec602554e324ff9b2d2cf5d355ed431f6", "size": 1411}, "train-loss": 0.00040548353717895225, "train-acc": 0.9999999999999756}