{"test-loss": 1.3862944841384888, "_step": 599, "_runtime": 24, "_timestamp": 1614116103, "test-acc": 0.4945, "graph_0": {"_type": "graph-file", "path": "media/graph/graph_0_summary_3cb9c94e.graph.json", "sha256": "3cb9c94e0a43361e9c80d508fb925f600ae31acb6a3b574df81889b68ab6da98", "size": 1411}, "train-loss": 0.6931471824645996, "train-acc": 0.5061035156249877}