{"test-loss": 1.3862944841384888, "_step": 599, "_runtime": 426, "_timestamp": 1613985733, "test-acc": 0.505, "graph_0": {"_type": "graph-file", "path": "media/graph/graph_0_summary_f30c5079.graph.json", "sha256": "f30c50798008d55148f5bb808330ac7a1b433e2812ada381185989e2a58f7326", "size": 1411}, "train-loss": 0.6931470632553101, "train-acc": 0.4996948242187492}