{"test-loss": 6.306053161621094, "_step": 599, "_runtime": 27, "_timestamp": 1614125023, "test-acc": 0.506, "graph_0": {"_type": "graph-file", "path": "media/graph/graph_0_summary_740ab970.graph.json", "sha256": "740ab970f26370bbef6deaa45bc7813975e781c7d2a92195a9ad4c53dac3da71", "size": 1411}, "train-loss": 0.00038987046718830243, "train-acc": 0.9999999999999756}