{"test-loss": 15.533942699432373, "_step": 599, "_runtime": 46, "_timestamp": 1613667179, "test-acc": 0.493, "graph_0": {"_type": "graph-file", "path": "media/graph/graph_0_summary_0c136da3.graph.json", "sha256": "0c136da3d953cdaed49211a0b5dee7969e205aa087c107a014f7add34b3a96f6", "size": 1411}, "train-loss": 0.00026614932676949365, "train-acc": 0.999999999999994}