{"test-loss": 0.5252937525510788, "_step": 599, "_runtime": 38, "_timestamp": 1613632376, "test-acc": 0.903, "graph_0": {"_type": "graph-file", "path": "media/graph/graph_0_summary_9aa16c36.graph.json", "sha256": "9aa16c3613c796daf1f71254074715d6a1302dae94bdee2a197eed6a08a4c147", "size": 1411}, "train-loss": 0.046832870692014694, "train-acc": 0.9809570312499941}