{"test-loss": 1.3862944841384888, "_step": 599, "_runtime": 45, "_timestamp": 1613661933, "test-acc": 0.4975, "graph_0": {"_type": "graph-file", "path": "media/graph/graph_0_summary_ecb5b8cc.graph.json", "sha256": "ecb5b8cc60f3c159192a4e7c58a411224cc14a19fcc69192ed64fcc9ddf8bf9d", "size": 1411}, "train-loss": 0.6931471824645996, "train-acc": 0.500671386718747}