{"test-loss": 6.390856981277466, "_step": 599, "_runtime": 27, "_timestamp": 1614124688, "test-acc": 0.501, "graph_0": {"_type": "graph-file", "path": "media/graph/graph_0_summary_d23c9634.graph.json", "sha256": "d23c9634fa8164a64ed66710f85aedd1947ced5cb64f672bce48babe9063568e", "size": 1411}, "train-loss": 0.00035390816628932953, "train-acc": 0.9999999999999756}