{"test-loss": 7.683577537536621, "_step": 599, "_runtime": 36, "_timestamp": 1614181198, "test-acc": 0.5035, "graph_0": {"_type": "graph-file", "path": "media/graph/graph_0_summary_b6b6d935.graph.json", "sha256": "b6b6d93521443a9ca188648f4b1c6e1a4664eb178c40eea07050c37950b8c131", "size": 1411}, "train-loss": 0.010616428218781948, "train-acc": 0.9999999999999756}