{"test-loss": 0.01067697023972869, "_step": 599, "_runtime": 122, "_timestamp": 1613765360, "test-acc": 1.0, "graph_0": {"_type": "graph-file", "path": "media/graph/graph_0_summary_c93ac863.graph.json", "sha256": "c93ac8630acc578f59aec44a3be84aa358b7b93e4b46957c33058586f6f2e523", "size": 1411}, "train-loss": 0.005978167639113963, "train-acc": 0.9999084472656234}