{"test-loss": 6.065448045730591, "_step": 599, "_runtime": 31, "_timestamp": 1614198377, "test-acc": 0.5215, "graph_0": {"_type": "graph-file", "path": "media/graph/graph_0_summary_7f24f27c.graph.json", "sha256": "7f24f27cf8a7fd8f3fcce2c8ebdb421893dac33b42bcc0e9b5eb176077d618d7", "size": 1411}, "train-loss": 0.0007746164192212746, "train-acc": 0.9999999999999756}