{"test-loss": 7.208402633666992, "_step": 599, "_runtime": 24, "_timestamp": 1614121900, "test-acc": 0.4925, "graph_0": {"_type": "graph-file", "path": "media/graph/graph_0_summary_9a8d4578.graph.json", "sha256": "9a8d4578c43d6373a3e14540acfa91f961b031c57e1e11643a9288cb01cf4c55", "size": 1411}, "train-loss": 0.0003583054494811222, "train-acc": 0.9999999999999756}