{"test-loss": 1.3862944841384888, "_step": 599, "_runtime": 147, "_timestamp": 1614069889, "test-acc": 0.505, "graph_0": {"_type": "graph-file", "path": "media/graph/graph_0_summary_01d41884.graph.json", "sha256": "01d418848037ff0c5b737cc56cdf9bdf68dd6288882f35410aa24bef81414a29", "size": 1411}, "train-loss": 0.6931470632553101, "train-acc": 0.4996948242187492}