{"test-loss": 4.442316293716431, "_step": 599, "_runtime": 31, "_timestamp": 1614192991, "test-acc": 0.5195, "graph_0": {"_type": "graph-file", "path": "media/graph/graph_0_summary_b8642733.graph.json", "sha256": "b86427332258bbb03387a34ad100c7d9ecd50d99fcf1ffbdc3d0bb7b06b376b8", "size": 1411}, "train-loss": 0.0012441632570698857, "train-acc": 0.9999999999999756}