{"test-loss": 7.885472774505615, "_step": 599, "_runtime": 31, "_timestamp": 1614193399, "test-acc": 0.5055, "graph_0": {"_type": "graph-file", "path": "media/graph/graph_0_summary_bac80911.graph.json", "sha256": "bac8091139640493cc37f1b32f7e3251c48cb359faa533a137025449bc31ab4b", "size": 1411}, "train-loss": 0.011669412488117814, "train-acc": 0.9999999999999756}