{"test-loss": 5.769010066986084, "_step": 599, "_runtime": 26, "_timestamp": 1614124446, "test-acc": 0.498, "graph_0": {"_type": "graph-file", "path": "media/graph/graph_0_summary_41d663ff.graph.json", "sha256": "41d663fff47e5e95a7ccc89103806a091a7d1bb6434f446f9c39fed812b7f922", "size": 1411}, "train-loss": 0.000353225514118094, "train-acc": 0.9999999999999756}