{"test-loss": 5.870058298110962, "_step": 599, "_runtime": 32, "_timestamp": 1614195209, "test-acc": 0.509, "graph_0": {"_type": "graph-file", "path": "media/graph/graph_0_summary_fdaa705e.graph.json", "sha256": "fdaa705e73b530469753448f835e5f5208c3cc208b9f7a4d1b665f24dc2241b8", "size": 1411}, "train-loss": 0.002768445643596351, "train-acc": 0.9999999999999756}