{"test-loss": 1.3862944841384888, "_step": 599, "_runtime": 123, "_timestamp": 1613789524, "test-acc": 0.505, "graph_0": {"_type": "graph-file", "path": "media/graph/graph_0_summary_eed30d0d.graph.json", "sha256": "eed30d0dcc1f64e0bc0731626f5911a30c923864f7d6f847e51d3c60cc9e1313", "size": 1411}, "train-loss": 0.6931470632553101, "train-acc": 0.4980468749999992}