{"test-loss": 1.3862944841384888, "_step": 599, "_runtime": 38, "_timestamp": 1613630474, "test-acc": 0.5025, "graph_0": {"_type": "graph-file", "path": "media/graph/graph_0_summary_93dce4a7.graph.json", "sha256": "93dce4a725b83bbb0bf047f1d5af5aa79349effb3ff7f70d709a99a5695b0471", "size": 1411}, "train-loss": 0.6931473016738892, "train-acc": 0.504516601562497}