{"test-loss": 1.3862944841384888, "_step": 599, "_runtime": 45, "_timestamp": 1613662378, "test-acc": 0.4975, "graph_0": {"_type": "graph-file", "path": "media/graph/graph_0_summary_b7ead931.graph.json", "sha256": "b7ead9318e68e7b51ebcdb6288ccdf413c1d2afd90c263de4fafb369a2cbfed1", "size": 1411}, "train-loss": 0.6931471824645996, "train-acc": 0.503967285156247}