{"test-loss": 7.530629873275757, "_step": 599, "_runtime": 31, "_timestamp": 1614192628, "test-acc": 0.498, "graph_0": {"_type": "graph-file", "path": "media/graph/graph_0_summary_77826cc4.graph.json", "sha256": "77826cc47dbe79b13610244f4b45ad47709cf3968229ff0dfdbb9f0365036dd9", "size": 1411}, "train-loss": 0.00043402591109042987, "train-acc": 0.9999999999999756}