{"test-loss": 0.4743525832891464, "_step": 599, "_runtime": 48, "_timestamp": 1613643056, "test-acc": 0.9535, "graph_0": {"_type": "graph-file", "path": "media/graph/graph_0_summary_ea74bded.graph.json", "sha256": "ea74bded65d26edc1442c6b919a82846efe4832724b70a012ff72a83f8a61af7", "size": 1411}, "train-loss": 0.021982379723340273, "train-acc": 0.991577148437494}