{"test-loss": 0.014788230415433645, "_step": 599, "_runtime": 149, "_timestamp": 1614059620, "test-acc": 1.0, "graph_0": {"_type": "graph-file", "path": "media/graph/graph_0_summary_65931e6d.graph.json", "sha256": "65931e6d73c65fea00b399a658d19fe29b5034fc014a0e2bbd817505d6f60224", "size": 1411}, "train-loss": 0.006878475775010884, "train-acc": 0.9999999999999984}