{"test-loss": 7.997878313064575, "_step": 599, "_runtime": 24, "_timestamp": 1614120572, "test-acc": 0.5135, "graph_0": {"_type": "graph-file", "path": "media/graph/graph_0_summary_7b979290.graph.json", "sha256": "7b97929022891c01f26acc7e27161a7228e7e21f379d23b8d18ca44ff1e39de6", "size": 1411}, "train-loss": 0.0003556909068720415, "train-acc": 0.9999999999999756}