{"test-loss": 12.516936779022217, "_step": 599, "_runtime": 44, "_timestamp": 1613686500, "test-acc": 0.491, "graph_0": {"_type": "graph-file", "path": "media/graph/graph_0_summary_c7d6a0da.graph.json", "sha256": "c7d6a0dad586c554652333eefc0bfbdb62205aa9fa0227be68016489c9b92436", "size": 1411}, "train-loss": 0.00025896775514411274, "train-acc": 0.999999999999994}