{"test-loss": 0.422355055809021, "_step": 599, "_runtime": 37, "_timestamp": 1613630753, "test-acc": 0.922, "graph_0": {"_type": "graph-file", "path": "media/graph/graph_0_summary_650c36ac.graph.json", "sha256": "650c36ac78c6015ef4b1da9f71b064c5c5d79d8fa469a38dd9e6042f73c9df2a", "size": 1411}, "train-loss": 0.12454125098884106, "train-acc": 0.9613037109374942}