{"test-loss": 1.3862944841384888, "_step": 599, "_runtime": 23, "_timestamp": 1614116469, "test-acc": 0.4945, "graph_0": {"_type": "graph-file", "path": "media/graph/graph_0_summary_58e6b599.graph.json", "sha256": "58e6b599e2b1bb2ec17554ff3ab2977845caebbf4d12a8f97c676eab0c61c2d6", "size": 1411}, "train-loss": 0.6931471824645996, "train-acc": 0.4960937499999879}