{"test-loss": 5.591683626174927, "_step": 599, "_runtime": 26, "_timestamp": 1614121789, "test-acc": 0.513, "graph_0": {"_type": "graph-file", "path": "media/graph/graph_0_summary_76e66f86.graph.json", "sha256": "76e66f86bc04de84bab9d8e7a25e3a03fb52542d3ae82a4809acfa356775b1b1", "size": 1411}, "train-loss": 0.0003904412078554742, "train-acc": 0.9999999999999756}