{"test-loss": 1.3862944841384888, "_step": 599, "_runtime": 24, "_timestamp": 1614116004, "test-acc": 0.4945, "graph_0": {"_type": "graph-file", "path": "media/graph/graph_0_summary_6ced6a60.graph.json", "sha256": "6ced6a60d8f3d3dc3ba1adc097543fff4996008cc8f72540d42c7d21fa5b4f93", "size": 1411}, "train-loss": 0.6931471824645996, "train-acc": 0.4995117187499878}