{"test-loss": 0.02672052849084139, "_step": 599, "_runtime": 145, "_timestamp": 1614093519, "test-acc": 1.0, "graph_0": {"_type": "graph-file", "path": "media/graph/graph_0_summary_1f74e01e.graph.json", "sha256": "1f74e01effa1e794ddd6d5eda28935a100b0c1cc85d920912b956ab67737745a", "size": 1411}, "train-loss": 0.010021253721788526, "train-acc": 0.9998779296874984}