{"test-loss": 3.9899184703826904, "_step": 599, "_runtime": 36, "_timestamp": 1613651237, "test-acc": 0.5325, "graph_0": {"_type": "graph-file", "path": "media/graph/graph_0_summary_817325fe.graph.json", "sha256": "817325fe09f1a5b89207e8da9f1a28b313823058d71d97c311d8208cb0800791", "size": 1411}, "train-loss": 0.4206807613372803, "train-acc": 0.7906494140624952}