{"test-loss": 5.260780572891235, "_step": 599, "_runtime": 33, "_timestamp": 1614184157, "test-acc": 0.504, "graph_0": {"_type": "graph-file", "path": "media/graph/graph_0_summary_8af9829a.graph.json", "sha256": "8af9829af13dd52dbeec151967f212ddb12a57b828f6df84e45616f30153efc2", "size": 1411}, "train-loss": 0.0016846077051013708, "train-acc": 0.9999999999999756}