{"test-loss": 12.279604434967041, "_step": 599, "_runtime": 43, "_timestamp": 1613679790, "test-acc": 0.4875, "graph_0": {"_type": "graph-file", "path": "media/graph/graph_0_summary_f94126eb.graph.json", "sha256": "f94126eb0857f31958ba0df226b2f65cfa98183a82f71033fff9d6cdfb89e811", "size": 1411}, "train-loss": 0.00038846429954730866, "train-acc": 0.999999999999994}