{"test-loss": 4.4418230056762695, "_step": 599, "_runtime": 36, "_timestamp": 1614181250, "test-acc": 0.5195, "graph_0": {"_type": "graph-file", "path": "media/graph/graph_0_summary_d1b4f03f.graph.json", "sha256": "d1b4f03f2b35f9cc005a1202e0bf9c7c57136c549e0ce2d5ccb7ad07f03a2ec9", "size": 1411}, "train-loss": 0.0012423564330674708, "train-acc": 0.9999999999999756}