{"test-loss": 1.3862944841384888, "_step": 599, "_runtime": 127, "_timestamp": 1613747401, "test-acc": 0.505, "graph_0": {"_type": "graph-file", "path": "media/graph/graph_0_summary_38e0e158.graph.json", "sha256": "38e0e158f3671fd1eb6cadd1c7bd738703520649ec37679ddc798bd0dd42d641", "size": 1411}, "train-loss": 0.6931470632553101, "train-acc": 0.4974060058593742}