{"test-loss": 1.3862944841384888, "_step": 599, "_runtime": 122, "_timestamp": 1613790708, "test-acc": 0.505, "graph_0": {"_type": "graph-file", "path": "media/graph/graph_0_summary_d61382a0.graph.json", "sha256": "d61382a0e737d6304eaf92b850eb557821c8a3536d065d243886080aa6bbeef8", "size": 1411}, "train-loss": 0.6931470632553101, "train-acc": 0.4999084472656242}