{"test-loss": 4.250694990158081, "_step": 599, "_runtime": 32, "_timestamp": 1614200876, "test-acc": 0.5165, "graph_0": {"_type": "graph-file", "path": "media/graph/graph_0_summary_64a6d9d9.graph.json", "sha256": "64a6d9d92520aaa1bdd9da06586b4bf569210757c5caf35997e496824058c27c", "size": 1411}, "train-loss": 0.000498766268719919, "train-acc": 0.9999999999999756}