{"test-loss": 0.014563419856131077, "_step": 599, "_runtime": 424, "_timestamp": 1614026658, "test-acc": 1.0, "graph_0": {"_type": "graph-file", "path": "media/graph/graph_0_summary_7d3d107f.graph.json", "sha256": "7d3d107fbbd7f71ab927dd20ebd1e4f7163852d28d38fea319b9887ef97f6c0e", "size": 1411}, "train-loss": 0.006761628785170615, "train-acc": 0.999984741210936}