{"test-loss": 0.04953140206634998, "_step": 599, "_runtime": 37, "_timestamp": 1613642403, "test-acc": 0.9935, "graph_0": {"_type": "graph-file", "path": "media/graph/graph_0_summary_04645ccd.graph.json", "sha256": "04645ccd164a8e6b06a28b61075b087bd18a163f6b201b3efe4432764c711ff7", "size": 1411}, "train-loss": 0.00804309465456754, "train-acc": 0.999694824218744}