{"test-loss": 0.01854031626135111, "_step": 599, "_runtime": 428, "_timestamp": 1614012184, "test-acc": 1.0, "graph_0": {"_type": "graph-file", "path": "media/graph/graph_0_summary_be12cf0d.graph.json", "sha256": "be12cf0da61117db998db6b22b213cad9bd7388999237d244849ce753aeb9796", "size": 1411}, "train-loss": 0.008661104831844568, "train-acc": 0.9999999999999984}