{"test-loss": 1.3862944841384888, "_step": 599, "_runtime": 122, "_timestamp": 1613792024, "test-acc": 0.505, "graph_0": {"_type": "graph-file", "path": "media/graph/graph_0_summary_cd7ff8c6.graph.json", "sha256": "cd7ff8c68e263dc8ac65b9cd5e582b096361c0f5bb8118e450c8f9bee9c89f63", "size": 1411}, "train-loss": 0.6931470632553101, "train-acc": 0.5008392333984367}