{"test-loss": 1.3862944841384888, "_step": 599, "_runtime": 431, "_timestamp": 1613967608, "test-acc": 0.505, "graph_0": {"_type": "graph-file", "path": "media/graph/graph_0_summary_5f90f7ff.graph.json", "sha256": "5f90f7ff39ae79df0628917c8271584e6894f9cacfd53e3b351dc79c82d0e8df", "size": 1411}, "train-loss": 0.6931470632553101, "train-acc": 0.4995880126953117}