{"test-loss": 25.34493064880371, "_step": 599, "_runtime": 37, "_timestamp": 1613650915, "test-acc": 0.527, "graph_0": {"_type": "graph-file", "path": "media/graph/graph_0_summary_02fdde17.graph.json", "sha256": "02fdde171ba54b84b4539aebb79db5aaa0c72b9484a9d57e2484d928fd4333c5", "size": 1411}, "train-loss": 1.2611502707004547, "train-acc": 0.8466186523437449}