{"test-loss": 1.3862944841384888, "_step": 599, "_runtime": 426, "_timestamp": 1613979989, "test-acc": 0.505, "graph_0": {"_type": "graph-file", "path": "media/graph/graph_0_summary_06ac9c65.graph.json", "sha256": "06ac9c6571577d8c8e29aecace052ed8783438996e64831a0c9ae645e191b6cb", "size": 1411}, "train-loss": 0.6931470632553101, "train-acc": 0.5014953613281242}