{"test-loss": 1.3862944841384888, "_step": 599, "_runtime": 46, "_timestamp": 1613662541, "test-acc": 0.4975, "graph_0": {"_type": "graph-file", "path": "media/graph/graph_0_summary_041af4bc.graph.json", "sha256": "041af4bc577c34a6e041c6ef7c102d007140e8efa445befa3851dfe3e8b27d70", "size": 1411}, "train-loss": 0.6931471824645996, "train-acc": 0.497619628906247}