{"test-loss": 0.009447871707379818, "_step": 599, "_runtime": 148, "_timestamp": 1614054458, "test-acc": 1.0, "graph_0": {"_type": "graph-file", "path": "media/graph/graph_0_summary_87d51094.graph.json", "sha256": "87d5109460ec08409653900e3d1ab29175f759834d8a19fecf54725e7359e739", "size": 1411}, "train-loss": 0.005269196350127459, "train-acc": 0.9999999999999984}