{"test-loss": 0.01096946932375431, "_step": 599, "_runtime": 123, "_timestamp": 1613771219, "test-acc": 1.0, "graph_0": {"_type": "graph-file", "path": "media/graph/graph_0_summary_51240458.graph.json", "sha256": "512404587e0a372db03f665df7490378deeba457794481fa0119d7a66512a482", "size": 1411}, "train-loss": 0.005631931242533028, "train-acc": 0.9999999999999984}