{"test-loss": 0.00885915057733655, "_step": 599, "_runtime": 37, "_timestamp": 1613643210, "test-acc": 1.0, "graph_0": {"_type": "graph-file", "path": "media/graph/graph_0_summary_35679f45.graph.json", "sha256": "35679f45d34f7d48bddbf999480a3e36407d9712791e25cc3175ee6770ab0aa7", "size": 1411}, "train-loss": 0.004515525884926319, "train-acc": 0.999999999999994}