{"test-loss": 13.88812780380249, "_step": 599, "_runtime": 44, "_timestamp": 1613674220, "test-acc": 0.5085, "graph_0": {"_type": "graph-file", "path": "media/graph/graph_0_summary_5ea935a2.graph.json", "sha256": "5ea935a2c5ca0821c53f3dad3577356210e20f3ab0a033931739a2ebe026b113", "size": 1411}, "train-loss": 0.0003663935740405577, "train-acc": 0.999999999999994}