{"test-loss": 1.3862944841384888, "_step": 599, "_runtime": 149, "_timestamp": 1614066911, "test-acc": 0.505, "graph_0": {"_type": "graph-file", "path": "media/graph/graph_0_summary_e3dc28b6.graph.json", "sha256": "e3dc28b69e4d571202fc261f99a21e79b9a84ae8382bedb2e0e5c5a0c6f70fac", "size": 1411}, "train-loss": 0.6931470632553101, "train-acc": 0.5010833740234367}