{"test-loss": 6.852968692779541, "_step": 599, "_runtime": 36, "_timestamp": 1614180281, "test-acc": 0.512, "graph_0": {"_type": "graph-file", "path": "media/graph/graph_0_summary_6d6da3d8.graph.json", "sha256": "6d6da3d8bef368f9aca355eb414ccb4f71ca87ac19684a7ddb7e42b7576f3b85", "size": 1411}, "train-loss": 0.0014345356612466276, "train-acc": 0.9999999999999756}