{"test-loss": 1.3862944841384888, "_step": 599, "_runtime": 427, "_timestamp": 1613958785, "test-acc": 0.505, "graph_0": {"_type": "graph-file", "path": "media/graph/graph_0_summary_e944e5a5.graph.json", "sha256": "e944e5a5f15086695549ed7b6ae7518bb8011d730e09d885ebf4ceedb2eb8120", "size": 1411}, "train-loss": 0.6931470632553101, "train-acc": 0.4998779296874992}