{"test-loss": 3.752131462097168, "_step": 599, "_runtime": 32, "_timestamp": 1614185153, "test-acc": 0.5125, "graph_0": {"_type": "graph-file", "path": "media/graph/graph_0_summary_d1fdb425.graph.json", "sha256": "d1fdb4257075691b3c9a8f50c483317469c208ee933313b4da3500990967b048", "size": 1411}, "train-loss": 0.002626494737342, "train-acc": 0.9999999999999756}