{"test-loss": 0.017012852244079113, "_step": 599, "_runtime": 145, "_timestamp": 1614093359, "test-acc": 1.0, "graph_0": {"_type": "graph-file", "path": "media/graph/graph_0_summary_1b234559.graph.json", "sha256": "1b234559c074e2d427881a3c9d536ae80e6c865e683e4ec993563155dbacdc97", "size": 1411}, "train-loss": 0.007548078312538564, "train-acc": 0.999984741210936}