{"test-loss": 1.3862944841384888, "_step": 599, "_runtime": 32, "_timestamp": 1614190034, "test-acc": 0.4945, "graph_0": {"_type": "graph-file", "path": "media/graph/graph_0_summary_47c682c1.graph.json", "sha256": "47c682c1b09060d83e3f7ba1a1833050a4df7ccb5896d7d2fe618a8466ccfe73", "size": 1411}, "train-loss": 0.6931471824645996, "train-acc": 0.5256347656249871}