{"test-loss": 1.3862944841384888, "_step": 599, "_runtime": 36, "_timestamp": 1614190313, "test-acc": 0.4945, "graph_0": {"_type": "graph-file", "path": "media/graph/graph_0_summary_708e1f3b.graph.json", "sha256": "708e1f3b628cc8928917ff4949f245a46b40234f05bfb68d2eac2c99c7fca040", "size": 1411}, "train-loss": 0.6931471824645996, "train-acc": 0.5063476562499877}