{"test-loss": 20.855360984802246, "_step": 599, "_runtime": 37, "_timestamp": 1613650485, "test-acc": 0.508, "graph_0": {"_type": "graph-file", "path": "media/graph/graph_0_summary_6179a11f.graph.json", "sha256": "6179a11f582145fabd2b4d9bd95ebf82f95294fd9020fccd8660076a68758d7e", "size": 1411}, "train-loss": 0.4382007271051407, "train-acc": 0.9171752929687444}