{"test-loss": 1.3862944841384888, "_step": 599, "_runtime": 35, "_timestamp": 1614189348, "test-acc": 0.4945, "graph_0": {"_type": "graph-file", "path": "media/graph/graph_0_summary_3caad593.graph.json", "sha256": "3caad593c50998185073483667774b622b091ef3340570cbf689d32cc6d2e641", "size": 1411}, "train-loss": 0.6931471824645996, "train-acc": 0.4965820312499879}