{"test-loss": 9.496342658996582, "_step": 599, "_runtime": 31, "_timestamp": 1614201729, "test-acc": 0.511, "graph_0": {"_type": "graph-file", "path": "media/graph/graph_0_summary_c4d6f1fd.graph.json", "sha256": "c4d6f1fd2e9c2d8b37baba1fb595306598a73dd5c1d2973d0e731c1234f25664", "size": 1411}, "train-loss": 0.006716825184412301, "train-acc": 0.9999999999999756}