{"test-loss": 0.012289890088140965, "_step": 599, "_runtime": 124, "_timestamp": 1613772023, "test-acc": 1.0, "graph_0": {"_type": "graph-file", "path": "media/graph/graph_0_summary_af878b04.graph.json", "sha256": "af878b043901a74c4aff766603102ece465a1a602396a864f27b15f766b061f1", "size": 1411}, "train-loss": 0.005534607102163136, "train-acc": 0.9999999999999984}