{"test-loss": 1.3862944841384888, "_step": 599, "_runtime": 38, "_timestamp": 1613629713, "test-acc": 0.5025, "graph_0": {"_type": "graph-file", "path": "media/graph/graph_0_summary_60bf8157.graph.json", "sha256": "60bf8157d41aa66db762835171503a02ac3bd555ddbd4bcaae04bacd90aa1bd3", "size": 1411}, "train-loss": 0.6931473016738892, "train-acc": 0.497314453124997}