{"test-loss": 4.3657145500183105, "_step": 599, "_runtime": 28, "_timestamp": 1614111012, "test-acc": 0.5155, "graph_0": {"_type": "graph-file", "path": "media/graph/graph_0_summary_8c27a718.graph.json", "sha256": "8c27a718c21009a19c295cd696c458acd2349ab3911447a4bc4e2180a7f641e8", "size": 1411}, "train-loss": 0.0002970585919683799, "train-acc": 0.9999999999999756}