{"test-loss": 5.021443605422974, "_step": 599, "_runtime": 24, "_timestamp": 1614111511, "test-acc": 0.5235, "graph_0": {"_type": "graph-file", "path": "media/graph/graph_0_summary_595c72fd.graph.json", "sha256": "595c72fde9ffb96aa36ec4c6aa1b7741794f14ce1b385b5d6497ad68075c6615", "size": 1411}, "train-loss": 0.0003109786848654039, "train-acc": 0.9999999999999756}