{"test-loss": 1.2650789022445679, "_step": 599, "_runtime": 425, "_timestamp": 1613996312, "test-acc": 0.6285, "graph_0": {"_type": "graph-file", "path": "media/graph/graph_0_summary_08f61dcf.graph.json", "sha256": "08f61dcf81837628e81285af212be9bed11ca951454fbba0e0afd65cd3c22955", "size": 1411}, "train-loss": 0.6423574984073639, "train-acc": 0.5968933105468741}