{"test-loss": 15.13355541229248, "_step": 599, "_runtime": 38, "_timestamp": 1613637851, "test-acc": 0.503, "graph_0": {"_type": "graph-file", "path": "media/graph/graph_0_summary_6d11768e.graph.json", "sha256": "6d11768ea81501ab6efe6da81d0fb99eff787e8e3bc5015bfb62659f8d728cc1", "size": 1411}, "train-loss": 0.3518570065498352, "train-acc": 0.8680419921874948}