{"test-loss": 1.3862944841384888, "_step": 599, "_runtime": 25, "_timestamp": 1614116814, "test-acc": 0.4945, "graph_0": {"_type": "graph-file", "path": "media/graph/graph_0_summary_33b9b908.graph.json", "sha256": "33b9b908154c1d40cc6210fefb0343aba195a128889e03c0c90f6adf06242965", "size": 1411}, "train-loss": 0.6931471824645996, "train-acc": 0.4960937499999879}