{"test-loss": 2.700440287590027, "_step": 599, "_runtime": 38, "_timestamp": 1613641123, "test-acc": 0.8455, "graph_0": {"_type": "graph-file", "path": "media/graph/graph_0_summary_c8e11215.graph.json", "sha256": "c8e112159b1c72252bc7d726c9f99d93d6af8d0ccf41f77abf5955e729f0b0cd", "size": 1411}, "train-loss": 0.020867763552814722, "train-acc": 0.992248535156244}