{"test-loss": 14.898852825164795, "_step": 599, "_runtime": 43, "_timestamp": 1613688498, "test-acc": 0.5015, "graph_0": {"_type": "graph-file", "path": "media/graph/graph_0_summary_2930eaef.graph.json", "sha256": "2930eaeff4db5945ae3dc65af3a6d0c6b2bfc1590cf5592d5d840bffa7374982", "size": 1411}, "train-loss": 0.00031142493017449757, "train-acc": 0.999999999999994}