{"test-loss": 1.3862944841384888, "_step": 599, "_runtime": 122, "_timestamp": 1613766547, "test-acc": 0.505, "graph_0": {"_type": "graph-file", "path": "media/graph/graph_0_summary_1b3b8750.graph.json", "sha256": "1b3b875056855801bb20b9635e306ec642999b47b0c8e233f96e3a5551346faf", "size": 1411}, "train-loss": 0.6931470632553101, "train-acc": 0.5011596679687492}