{"test-loss": 1.3862944841384888, "_step": 599, "_runtime": 423, "_timestamp": 1613966278, "test-acc": 0.495, "graph_0": {"_type": "graph-file", "path": "media/graph/graph_0_summary_0ea567b2.graph.json", "sha256": "0ea567b2d38965de52f01a69c9ca82c65e8de72e73e6e75d73ceb086bb6c8047", "size": 1411}, "train-loss": 0.6931470632553101, "train-acc": 0.4974670410156242}