{"test-loss": 7.3227715492248535, "_step": 599, "_runtime": 31, "_timestamp": 1614195923, "test-acc": 0.5135, "graph_0": {"_type": "graph-file", "path": "media/graph/graph_0_summary_f42c61c1.graph.json", "sha256": "f42c61c1845675e7488f71b120525875dcc62d0753efdeaeb34732ea9fa12822", "size": 1411}, "train-loss": 0.00557932339143008, "train-acc": 0.9999999999999756}