{"test-loss": 0.2829239070415497, "_step": 599, "_runtime": 38, "_timestamp": 1613631719, "test-acc": 0.968, "graph_0": {"_type": "graph-file", "path": "media/graph/graph_0_summary_35f21c0f.graph.json", "sha256": "35f21c0f1c4619b288892931051a3cacff73073979f58e292ad45cd90a56a608", "size": 1411}, "train-loss": 0.08366621658205986, "train-acc": 0.991271972656244}