{"test-loss": 1.3862944841384888, "_step": 599, "_runtime": 122, "_timestamp": 1613788205, "test-acc": 0.505, "graph_0": {"_type": "graph-file", "path": "media/graph/graph_0_summary_5007ad83.graph.json", "sha256": "5007ad8334bb01d2d6dccb50e8226e522609ed50441593525f9c81110695e1d5", "size": 1411}, "train-loss": 0.6931470632553101, "train-acc": 0.4950408935546867}