{"test-loss": 1.3862944841384888, "_step": 599, "_runtime": 32, "_timestamp": 1614191090, "test-acc": 0.4945, "graph_0": {"_type": "graph-file", "path": "media/graph/graph_0_summary_4d5534c8.graph.json", "sha256": "4d5534c894addfa261773d2f37b263508526c0f8ca68ea8f823938cccf099137", "size": 1411}, "train-loss": 0.6931471824645996, "train-acc": 0.5102539062499876}