{"test-loss": 40.72824668884277, "_step": 599, "_runtime": 43, "_timestamp": 1613682354, "test-acc": 0.5065, "graph_0": {"_type": "graph-file", "path": "media/graph/graph_0_summary_5389f86e.graph.json", "sha256": "5389f86ed1f9e191ec2d77054f579229d760ad73fa14b212d882ed7239582035", "size": 1411}, "train-loss": 0.00017768135739970603, "train-acc": 0.999999999999994}