{"test-loss": 0.016522029414772987, "_step": 599, "_runtime": 426, "_timestamp": 1614000283, "test-acc": 1.0, "graph_0": {"_type": "graph-file", "path": "media/graph/graph_0_summary_2489e05d.graph.json", "sha256": "2489e05dff7799c126cec4c751a79300cf6f41f7fa5acb6fdfc5dc039566fc28", "size": 1411}, "train-loss": 0.00801559048704803, "train-acc": 0.9999999999999984}