{"test-loss": 5.114471912384033, "_step": 599, "_runtime": 31, "_timestamp": 1614191180, "test-acc": 0.49, "graph_0": {"_type": "graph-file", "path": "media/graph/graph_0_summary_16e6d06e.graph.json", "sha256": "16e6d06e3c9fbabfee66e3fd0ab5d8ec27c39601f0f567f35549a8471938d85a", "size": 1411}, "train-loss": 0.004371199640445411, "train-acc": 0.9999999999999756}