{"test-loss": 1.3862944841384888, "_step": 599, "_runtime": 150, "_timestamp": 1614070549, "test-acc": 0.505, "graph_0": {"_type": "graph-file", "path": "media/graph/graph_0_summary_e2b4ab1f.graph.json", "sha256": "e2b4ab1fe7ca6e5ac2890ac51af3b205caa8eedd28fb72b7dd1fcdb7eb7dee88", "size": 1411}, "train-loss": 0.6931470632553101, "train-acc": 0.5022888183593742}