{"test-loss": 5.146056413650513, "_step": 599, "_runtime": 24, "_timestamp": 1614117315, "test-acc": 0.477, "graph_0": {"_type": "graph-file", "path": "media/graph/graph_0_summary_4837e158.graph.json", "sha256": "4837e158d2070e6b31df6f44782705c443465b684cb3e6662a394153a8bdeb31", "size": 1411}, "train-loss": 0.00028307392494753003, "train-acc": 0.9999999999999756}