{"test-loss": 7.3227715492248535, "_step": 599, "_runtime": 32, "_timestamp": 1614191316, "test-acc": 0.5135, "graph_0": {"_type": "graph-file", "path": "media/graph/graph_0_summary_1db69ef0.graph.json", "sha256": "1db69ef01b51d9ba8b70eab22165b3ec156a054f712a8fcb0bc3d54741a2c336", "size": 1411}, "train-loss": 0.00557932339143008, "train-acc": 0.9999999999999756}