{"test-loss": 5.687119722366333, "_step": 599, "_runtime": 25, "_timestamp": 1614119244, "test-acc": 0.4975, "graph_0": {"_type": "graph-file", "path": "media/graph/graph_0_summary_a167220f.graph.json", "sha256": "a167220fe79d9255f950f040d58efb866641c62690dbfd2faf1acc06ae04d189", "size": 1411}, "train-loss": 0.0003246778724133037, "train-acc": 0.9999999999999756}