{"test-loss": 9.647970199584961, "_step": 599, "_runtime": 36, "_timestamp": 1613643347, "test-acc": 0.553, "graph_0": {"_type": "graph-file", "path": "media/graph/graph_0_summary_48c59373.graph.json", "sha256": "48c593730d8e4633e6ce3aa940bdda90d4eab5c5d6a48141e89473f7b71a09fa", "size": 1411}, "train-loss": 0.5584739744663239, "train-acc": 0.8562622070312449}