{"test-loss": 5.153707265853882, "_step": 599, "_runtime": 37, "_timestamp": 1613631860, "test-acc": 0.716, "graph_0": {"_type": "graph-file", "path": "media/graph/graph_0_summary_4ce462c3.graph.json", "sha256": "4ce462c3d4718be76d56f53d48ab242a92c5ef234d555e6a06d3f54e969282f7", "size": 1411}, "train-loss": 0.2433023415505886, "train-acc": 0.9312133789062444}