{"test-loss": 1.3862944841384888, "_step": 599, "_runtime": 427, "_timestamp": 1613947777, "test-acc": 0.505, "graph_0": {"_type": "graph-file", "path": "media/graph/graph_0_summary_4133b8be.graph.json", "sha256": "4133b8be4e07d43197d1dc912ff372d415776a057dfef86f30a9cbcb05f61337", "size": 1411}, "train-loss": 0.6931470632553101, "train-acc": 0.4980468749999992}