{"test-loss": 4.3560333251953125, "_step": 599, "_runtime": 33, "_timestamp": 1614186384, "test-acc": 0.509, "graph_0": {"_type": "graph-file", "path": "media/graph/graph_0_summary_72baec94.graph.json", "sha256": "72baec94448cc4ccd32a268654bf36cc05953b0f7e5cbdb61367f49f8e430274", "size": 1411}, "train-loss": 0.004522539093159139, "train-acc": 0.9999999999999756}