{"test-loss": 3.8472609519958496, "_step": 599, "_runtime": 36, "_timestamp": 1614179155, "test-acc": 0.5255, "graph_0": {"_type": "graph-file", "path": "media/graph/graph_0_summary_9c9ae833.graph.json", "sha256": "9c9ae8336e8e926bac27410a13be0449dbd3cd3f33c14376928217171974a351", "size": 1411}, "train-loss": 0.0035564041463658214, "train-acc": 0.9999999999999756}