{"test-loss": 1.3862944841384888, "_step": 599, "_runtime": 124, "_timestamp": 1613757384, "test-acc": 0.505, "graph_0": {"_type": "graph-file", "path": "media/graph/graph_0_summary_b5aeafd4.graph.json", "sha256": "b5aeafd4282cdc66db344619b1bc77b24671c481d88ad1c753770355c2df5aa9", "size": 1411}, "train-loss": 0.6931470632553101, "train-acc": 0.4976043701171867}