{"test-loss": 1.3862944841384888, "_step": 599, "_runtime": 123, "_timestamp": 1613759514, "test-acc": 0.505, "graph_0": {"_type": "graph-file", "path": "media/graph/graph_0_summary_516a4bdf.graph.json", "sha256": "516a4bdf865e62cbb47558e59b233c2ce0095ff84ea1b5bb577d59bf234f4e6b", "size": 1411}, "train-loss": 0.6931470632553101, "train-acc": 0.5014038085937492}