{"test-loss": 1.3862944841384888, "_step": 599, "_runtime": 24, "_timestamp": 1614115444, "test-acc": 0.4945, "graph_0": {"_type": "graph-file", "path": "media/graph/graph_0_summary_635ec990.graph.json", "sha256": "635ec990e9b965b64809f841674f7ae68474a01fca5f4f44d5f0fc80e60963c8", "size": 1411}, "train-loss": 0.6931471824645996, "train-acc": 0.48950195312498807}