{"test-loss": 4.759983539581299, "_step": 599, "_runtime": 22, "_timestamp": 1614114785, "test-acc": 0.508, "graph_0": {"_type": "graph-file", "path": "media/graph/graph_0_summary_99337a71.graph.json", "sha256": "99337a713a338f8d7f0bfb7d8ec7b846530b347aa0bd668a51a229bb01df7fc1", "size": 1411}, "train-loss": 0.00030729024001630023, "train-acc": 0.9999999999999756}