{"test-loss": 1.3862944841384888, "_step": 599, "_runtime": 428, "_timestamp": 1613987056, "test-acc": 0.505, "graph_0": {"_type": "graph-file", "path": "media/graph/graph_0_summary_ae54b3e4.graph.json", "sha256": "ae54b3e41b33712c4029f7389899c972d3583b120ac20e83df6cf809c0f37ff3", "size": 1411}, "train-loss": 0.6931470632553101, "train-acc": 0.4987792968749992}