{"test-loss": 8.343587398529053, "_step": 599, "_runtime": 46, "_timestamp": 1613684242, "test-acc": 0.524, "graph_0": {"_type": "graph-file", "path": "media/graph/graph_0_summary_4f6a56e2.graph.json", "sha256": "4f6a56e257b5b562ab62d38a9dac30f61621af2ad27435121f9c333bc7a25d41", "size": 1411}, "train-loss": 0.00037652786886610556, "train-acc": 0.999999999999994}