{"test-loss": 10.207831382751465, "_step": 599, "_runtime": 25, "_timestamp": 1614123222, "test-acc": 0.5055, "graph_0": {"_type": "graph-file", "path": "media/graph/graph_0_summary_53fdaef4.graph.json", "sha256": "53fdaef48a853915e3e8adfbe92f91aa6bfac88cd5fd95517074a2b59cca2c68", "size": 1411}, "train-loss": 0.0004400375109980814, "train-acc": 0.9999999999999756}