{"test-loss": 5.871008634567261, "_step": 599, "_runtime": 32, "_timestamp": 1614185926, "test-acc": 0.509, "graph_0": {"_type": "graph-file", "path": "media/graph/graph_0_summary_9ab4dab7.graph.json", "sha256": "9ab4dab798abd42d486305f2f82c94beb98598a092276bb024ab3e8547670ea7", "size": 1411}, "train-loss": 0.00277430925052613, "train-acc": 0.9999999999999756}