{"test-loss": 1.3862944841384888, "_step": 599, "_runtime": 123, "_timestamp": 1613783595, "test-acc": 0.505, "graph_0": {"_type": "graph-file", "path": "media/graph/graph_0_summary_6f879ee3.graph.json", "sha256": "6f879ee346de4f6c68bbbfda5274cd36db2620b2ef471849c515d682e6c24b43", "size": 1411}, "train-loss": 0.6931470632553101, "train-acc": 0.4998931884765617}