{"test-loss": 0.013198141939938068, "_step": 599, "_runtime": 122, "_timestamp": 1613765229, "test-acc": 1.0, "graph_0": {"_type": "graph-file", "path": "media/graph/graph_0_summary_a3c9bbb5.graph.json", "sha256": "a3c9bbb5171988a79daff5100c814de75625df12c305cccb9bdd242d5c5d1545", "size": 1411}, "train-loss": 0.006310005905106664, "train-acc": 0.9999999999999984}