{"test-loss": 12.048316478729248, "_step": 599, "_runtime": 42, "_timestamp": 1613683611, "test-acc": 0.494, "graph_0": {"_type": "graph-file", "path": "media/graph/graph_0_summary_62bbca40.graph.json", "sha256": "62bbca40350bfac16e071f0ca5940a40e9ac7f3fdec00c6e19c4163b4f7a2b8b", "size": 1411}, "train-loss": 0.00031855003592795583, "train-acc": 0.999999999999994}