{"test-loss": 4.039620399475098, "_step": 599, "_runtime": 22, "_timestamp": 1614113686, "test-acc": 0.517, "graph_0": {"_type": "graph-file", "path": "media/graph/graph_0_summary_ac9ad894.graph.json", "sha256": "ac9ad894a26bdcc4af2442cda0197411e145f6d502a9a713c84d41c7d2ae9ff6", "size": 1411}, "train-loss": 0.0004284585520508699, "train-acc": 0.9999999999999756}