{"test-loss": 4.684473037719727, "_step": 599, "_runtime": 32, "_timestamp": 1614183795, "test-acc": 0.5145, "graph_0": {"_type": "graph-file", "path": "media/graph/graph_0_summary_fb6b5b72.graph.json", "sha256": "fb6b5b72db8e43958ea5d644a6e998f60f9e7bbff212fe830ba812e6d6f42634", "size": 1411}, "train-loss": 0.004767688806168735, "train-acc": 0.9999999999999756}