{"test-loss": 1.3862944841384888, "_step": 599, "_runtime": 45, "_timestamp": 1613664060, "test-acc": 0.4975, "graph_0": {"_type": "graph-file", "path": "media/graph/graph_0_summary_61d67d67.graph.json", "sha256": "61d67d67c36538b2f3a29cabd7040df45d602e216d151b9f587589e8f73e1641", "size": 1411}, "train-loss": 0.6931471824645996, "train-acc": 0.495666503906247}