{"test-loss": 1.3862944841384888, "_step": 599, "_runtime": 149, "_timestamp": 1614066249, "test-acc": 0.505, "graph_0": {"_type": "graph-file", "path": "media/graph/graph_0_summary_96f27b6e.graph.json", "sha256": "96f27b6e2fc2c1226debc5989155dace5cf29fc0e0953d762bc593d668080fa6", "size": 1411}, "train-loss": 0.6931470632553101, "train-acc": 0.4976043701171867}