{"test-loss": 14.214859962463379, "_step": 599, "_runtime": 45, "_timestamp": 1613664499, "test-acc": 0.4845, "graph_0": {"_type": "graph-file", "path": "media/graph/graph_0_summary_c3532f9a.graph.json", "sha256": "c3532f9a10974bba48243f6ffd4d7df1d6599bd3b6fadef75634d60c300caff0", "size": 1411}, "train-loss": 0.0002710639497820466, "train-acc": 0.999999999999994}