{"test-loss": 1.3862944841384888, "_step": 599, "_runtime": 426, "_timestamp": 1613974243, "test-acc": 0.505, "graph_0": {"_type": "graph-file", "path": "media/graph/graph_0_summary_0ae89fd2.graph.json", "sha256": "0ae89fd20eddb32ac4a18f84ceb9e9a264d2a396840b77a2b5e9330219645540", "size": 1411}, "train-loss": 0.6931470632553101, "train-acc": 0.4999084472656242}