{"test-loss": 1.3862944841384888, "_step": 599, "_runtime": 125, "_timestamp": 1613793875, "test-acc": 0.505, "graph_0": {"_type": "graph-file", "path": "media/graph/graph_0_summary_78c7d914.graph.json", "sha256": "78c7d9148eb807e918d00c8973e45d52f97dfb47f1651f1cd3ba8d637f7662cb", "size": 1411}, "train-loss": 0.6931470632553101, "train-acc": 0.4985961914062492}