{"test-loss": 6.399971961975098, "_step": 599, "_runtime": 24, "_timestamp": 1614119966, "test-acc": 0.5075, "graph_0": {"_type": "graph-file", "path": "media/graph/graph_0_summary_b038b6d8.graph.json", "sha256": "b038b6d84356752692455f03ccd28473d8e2526ea55ea6fe61c52443b64074b2", "size": 1411}, "train-loss": 0.00032768931123428047, "train-acc": 0.9999999999999756}