{"test-loss": 1.3862944841384888, "_step": 599, "_runtime": 122, "_timestamp": 1613786889, "test-acc": 0.505, "graph_0": {"_type": "graph-file", "path": "media/graph/graph_0_summary_a4932c89.graph.json", "sha256": "a4932c89e492c3c870ee542c2e0c3b82b22c3433ce8fe6a34320e824b0ba4798", "size": 1411}, "train-loss": 0.6931470632553101, "train-acc": 0.5011596679687492}