{"test-loss": 7.887828588485718, "_step": 599, "_runtime": 36, "_timestamp": 1614181722, "test-acc": 0.5055, "graph_0": {"_type": "graph-file", "path": "media/graph/graph_0_summary_7912cf99.graph.json", "sha256": "7912cf993907b3e5b2e5af14d245b89030a0698c693cedfd6d2edaba3db2642d", "size": 1411}, "train-loss": 0.011658577714115381, "train-acc": 0.9999999999999756}