{"test-loss": 25.823721885681152, "_step": 599, "_runtime": 37, "_timestamp": 1613636296, "test-acc": 0.5195, "graph_0": {"_type": "graph-file", "path": "media/graph/graph_0_summary_6017c36b.graph.json", "sha256": "6017c36be828f28f0ded67c266c069c89ff9c77ecaf255aa4545726f2bf0b47f", "size": 1411}, "train-loss": 0.0014480842801276594, "train-acc": 0.999999999999994}