{"test-loss": 13.29369306564331, "_step": 599, "_runtime": 45, "_timestamp": 1613666518, "test-acc": 0.483, "graph_0": {"_type": "graph-file", "path": "media/graph/graph_0_summary_160d054e.graph.json", "sha256": "160d054efd95b63d1cccb0b34792a14fc493c44223af3e778b9123e5548b32e3", "size": 1411}, "train-loss": 0.00025262026218797473, "train-acc": 0.999999999999994}