{"test-loss": 6.996606111526489, "_step": 599, "_runtime": 25, "_timestamp": 1614112554, "test-acc": 0.5085, "graph_0": {"_type": "graph-file", "path": "media/graph/graph_0_summary_a79b7b56.graph.json", "sha256": "a79b7b561aacfb212c2ccd29bb3be265e8288be3a4b2b91a1e32e5c8e6ff8414", "size": 1411}, "train-loss": 0.0003609864506870508, "train-acc": 0.9999999999999756}