{"test-loss": 1.323570728302002, "_step": 599, "_runtime": 123, "_timestamp": 1613793077, "test-acc": 0.58, "graph_0": {"_type": "graph-file", "path": "media/graph/graph_0_summary_eb2a2d86.graph.json", "sha256": "eb2a2d863aaa0e0b4037a2e5223b4d78f8d8bfe2b07b4d040c2c7ccd7b6d7708", "size": 1411}, "train-loss": 0.6645696759223938, "train-acc": 0.5672454833984366}