{"test-loss": 1.3724309206008911, "_step": 599, "_runtime": 426, "_timestamp": 1613972915, "test-acc": 0.553, "graph_0": {"_type": "graph-file", "path": "media/graph/graph_0_summary_fe7ba489.graph.json", "sha256": "fe7ba489e5228cc6107ff4acc5a40e8ca66a336af5af8e972d6daf657b75ff95", "size": 1411}, "train-loss": 0.6869619190692902, "train-acc": 0.5472869873046866}