{"test-loss": 1.3862944841384888, "_step": 599, "_runtime": 146, "_timestamp": 1614070053, "test-acc": 0.505, "graph_0": {"_type": "graph-file", "path": "media/graph/graph_0_summary_0b3f28d5.graph.json", "sha256": "0b3f28d5b67b9b64e6eefb0ae89ff00d567d65ea7e8dce590a359fd4ecd6afc1", "size": 1411}, "train-loss": 0.6931470632553101, "train-acc": 0.5007629394531242}