{"test-loss": 82.85201263427734, "_step": 599, "_runtime": 45, "_timestamp": 1613669810, "test-acc": 0.4985, "graph_0": {"_type": "graph-file", "path": "media/graph/graph_0_summary_d15c880f.graph.json", "sha256": "d15c880f060cd60ef984333308b4de179b5bc979181c5a00fef33ef0bf1025e4", "size": 1411}, "train-loss": 0.0001245869684112222, "train-acc": 0.999999999999994}