{"test-loss": 8.468088150024414, "_step": 599, "_runtime": 31, "_timestamp": 1614199910, "test-acc": 0.4825, "graph_0": {"_type": "graph-file", "path": "media/graph/graph_0_summary_5f0c11fc.graph.json", "sha256": "5f0c11fcdf11824e7ab4a798af0999adacb5e098ad3926b49a7a8bd64bf433e1", "size": 1411}, "train-loss": 0.002522533235605806, "train-acc": 0.9999999999999756}