{"test-loss": 1.3862944841384888, "_step": 599, "_runtime": 122, "_timestamp": 1613781352, "test-acc": 0.505, "graph_0": {"_type": "graph-file", "path": "media/graph/graph_0_summary_09c9ba9c.graph.json", "sha256": "09c9ba9c6c07c77dfb207005d643a6c181422444bf7e10409055404a9b8236a6", "size": 1411}, "train-loss": 0.6931470632553101, "train-acc": 0.4974060058593742}