{"test-loss": 1.3862944841384888, "_step": 599, "_runtime": 45, "_timestamp": 1613661825, "test-acc": 0.4975, "graph_0": {"_type": "graph-file", "path": "media/graph/graph_0_summary_662f2c95.graph.json", "sha256": "662f2c95050daab61fd9d6e1ab7c2467a5cfc2deb78cce031e9c17c20fc57e27", "size": 1411}, "train-loss": 0.6931471824645996, "train-acc": 0.495910644531247}