{"test-loss": 0.2719264030456543, "_step": 599, "_runtime": 123, "_timestamp": 1613765492, "test-acc": 0.991, "graph_0": {"_type": "graph-file", "path": "media/graph/graph_0_summary_87347595.graph.json", "sha256": "87347595e32d8b64275a4ea4ba918fe8a75d4c03a044036f83e78dfaaa5b823d", "size": 1411}, "train-loss": 0.13874713331460953, "train-acc": 0.9866027832031234}