{"test-loss": 8.543617725372314, "_step": 599, "_runtime": 37, "_timestamp": 1613651192, "test-acc": 0.501, "graph_0": {"_type": "graph-file", "path": "media/graph/graph_0_summary_eb9ba04b.graph.json", "sha256": "eb9ba04bbfc74500a192d678b9eb581447e19d5d08f000b2b1dabed19f474fcf", "size": 1411}, "train-loss": 0.6749266088008881, "train-acc": 0.7736206054687453}