{"test-loss": 4.738086462020874, "_step": 599, "_runtime": 32, "_timestamp": 1614188571, "test-acc": 0.5255, "graph_0": {"_type": "graph-file", "path": "media/graph/graph_0_summary_0b7a7c75.graph.json", "sha256": "0b7a7c75fef1c4f86624f8cec48e2f9396adcc1c73c30788b3caab4fdc549d59", "size": 1411}, "train-loss": 0.019091886468231678, "train-acc": 0.9999999999999756}