{"test-loss": 8.343587398529053, "_step": 599, "_runtime": 43, "_timestamp": 1613678900, "test-acc": 0.524, "graph_0": {"_type": "graph-file", "path": "media/graph/graph_0_summary_c8e686bf.graph.json", "sha256": "c8e686bfa09cdebbc9d720d214440bb532cc8fb23f043ce4acf78801986d8395", "size": 1411}, "train-loss": 0.00037652786886610556, "train-acc": 0.999999999999994}