{"test-loss": 11.840955257415771, "_step": 599, "_runtime": 43, "_timestamp": 1613680260, "test-acc": 0.504, "graph_0": {"_type": "graph-file", "path": "media/graph/graph_0_summary_81e86839.graph.json", "sha256": "81e8683982d729b6634e56ca0a9a525716f07a12df0e395e1b1558de362c7e46", "size": 1411}, "train-loss": 0.0003003141425352851, "train-acc": 0.999999999999994}