{"test-loss": 5.384385108947754, "_step": 599, "_runtime": 31, "_timestamp": 1614193983, "test-acc": 0.492, "graph_0": {"_type": "graph-file", "path": "media/graph/graph_0_summary_f938a1d3.graph.json", "sha256": "f938a1d34172da6abf31e1c35b6c5d678105d6bf3495ec8ba3e50b899681091e", "size": 1411}, "train-loss": 0.004810825921595097, "train-acc": 0.9999999999999756}