{"test-loss": 1.3862944841384888, "_step": 599, "_runtime": 152, "_timestamp": 1614064082, "test-acc": 0.495, "graph_0": {"_type": "graph-file", "path": "media/graph/graph_0_summary_0ed77c9e.graph.json", "sha256": "0ed77c9e99a37f0ffedf3acdc82f07826420a4bf65e16381c622b74485fad19f", "size": 1411}, "train-loss": 0.6931470632553101, "train-acc": 0.4973144531249992}