{"test-loss": 1.3862944841384888, "_step": 599, "_runtime": 122, "_timestamp": 1613755924, "test-acc": 0.505, "graph_0": {"_type": "graph-file", "path": "media/graph/graph_0_summary_ac52c722.graph.json", "sha256": "ac52c722e6002312e7470c8c087e9f2de7705a23b8a1fd0301b3b450642b4364", "size": 1411}, "train-loss": 0.6931470632553101, "train-acc": 0.5000152587890617}