{"test-loss": 1.3862944841384888, "_step": 599, "_runtime": 123, "_timestamp": 1613789130, "test-acc": 0.505, "graph_0": {"_type": "graph-file", "path": "media/graph/graph_0_summary_0ee46318.graph.json", "sha256": "0ee46318ea49a93abb9d48283606c826372f0eab3c076e8fec2ad2e6025f8e86", "size": 1411}, "train-loss": 0.6931470632553101, "train-acc": 0.5040740966796867}