{"test-loss": 12.684826374053955, "_step": 599, "_runtime": 37, "_timestamp": 1613638070, "test-acc": 0.5265, "graph_0": {"_type": "graph-file", "path": "media/graph/graph_0_summary_ef94129f.graph.json", "sha256": "ef94129f9f6fa879ede46a91dc4070daa29aa2bed70c2891148c965f74435e6b", "size": 1411}, "train-loss": 0.6529777944087982, "train-acc": 0.8161621093749951}