{"test-loss": 1.7876781225204468, "_step": 599, "_runtime": 37, "_timestamp": 1613646416, "test-acc": 0.8385, "graph_0": {"_type": "graph-file", "path": "media/graph/graph_0_summary_64489999.graph.json", "sha256": "644899997331de42a8afa6c70af6cd775a21b1668b27ae3d71b29dab3945a675", "size": 1411}, "train-loss": 0.18864185735583305, "train-acc": 0.9458618164062443}