{"test-loss": 1.3862944841384888, "_step": 599, "_runtime": 38, "_timestamp": 1613629052, "test-acc": 0.5025, "graph_0": {"_type": "graph-file", "path": "media/graph/graph_0_summary_16d786a4.graph.json", "sha256": "16d786a4d682c0c51cafc7375489be420e8cfcf6652a985b41bee36e1f74e059", "size": 1411}, "train-loss": 0.6931473016738892, "train-acc": 0.49426269531249706}