{"test-loss": 45.09288024902344, "_step": 599, "_runtime": 43, "_timestamp": 1613679477, "test-acc": 0.4885, "graph_0": {"_type": "graph-file", "path": "media/graph/graph_0_summary_1e3443c7.graph.json", "sha256": "1e3443c770b2e56dbbdee22be7a64815c55ae8080eaf6061bc446dd153402428", "size": 1411}, "train-loss": 8.731088291824562e-05, "train-acc": 0.999999999999994}