{"test-loss": 382.6300811767578, "_step": 599, "_runtime": 45, "_timestamp": 1613667452, "test-acc": 0.4945, "graph_0": {"_type": "graph-file", "path": "media/graph/graph_0_summary_71afa53c.graph.json", "sha256": "71afa53cdc00a9451b9c90cae55324ea645d0cf1ab6cc703a6066f8d7f0dd7ce", "size": 1411}, "train-loss": 1.0183892412897535, "train-acc": 0.9302368164062444}