{"test-loss": 3.7510905265808105, "_step": 599, "_runtime": 32, "_timestamp": 1614196727, "test-acc": 0.5125, "graph_0": {"_type": "graph-file", "path": "media/graph/graph_0_summary_ee820052.graph.json", "sha256": "ee820052c3cf2e25cd1dbdae177abbc8770b6127315455428d675314baba2fcf", "size": 1411}, "train-loss": 0.0026315947179682553, "train-acc": 0.9999999999999756}