{"test-loss": 0.01441264571622014, "_step": 599, "_runtime": 123, "_timestamp": 1613780032, "test-acc": 1.0, "graph_0": {"_type": "graph-file", "path": "media/graph/graph_0_summary_8dcc2c1f.graph.json", "sha256": "8dcc2c1f07fd756dabb418dcd39c9fd9ed973b283f8482efe8eaf5f703c0d032", "size": 1411}, "train-loss": 0.0075843631057068706, "train-acc": 0.9999694824218734}