{"test-loss": 1.3862944841384888, "_step": 599, "_runtime": 148, "_timestamp": 1614076994, "test-acc": 0.505, "graph_0": {"_type": "graph-file", "path": "media/graph/graph_0_summary_f42083b3.graph.json", "sha256": "f42083b3111be1ac113df6838333f342825ad205eabbbad2c7850e5282bf9b8f", "size": 1411}, "train-loss": 0.6931470632553101, "train-acc": 0.4990386962890617}