{"test-loss": 2.069844126701355, "_step": 599, "_runtime": 40, "_timestamp": 1613632947, "test-acc": 0.8425, "graph_0": {"_type": "graph-file", "path": "media/graph/graph_0_summary_9c2de264.graph.json", "sha256": "9c2de26414c3f27458c3dfc7acaa76f9d5ec61dd9beeaef9d5163201d19cfdf1", "size": 1411}, "train-loss": 0.036024585366249084, "train-acc": 0.9882202148437441}