{"test-loss": 1.3862944841384888, "_step": 599, "_runtime": 425, "_timestamp": 1613968049, "test-acc": 0.505, "graph_0": {"_type": "graph-file", "path": "media/graph/graph_0_summary_3c7d0d6d.graph.json", "sha256": "3c7d0d6dc5781bb53ad4a49214ead29d3399d5c11fe58fccdb6cf106a7765a96", "size": 1411}, "train-loss": 0.6931470632553101, "train-acc": 0.5034332275390617}