{"test-loss": 1.3862944841384888, "_step": 599, "_runtime": 429, "_timestamp": 1613983526, "test-acc": 0.505, "graph_0": {"_type": "graph-file", "path": "media/graph/graph_0_summary_11f9bd74.graph.json", "sha256": "11f9bd746fb27eb41fe8017a7bbf6beca89f0e11cc73e53fab263e7a7d238e33", "size": 1411}, "train-loss": 0.6931470632553101, "train-acc": 0.5019989013671867}