{"test-loss": 6.836794376373291, "_step": 599, "_runtime": 25, "_timestamp": 1614109718, "test-acc": 0.491, "graph_0": {"_type": "graph-file", "path": "media/graph/graph_0_summary_322dedc8.graph.json", "sha256": "322dedc876278317d0896743077328fbbdbb4d74a69d93ff5e0f3414f1a4ed51", "size": 1411}, "train-loss": 0.00033093606907641515, "train-acc": 0.9999999999999756}