{"test-loss": 1.3862944841384888, "_step": 599, "_runtime": 123, "_timestamp": 1613760575, "test-acc": 0.505, "graph_0": {"_type": "graph-file", "path": "media/graph/graph_0_summary_e4414379.graph.json", "sha256": "e4414379ca6bde93f726bfd7d48ff28a5bdde374b7e2d0bd90781af947b028e2", "size": 1411}, "train-loss": 0.6931470632553101, "train-acc": 0.5001983642578117}