{"test-loss": 1.3862944841384888, "_step": 599, "_runtime": 424, "_timestamp": 1613947336, "test-acc": 0.505, "graph_0": {"_type": "graph-file", "path": "media/graph/graph_0_summary_ef699af5.graph.json", "sha256": "ef699af5687e1b417ae15fbe07c5ca8f02fbc94008b0bd4f7e33111a6eb67620", "size": 1411}, "train-loss": 0.6931470632553101, "train-acc": 0.5003814697265617}