{"test-loss": 1.3862944841384888, "_step": 599, "_runtime": 122, "_timestamp": 1613785442, "test-acc": 0.505, "graph_0": {"_type": "graph-file", "path": "media/graph/graph_0_summary_b552e910.graph.json", "sha256": "b552e91074e587f05c5bbde67e17ba03724fbd68b30a067dfbd54fde81b69004", "size": 1411}, "train-loss": 0.6931470632553101, "train-acc": 0.4984436035156242}