{"test-loss": 0.014133467804640532, "_step": 599, "_runtime": 145, "_timestamp": 1614100344, "test-acc": 1.0, "graph_0": {"_type": "graph-file", "path": "media/graph/graph_0_summary_ca6c6b33.graph.json", "sha256": "ca6c6b33f36ff2c3e49e4acc4f1e1bee3513e8a360cbce6f6bdc3348a6c28d75", "size": 1411}, "train-loss": 0.007224736385978758, "train-acc": 0.9999999999999984}