{"test-loss": 5.203787803649902, "_step": 599, "_runtime": 31, "_timestamp": 1614191586, "test-acc": 0.506, "graph_0": {"_type": "graph-file", "path": "media/graph/graph_0_summary_747df0f7.graph.json", "sha256": "747df0f7a10322e8f395dc071880c541d9548f28f95cc27de1bf350dcfd36922", "size": 1411}, "train-loss": 0.013673010282218456, "train-acc": 0.9999999999999756}