{"test-loss": 5.998150110244751, "_step": 599, "_runtime": 24, "_timestamp": 1614122486, "test-acc": 0.504, "graph_0": {"_type": "graph-file", "path": "media/graph/graph_0_summary_19a50feb.graph.json", "sha256": "19a50feb8f4e99398a8bafaca65ce8d845a3f479b504b26911958abdaccaa8c8", "size": 1411}, "train-loss": 0.00033558790164534, "train-acc": 0.9999999999999756}