{"test-loss": 24.4908504486084, "_step": 599, "_runtime": 37, "_timestamp": 1613638488, "test-acc": 0.5085, "graph_0": {"_type": "graph-file", "path": "media/graph/graph_0_summary_5c8f4bd7.graph.json", "sha256": "5c8f4bd7d4a7826f7c1fd085282ab69304c613bd0343313d60e6685ce7c2ed41", "size": 1411}, "train-loss": 0.2059425413608551, "train-acc": 0.9413452148437443}