{"test-loss": 0.01355119002982974, "_step": 599, "_runtime": 422, "_timestamp": 1614020088, "test-acc": 1.0, "graph_0": {"_type": "graph-file", "path": "media/graph/graph_0_summary_dd2c9cb5.graph.json", "sha256": "dd2c9cb529dde5a3b825b48167b3a355b8385987c215fc3be5be3fd900ff7593", "size": 1411}, "train-loss": 0.007323255413211882, "train-acc": 0.999984741210936}