{"test-loss": 1.3115055561065674, "_step": 599, "_runtime": 148, "_timestamp": 1614073365, "test-acc": 0.532, "graph_0": {"_type": "graph-file", "path": "media/graph/graph_0_summary_bebb2383.graph.json", "sha256": "bebb2383c3e46bb6de7fe51aeb2c9e373bd763bc878f489e23cf0a0d4105b3c8", "size": 1411}, "train-loss": 0.655856728553772, "train-acc": 0.5368804931640616}