{"test-loss": 0.024921681731939316, "_step": 599, "_runtime": 148, "_timestamp": 1614058466, "test-acc": 1.0, "graph_0": {"_type": "graph-file", "path": "media/graph/graph_0_summary_b87ccbc6.graph.json", "sha256": "b87ccbc68fcd2659917de9d340b827273552bc2bd5c1f1c010e0fe87bb52ea50", "size": 1411}, "train-loss": 0.010491102933883667, "train-acc": 0.9999694824218734}