{"test-loss": 1.3862944841384888, "_step": 599, "_runtime": 124, "_timestamp": 1613751935, "test-acc": 0.505, "graph_0": {"_type": "graph-file", "path": "media/graph/graph_0_summary_c7f9a472.graph.json", "sha256": "c7f9a47281a764ccb9b70af6d6c1cd2ae15cf66dcb54027d0db2d9593bcc2783", "size": 1411}, "train-loss": 0.6931470632553101, "train-acc": 0.5020599365234367}