{"test-loss": 1.3862944841384888, "_step": 599, "_runtime": 124, "_timestamp": 1613753137, "test-acc": 0.505, "graph_0": {"_type": "graph-file", "path": "media/graph/graph_0_summary_6feffd85.graph.json", "sha256": "6feffd85ae283c6a234efb4af16e370e820e15b79cb540beac478a1fc3033b2c", "size": 1411}, "train-loss": 0.6931470632553101, "train-acc": 0.4998474121093742}