{"test-loss": 0.3259182423353195, "_step": 599, "_runtime": 37, "_timestamp": 1613645807, "test-acc": 0.957, "graph_0": {"_type": "graph-file", "path": "media/graph/graph_0_summary_c5e16349.graph.json", "sha256": "c5e16349ff4c166cc4f9a2bbee089dc2a50818eab3d84446959bf29fcf17a2a4", "size": 1411}, "train-loss": 0.052317097783088684, "train-acc": 0.9871215820312441}