{"test-loss": 4.375941514968872, "_step": 599, "_runtime": 24, "_timestamp": 1614122926, "test-acc": 0.5185, "graph_0": {"_type": "graph-file", "path": "media/graph/graph_0_summary_ea694a13.graph.json", "sha256": "ea694a13d60130aa6180f0c428ba39b7feeb5cda35fa1f3f19edafe4476128a8", "size": 1411}, "train-loss": 0.000498515903018415, "train-acc": 0.9999999999999756}