{"test-loss": 8.667715549468994, "_step": 599, "_runtime": 33, "_timestamp": 1614187201, "test-acc": 0.5105, "graph_0": {"_type": "graph-file", "path": "media/graph/graph_0_summary_2184719a.graph.json", "sha256": "2184719a75e2a1b1b92cf02b7e0eddf38b3d6f7ed932a9de27cc1fc8ed2161a0", "size": 1411}, "train-loss": 0.004010536475107074, "train-acc": 0.9999999999999756}