{"test-loss": 15.77032995223999, "_step": 599, "_runtime": 42, "_timestamp": 1613685340, "test-acc": 0.502, "graph_0": {"_type": "graph-file", "path": "media/graph/graph_0_summary_818ab36d.graph.json", "sha256": "818ab36dbff8d7ea9d8cff9a06be8db3362fdd725407d7aa3dcd05562100918c", "size": 1411}, "train-loss": 0.00021921893081255917, "train-acc": 0.999999999999994}