{"test-loss": 4.685566425323486, "_step": 599, "_runtime": 32, "_timestamp": 1614197666, "test-acc": 0.5145, "graph_0": {"_type": "graph-file", "path": "media/graph/graph_0_summary_ce3be4f2.graph.json", "sha256": "ce3be4f2e6b6838198dae94cb30f7d9e14825d8415eda512cfdc46b26305da39", "size": 1411}, "train-loss": 0.004765599500387907, "train-acc": 0.9999999999999756}