{"test-loss": 14.418579578399658, "_step": 599, "_runtime": 43, "_timestamp": 1613684713, "test-acc": 0.515, "graph_0": {"_type": "graph-file", "path": "media/graph/graph_0_summary_47428bbe.graph.json", "sha256": "47428bbe4c6250bdca205281719b188236e86f291d7105d0230b1aa213650693", "size": 1411}, "train-loss": 0.00025125479169219034, "train-acc": 0.999999999999994}