{"test-loss": 5.372534990310669, "_step": 599, "_runtime": 32, "_timestamp": 1614199325, "test-acc": 0.5045, "graph_0": {"_type": "graph-file", "path": "media/graph/graph_0_summary_44ed2dfd.graph.json", "sha256": "44ed2dfdcb015fdc22919819141ebd3d39cd914cebbef6e03c8abb06fb1d06a3", "size": 1411}, "train-loss": 0.004934121388942003, "train-acc": 0.9999999999999756}