{"test-loss": 0.009875094052404165, "_step": 599, "_runtime": 124, "_timestamp": 1613780297, "test-acc": 1.0, "graph_0": {"_type": "graph-file", "path": "media/graph/graph_0_summary_16de203d.graph.json", "sha256": "16de203d7819a76153f43fb3bcee3e5b4652f91dac168c4ae793c9921c70fc30", "size": 1411}, "train-loss": 0.004964032443240285, "train-acc": 0.999984741210936}