{"test-loss": 39.29317283630371, "_step": 599, "_runtime": 38, "_timestamp": 1613638826, "test-acc": 0.495, "graph_0": {"_type": "graph-file", "path": "media/graph/graph_0_summary_3d3b8464.graph.json", "sha256": "3d3b846410504bca76aedf7272084b5e467a9c05f811128097ea865fcdd61769", "size": 1411}, "train-loss": 0.20110437646508217, "train-acc": 0.9526977539062443}