{"test-loss": 5.372534990310669, "_step": 599, "_runtime": 31, "_timestamp": 1614197039, "test-acc": 0.5045, "graph_0": {"_type": "graph-file", "path": "media/graph/graph_0_summary_a85c2f9c.graph.json", "sha256": "a85c2f9ca30b280e4bb255f59f96cc7418f442368f11e7b41b218c6908be6ec3", "size": 1411}, "train-loss": 0.004934121388942003, "train-acc": 0.9999999999999756}