{"test-loss": 1.3862944841384888, "_step": 599, "_runtime": 38, "_timestamp": 1613629560, "test-acc": 0.5025, "graph_0": {"_type": "graph-file", "path": "media/graph/graph_0_summary_5b2b4228.graph.json", "sha256": "5b2b4228bdc802bf289db06c2f51302f0746953894c06b089edd479b95830df3", "size": 1411}, "train-loss": 0.6931473016738892, "train-acc": 0.504211425781247}