{"test-loss": 17.69242572784424, "_step": 599, "_runtime": 43, "_timestamp": 1613688341, "test-acc": 0.4885, "graph_0": {"_type": "graph-file", "path": "media/graph/graph_0_summary_4f766021.graph.json", "sha256": "4f766021aa7e81e9d8e6f054772d777ba593f931145b9efe33ee15ad900d59b8", "size": 1411}, "train-loss": 0.0003194415791938354, "train-acc": 0.999999999999994}