{"test-loss": 4.218962907791138, "_step": 599, "_runtime": 32, "_timestamp": 1614199280, "test-acc": 0.5295, "graph_0": {"_type": "graph-file", "path": "media/graph/graph_0_summary_a3d7c286.graph.json", "sha256": "a3d7c286e9a94bc318de62083a4de9cdded1de064dce5013e7f2680d171f47a9", "size": 1411}, "train-loss": 0.0017866255075205117, "train-acc": 0.9999999999999756}