{"test-loss": 1.3862944841384888, "_step": 599, "_runtime": 45, "_timestamp": 1613661485, "test-acc": 0.4975, "graph_0": {"_type": "graph-file", "path": "media/graph/graph_0_summary_cf31f470.graph.json", "sha256": "cf31f4706fc97c26c8e368f5ede62b8c43d15ba69fd49e234a79cd5331ee8549", "size": 1411}, "train-loss": 0.6931471824645996, "train-acc": 0.501342773437497}