{"test-loss": 1.3862944841384888, "_step": 599, "_runtime": 45, "_timestamp": 1613663028, "test-acc": 0.4975, "graph_0": {"_type": "graph-file", "path": "media/graph/graph_0_summary_05cba5cc.graph.json", "sha256": "05cba5cc82d4f8f0578646f69428decd6e5156322887884f799c2a74c9dbd19d", "size": 1411}, "train-loss": 0.6931471824645996, "train-acc": 0.500244140624997}