{"test-loss": 1.3862944841384888, "_step": 599, "_runtime": 45, "_timestamp": 1613661987, "test-acc": 0.4975, "graph_0": {"_type": "graph-file", "path": "media/graph/graph_0_summary_f1071859.graph.json", "sha256": "f1071859ce3ccdd7b54fc5f03798c1d6968ecf0d1e0f0ca159fc9db612635757", "size": 1411}, "train-loss": 0.6931471824645996, "train-acc": 0.503112792968747}