{"test-loss": 0.011984917800873518, "_step": 599, "_runtime": 126, "_timestamp": 1613799761, "test-acc": 1.0, "graph_0": {"_type": "graph-file", "path": "media/graph/graph_0_summary_713be42e.graph.json", "sha256": "713be42e352afe8a5a0f6b4338b985dd07e3607fd94cba353d91fc09e934497f", "size": 1411}, "train-loss": 0.005895688198506832, "train-acc": 0.9999694824218734}