{"test-loss": 0.04953140206634998, "_step": 599, "_runtime": 36, "_timestamp": 1613644783, "test-acc": 0.9935, "graph_0": {"_type": "graph-file", "path": "media/graph/graph_0_summary_31270acf.graph.json", "sha256": "31270acf7a688f2aee606cf3add4b3256aba06369703f182ff9ab844e7bd2f51", "size": 1411}, "train-loss": 0.00804309465456754, "train-acc": 0.999694824218744}