{"test-loss": 5.175474166870117, "_step": 599, "_runtime": 37, "_timestamp": 1613635433, "test-acc": 0.798, "graph_0": {"_type": "graph-file", "path": "media/graph/graph_0_summary_0c258869.graph.json", "sha256": "0c2588698dff01fd20102609784e5bb098cf2c602cd59eecae57edcb1a45a50b", "size": 1411}, "train-loss": 0.5081950053572655, "train-acc": 0.8970947265624947}