{"test-loss": 1.3726916313171387, "_step": 599, "_runtime": 149, "_timestamp": 1614071376, "test-acc": 0.5605, "graph_0": {"_type": "graph-file", "path": "media/graph/graph_0_summary_39160efb.graph.json", "sha256": "39160efb3035588b73a3bb2e17643c003ab180814243691ce368b65973b25a18", "size": 1411}, "train-loss": 0.6871370524168015, "train-acc": 0.5466766357421866}