{"test-loss": 5.261213302612305, "_step": 599, "_runtime": 31, "_timestamp": 1614200311, "test-acc": 0.504, "graph_0": {"_type": "graph-file", "path": "media/graph/graph_0_summary_e3ba255f.graph.json", "sha256": "e3ba255fdc801ffdefb841459553be9c0a93ece63ae0783894866c8b253e7566", "size": 1411}, "train-loss": 0.0016844358178786933, "train-acc": 0.9999999999999756}