{"test-loss": 1.3862944841384888, "_step": 599, "_runtime": 125, "_timestamp": 1613749538, "test-acc": 0.505, "graph_0": {"_type": "graph-file", "path": "media/graph/graph_0_summary_be84a83d.graph.json", "sha256": "be84a83d7b7124c76d74feba22841c66e72c62d1134193d85b59835393884e9f", "size": 1411}, "train-loss": 0.6931470632553101, "train-acc": 0.4980621337890617}