{"test-loss": 1.3862944841384888, "_step": 599, "_runtime": 123, "_timestamp": 1613791105, "test-acc": 0.505, "graph_0": {"_type": "graph-file", "path": "media/graph/graph_0_summary_b65c5556.graph.json", "sha256": "b65c5556181b98c66ef6f9066a69f0c41f5042b4f2a7861b1f83a52d31141a10", "size": 1411}, "train-loss": 0.6931470632553101, "train-acc": 0.4993286132812492}