{"test-loss": 0.013532681856304407, "_step": 599, "_runtime": 144, "_timestamp": 1614102550, "test-acc": 1.0, "graph_0": {"_type": "graph-file", "path": "media/graph/graph_0_summary_b9d97d2c.graph.json", "sha256": "b9d97d2cff15194bbe96e3a189d3f384aa0e5dcec2e2238b716c4506dde332fc", "size": 1411}, "train-loss": 0.006477639195509255, "train-acc": 0.9998474121093734}