{"test-loss": 7.785769701004028, "_step": 599, "_runtime": 37, "_timestamp": 1613643622, "test-acc": 0.522, "graph_0": {"_type": "graph-file", "path": "media/graph/graph_0_summary_fd8be7bd.graph.json", "sha256": "fd8be7bdd5a236a061565895739978f1723f8583cafadd40c265e4ee631f9823", "size": 1411}, "train-loss": 0.5551598072052002, "train-acc": 0.839965820312495}