{"test-loss": 6.42948055267334, "_step": 599, "_runtime": 25, "_timestamp": 1614122376, "test-acc": 0.5105, "graph_0": {"_type": "graph-file", "path": "media/graph/graph_0_summary_c1dda2c4.graph.json", "sha256": "c1dda2c4e046bdd817c5dc5c1c841c353db56d8aade46f7cc4a8edea71cc53b5", "size": 1411}, "train-loss": 0.00030237779719755054, "train-acc": 0.9999999999999756}