{"test-loss": 4.897465229034424, "_step": 599, "_runtime": 32, "_timestamp": 1614192081, "test-acc": 0.513, "graph_0": {"_type": "graph-file", "path": "media/graph/graph_0_summary_f52bf1ae.graph.json", "sha256": "f52bf1ae0b90407e190a5dc9da0654419560a3709fb05a17d5e14a84ea7445a1", "size": 1411}, "train-loss": 0.0010501616634428501, "train-acc": 0.9999999999999756}