{"test-loss": 5.261213302612305, "_step": 599, "_runtime": 32, "_timestamp": 1614193444, "test-acc": 0.504, "graph_0": {"_type": "graph-file", "path": "media/graph/graph_0_summary_ed112d0d.graph.json", "sha256": "ed112d0d5e4ebc67cd9345042798abceaafd124424fd2b8be63e60bacaab5840", "size": 1411}, "train-loss": 0.0016844358178786933, "train-acc": 0.9999999999999756}