{"test-loss": 11.062626361846924, "_step": 599, "_runtime": 46, "_timestamp": 1613671831, "test-acc": 0.495, "graph_0": {"_type": "graph-file", "path": "media/graph/graph_0_summary_153262f3.graph.json", "sha256": "153262f3b5ae5187caf6fd6caa9329c6f534eb480d8ccadcd5b693ce2bf810cd", "size": 1411}, "train-loss": 0.0002980151024303268, "train-acc": 0.999999999999994}