{"test-loss": 0.011487092357128859, "_step": 599, "_runtime": 127, "_timestamp": 1613798021, "test-acc": 1.0, "graph_0": {"_type": "graph-file", "path": "media/graph/graph_0_summary_d396f8be.graph.json", "sha256": "d396f8bed317e56b402ae96f47e78af5bcd9f539b7b901374575f47f5896f1e1", "size": 1411}, "train-loss": 0.005333712790161371, "train-acc": 0.9999694824218734}