{"test-loss": 6.72496223449707, "_step": 599, "_runtime": 31, "_timestamp": 1614197843, "test-acc": 0.4935, "graph_0": {"_type": "graph-file", "path": "media/graph/graph_0_summary_ac87773d.graph.json", "sha256": "ac87773d672cb7061ae223dd59f9639270891f71258ea3aff916531c2195fd6c", "size": 1411}, "train-loss": 0.0018084158946294338, "train-acc": 0.9999999999999756}