{"test-loss": 12.086705207824707, "_step": 599, "_runtime": 43, "_timestamp": 1613677068, "test-acc": 0.508, "graph_0": {"_type": "graph-file", "path": "media/graph/graph_0_summary_591a0ebf.graph.json", "sha256": "591a0ebfcd3dbf4cb9038600e822f5777e0d8e36947ecaa16c9e93dcc7de3112", "size": 1411}, "train-loss": 0.0002396307802996489, "train-acc": 0.999999999999994}