{"test-loss": 1.3862944841384888, "_step": 599, "_runtime": 124, "_timestamp": 1613758318, "test-acc": 0.505, "graph_0": {"_type": "graph-file", "path": "media/graph/graph_0_summary_472e194c.graph.json", "sha256": "472e194c51b8a7f98c0cfd05aeb674d0d9a554d67b52bae47c7ca34d60499b05", "size": 1411}, "train-loss": 0.6931470632553101, "train-acc": 0.4984436035156242}