{"test-loss": 1.3862944841384888, "_step": 599, "_runtime": 48, "_timestamp": 1613629373, "test-acc": 0.5025, "graph_0": {"_type": "graph-file", "path": "media/graph/graph_0_summary_d6b594f6.graph.json", "sha256": "d6b594f6e33d54ed3b55d1b58d0c3ba8f0d72ded6a28b86a5f0ee29c55ca5c51", "size": 1411}, "train-loss": 0.6931473016738892, "train-acc": 0.500183105468747}