{"test-loss": 0.01759642641991377, "_step": 599, "_runtime": 143, "_timestamp": 1614099398, "test-acc": 1.0, "graph_0": {"_type": "graph-file", "path": "media/graph/graph_0_summary_695efe9f.graph.json", "sha256": "695efe9fb5b7be24758991387223f4dd67bed131508de60617aec3da6b15cd84", "size": 1411}, "train-loss": 0.008286695694550872, "train-acc": 0.9999999999999984}