{"test-loss": 0.01678160671144724, "_step": 599, "_runtime": 148, "_timestamp": 1614082966, "test-acc": 1.0, "graph_0": {"_type": "graph-file", "path": "media/graph/graph_0_summary_892f447b.graph.json", "sha256": "892f447bd8fd5cf8294afea9f83ebf692e67d2f8e30306afeb4ecc2b13e5f8fb", "size": 1411}, "train-loss": 0.007622758625075221, "train-acc": 0.9999999999999984}