{"test-loss": 7.791975736618042, "_step": 599, "_runtime": 24, "_timestamp": 1614120002, "test-acc": 0.518, "graph_0": {"_type": "graph-file", "path": "media/graph/graph_0_summary_aad9ea83.graph.json", "sha256": "aad9ea831865b776f6c586be3ab72f94828dffe492c220f903547f288a408567", "size": 1411}, "train-loss": 0.00039823287806939334, "train-acc": 0.9999999999999756}