{"test-loss": 14.105993747711182, "_step": 599, "_runtime": 43, "_timestamp": 1613685289, "test-acc": 0.4995, "graph_0": {"_type": "graph-file", "path": "media/graph/graph_0_summary_11fa304f.graph.json", "sha256": "11fa304f123018cf70b19ccc3d0b492dee2c8f219432eef5fee58d284913a45d", "size": 1411}, "train-loss": 0.000304339538018894, "train-acc": 0.999999999999994}