{"test-loss": 6.850965738296509, "_step": 599, "_runtime": 32, "_timestamp": 1614196772, "test-acc": 0.5115, "graph_0": {"_type": "graph-file", "path": "media/graph/graph_0_summary_8e1bf5a7.graph.json", "sha256": "8e1bf5a7c8b49adf913163009ee933d10e9fe95b46e40ffd11b7563200e98c9f", "size": 1411}, "train-loss": 0.0014329146943055093, "train-acc": 0.9999999999999756}