{"test-loss": 20.333258628845215, "_step": 599, "_runtime": 37, "_timestamp": 1613649862, "test-acc": 0.5155, "graph_0": {"_type": "graph-file", "path": "media/graph/graph_0_summary_189b1ee1.graph.json", "sha256": "189b1ee194686ee9f610eccbdb74155201f19b3334a973ed8b13358f63bb0613", "size": 1411}, "train-loss": 0.8022756427526474, "train-acc": 0.7723999023437453}