{"test-loss": 1.3862944841384888, "_step": 599, "_runtime": 424, "_timestamp": 1613965400, "test-acc": 0.505, "graph_0": {"_type": "graph-file", "path": "media/graph/graph_0_summary_3655df89.graph.json", "sha256": "3655df89e5efa7556b70de94b8677c5e328e2a985f7955a084508d02f8a577f6", "size": 1411}, "train-loss": 0.6931470632553101, "train-acc": 0.4974060058593742}