{"test-loss": 4.250694990158081, "_step": 599, "_runtime": 32, "_timestamp": 1614194029, "test-acc": 0.5165, "graph_0": {"_type": "graph-file", "path": "media/graph/graph_0_summary_ddfa3cb1.graph.json", "sha256": "ddfa3cb12a46e4755c76fa063498c19db6a6edcbae51c36fb04ee2a7a3cbfa7d", "size": 1411}, "train-loss": 0.000498766268719919, "train-acc": 0.9999999999999756}