{"test-loss": 10.758104801177979, "_step": 599, "_runtime": 45, "_timestamp": 1613673950, "test-acc": 0.502, "graph_0": {"_type": "graph-file", "path": "media/graph/graph_0_summary_b10b19c9.graph.json", "sha256": "b10b19c9e1bfb29678d648f7b3a12413a177c61b7647a9389dd063614aa3a70b", "size": 1411}, "train-loss": 0.00031501561625191243, "train-acc": 0.999999999999994}