{"test-loss": 9.351650714874268, "_step": 599, "_runtime": 36, "_timestamp": 1613642769, "test-acc": 0.5065, "graph_0": {"_type": "graph-file", "path": "media/graph/graph_0_summary_64491b38.graph.json", "sha256": "64491b389f0a2648647a899ad5953bf0bdcb7282c8769987e8cf92f7a64309e2", "size": 1411}, "train-loss": 0.5656646639108658, "train-acc": 0.8641967773437448}