{"test-loss": 1.3862944841384888, "_step": 599, "_runtime": 426, "_timestamp": 1613975575, "test-acc": 0.505, "graph_0": {"_type": "graph-file", "path": "media/graph/graph_0_summary_8464df36.graph.json", "sha256": "8464df3600c83eeab2abed27a55bf1f7ffea11f7b4dcb20ae5a5d48f0ae29f5d", "size": 1411}, "train-loss": 0.6931470632553101, "train-acc": 0.4993286132812492}