{"test-loss": 1.3862944841384888, "_step": 599, "_runtime": 423, "_timestamp": 1613952617, "test-acc": 0.505, "graph_0": {"_type": "graph-file", "path": "media/graph/graph_0_summary_1b41027c.graph.json", "sha256": "1b41027c42ec87eba8d27c7b96ef16662f10409f625e9c34dd6ead11f78cd357", "size": 1411}, "train-loss": 0.6931470632553101, "train-acc": 0.4949645996093742}