{"test-loss": 0.422355055809021, "_step": 599, "_runtime": 34, "_timestamp": 1613623861, "test-acc": 0.922, "graph_0": {"_type": "graph-file", "path": "media/graph/graph_0_summary_5ce737d6.graph.json", "sha256": "5ce737d68d3c42fe07f36307a024a7b022726b82aaf3296478ea34e98c6855f5", "size": 1411}, "train-loss": 0.12454125098884106, "train-acc": 0.9613037109374942}