{"test-loss": 0.09690317511558533, "_step": 599, "_runtime": 425, "_timestamp": 1614008215, "test-acc": 0.994, "graph_0": {"_type": "graph-file", "path": "media/graph/graph_0_summary_0f77410e.graph.json", "sha256": "0f77410ea0627ae66f8027c354238c9adba3f8d3ac87b9543f91643e3dbd55f6", "size": 1411}, "train-loss": 0.04722421243786812, "train-acc": 0.9969177246093734}