{"test-loss": 1.3862944841384888, "_step": 599, "_runtime": 25, "_timestamp": 1614116884, "test-acc": 0.4945, "graph_0": {"_type": "graph-file", "path": "media/graph/graph_0_summary_6b806b3c.graph.json", "sha256": "6b806b3ccf7a1fa02ab0c8cb1848fc75c4046f76cf410c85b8ad10aef247639c", "size": 1411}, "train-loss": 0.6931471824645996, "train-acc": 0.5063476562499877}