{"test-loss": 1.3862944841384888, "_step": 599, "_runtime": 149, "_timestamp": 1614065084, "test-acc": 0.505, "graph_0": {"_type": "graph-file", "path": "media/graph/graph_0_summary_e9e76234.graph.json", "sha256": "e9e7623465fa89887f3ef72633b39716a05b8670cb353d873d4dccad33443410", "size": 1411}, "train-loss": 0.6931470632553101, "train-acc": 0.4998931884765617}