{"test-loss": 1.3862944841384888, "_step": 599, "_runtime": 147, "_timestamp": 1614076337, "test-acc": 0.505, "graph_0": {"_type": "graph-file", "path": "media/graph/graph_0_summary_b01d8ba9.graph.json", "sha256": "b01d8ba9e1dd40994302b45751099a58dd20da1a99c39d401ca2e28a5810a1aa", "size": 1411}, "train-loss": 0.6931470632553101, "train-acc": 0.5020599365234367}