{"test-loss": 9.49678897857666, "_step": 599, "_runtime": 32, "_timestamp": 1614185606, "test-acc": 0.5115, "graph_0": {"_type": "graph-file", "path": "media/graph/graph_0_summary_af11c7cc.graph.json", "sha256": "af11c7cc987831dfcde990aeca07478d629e5616ce14f0ddb98cf68e5d75ed62", "size": 1411}, "train-loss": 0.006715077790431678, "train-acc": 0.9999999999999756}