{"test-loss": 1.3862944841384888, "_step": 599, "_runtime": 33, "_timestamp": 1614190587, "test-acc": 0.4945, "graph_0": {"_type": "graph-file", "path": "media/graph/graph_0_summary_72989dbf.graph.json", "sha256": "72989dbf4cca76cf98a06d325f3d9cf9cf5a0b7b775657ea112ad50fac2ac7e6", "size": 1411}, "train-loss": 0.6931471824645996, "train-acc": 0.491455078124988}