{"test-loss": 9.496342658996582, "_step": 599, "_runtime": 31, "_timestamp": 1614194889, "test-acc": 0.511, "graph_0": {"_type": "graph-file", "path": "media/graph/graph_0_summary_6488dc25.graph.json", "sha256": "6488dc25bb078f3a7793d81a9747c0eac715c7669f3d055bdafad51e660302c0", "size": 1411}, "train-loss": 0.006716825184412301, "train-acc": 0.9999999999999756}