{"test-loss": 7.457884788513184, "_step": 599, "_runtime": 26, "_timestamp": 1614117865, "test-acc": 0.492, "graph_0": {"_type": "graph-file", "path": "media/graph/graph_0_summary_846a7191.graph.json", "sha256": "846a7191a9e03084d81ee5f63326ba0dc60cc0edf5401aadb877ac2a1b5a0448", "size": 1411}, "train-loss": 0.0004139636948821135, "train-acc": 0.9999999999999756}