{"test-loss": 10.465783596038818, "_step": 599, "_runtime": 36, "_timestamp": 1613649815, "test-acc": 0.507, "graph_0": {"_type": "graph-file", "path": "media/graph/graph_0_summary_c3097359.graph.json", "sha256": "c309735958f622ab3f16dea638dafece30b7456fb222956fa422aa2b25da0c05", "size": 1411}, "train-loss": 0.5266849547624588, "train-acc": 0.842346191406245}