{"test-loss": 1.3862944841384888, "_step": 599, "_runtime": 150, "_timestamp": 1614066082, "test-acc": 0.505, "graph_0": {"_type": "graph-file", "path": "media/graph/graph_0_summary_438e035e.graph.json", "sha256": "438e035e07f6f35920c6821748c7e0c88f871e564e16a80e28d578a6c6c4e409", "size": 1411}, "train-loss": 0.6931470632553101, "train-acc": 0.4993286132812492}