{"test-loss": 0.01423070440068841, "_step": 599, "_runtime": 148, "_timestamp": 1614090581, "test-acc": 1.0, "graph_0": {"_type": "graph-file", "path": "media/graph/graph_0_summary_1a695348.graph.json", "sha256": "1a695348bbd573ae229fcd0e3f4b0253c987e0791231ad6dbf5d2bdee3d86dc2", "size": 1411}, "train-loss": 0.0072875869227573276, "train-acc": 0.999984741210936}