{"test-loss": 1.3862944841384888, "_step": 599, "_runtime": 124, "_timestamp": 1613751135, "test-acc": 0.505, "graph_0": {"_type": "graph-file", "path": "media/graph/graph_0_summary_d4cd82c1.graph.json", "sha256": "d4cd82c1a2783f0cb11bc90bc69599b555a334c7a8ad7fd0ba2330ab5bddbdf0", "size": 1411}, "train-loss": 0.6931470632553101, "train-acc": 0.5010833740234367}