{"test-loss": 0.2454076185822487, "_step": 599, "_runtime": 37, "_timestamp": 1613645395, "test-acc": 0.9685, "graph_0": {"_type": "graph-file", "path": "media/graph/graph_0_summary_f25accdd.graph.json", "sha256": "f25accdd243c571ca2a71c0af6772583145e0a1cf2569729609f05062a8896d7", "size": 1411}, "train-loss": 0.03461499558761716, "train-acc": 0.992370605468744}