{"test-loss": 26.587255477905273, "_step": 599, "_runtime": 45, "_timestamp": 1613665752, "test-acc": 0.4945, "graph_0": {"_type": "graph-file", "path": "media/graph/graph_0_summary_134f8cd6.graph.json", "sha256": "134f8cd6c7eb589e1854818c4dbc58477d92f4e8a0f040b196c0e5e7a9b6337b", "size": 1411}, "train-loss": 0.00010380145114641248, "train-acc": 0.999999999999994}