{"test-loss": 1.3862944841384888, "_step": 599, "_runtime": 23, "_timestamp": 1614116169, "test-acc": 0.4945, "graph_0": {"_type": "graph-file", "path": "media/graph/graph_0_summary_a6ff2b05.graph.json", "sha256": "a6ff2b05873551b902865b37c7f43ce5edbe30bd845c55af36020272edd61717", "size": 1411}, "train-loss": 0.6931471824645996, "train-acc": 0.5256347656249871}