{"test-loss": 5.373013257980347, "_step": 599, "_runtime": 35, "_timestamp": 1614185471, "test-acc": 0.5045, "graph_0": {"_type": "graph-file", "path": "media/graph/graph_0_summary_1a8256c6.graph.json", "sha256": "1a8256c65b950e15ca0dc6f07f08f2f25a9d9698fcbb5e9d52305d7e5c8dc613", "size": 1411}, "train-loss": 0.004926404100842774, "train-acc": 0.9999999999999756}