{"test-loss": 1.3862944841384888, "_step": 599, "_runtime": 121, "_timestamp": 1613787284, "test-acc": 0.505, "graph_0": {"_type": "graph-file", "path": "media/graph/graph_0_summary_6891fdaf.graph.json", "sha256": "6891fdafdfe97365589303cd0a391775b6508d6e1557f3a8bedd5482ac71d737", "size": 1411}, "train-loss": 0.6931470632553101, "train-acc": 0.4996337890624992}