{"test-loss": 1.3862944841384888, "_step": 599, "_runtime": 37, "_timestamp": 1613628486, "test-acc": 0.5025, "graph_0": {"_type": "graph-file", "path": "media/graph/graph_0_summary_90924055.graph.json", "sha256": "9092405548d64d279f85b54db1b8c990e9392ac07324dc70c0e1224f03ef749f", "size": 1411}, "train-loss": 0.6931473016738892, "train-acc": 0.499755859374997}