{"test-loss": 1.3862944841384888, "_step": 599, "_runtime": 33, "_timestamp": 1614189163, "test-acc": 0.4945, "graph_0": {"_type": "graph-file", "path": "media/graph/graph_0_summary_536ad6ae.graph.json", "sha256": "536ad6ae63ffb84e766976d99ac540d75cf3f5491a24956b3de4def706b117d7", "size": 1411}, "train-loss": 0.6931471824645996, "train-acc": 0.491943359374988}