{"test-loss": 5.325545072555542, "_step": 599, "_runtime": 38, "_timestamp": 1613631385, "test-acc": 0.5195, "graph_0": {"_type": "graph-file", "path": "media/graph/graph_0_summary_9dccc8e2.graph.json", "sha256": "9dccc8e2fc9fb3d55372b12168e2446a9ec5afdfe5c37c23a3dbdfcd65b05542", "size": 1411}, "train-loss": 0.32959122210741043, "train-acc": 0.9086303710937446}