{"test-loss": 4.765408754348755, "_step": 599, "_runtime": 24, "_timestamp": 1614120144, "test-acc": 0.5075, "graph_0": {"_type": "graph-file", "path": "media/graph/graph_0_summary_46938803.graph.json", "sha256": "46938803d59537a82206fe9186cb107f5733e68c089f1458085071d0988f3184", "size": 1411}, "train-loss": 0.000305694411508739, "train-acc": 0.9999999999999756}