{"test-loss": 0.010588980745524168, "_step": 599, "_runtime": 123, "_timestamp": 1613768664, "test-acc": 1.0, "graph_0": {"_type": "graph-file", "path": "media/graph/graph_0_summary_05d3d3fb.graph.json", "sha256": "05d3d3fb150e8e9a0276f0bb30c715eebadf987eb91eafbaeb8cb28c1ae47821", "size": 1411}, "train-loss": 0.005491382791660726, "train-acc": 0.9999999999999984}