{"test-loss": 4.882078170776367, "_step": 599, "_runtime": 33, "_timestamp": 1614183886, "test-acc": 0.5095, "graph_0": {"_type": "graph-file", "path": "media/graph/graph_0_summary_7e7cbf92.graph.json", "sha256": "7e7cbf927211286f2d2ceea745dec335d20fd3525a9818d6bb5ca7c7fe374b33", "size": 1411}, "train-loss": 0.0021659410558640957, "train-acc": 0.9999999999999756}