{"test-loss": 1.3862944841384888, "_step": 599, "_runtime": 124, "_timestamp": 1613790973, "test-acc": 0.505, "graph_0": {"_type": "graph-file", "path": "media/graph/graph_0_summary_2dd47a1c.graph.json", "sha256": "2dd47a1c14aca02d948f4ca128262d5fe8651777e4922af0d4cc60ace06d8ace", "size": 1411}, "train-loss": 0.6931470632553101, "train-acc": 0.4949645996093742}