{"test-loss": 0.016183163039386272, "_step": 599, "_runtime": 142, "_timestamp": 1614103334, "test-acc": 1.0, "graph_0": {"_type": "graph-file", "path": "media/graph/graph_0_summary_82840677.graph.json", "sha256": "82840677d0f08a069b6d53bc6fddc5efc5a9e9c1f527d5715a97ab558484e105", "size": 1411}, "train-loss": 0.008156181778758764, "train-acc": 0.9999999999999984}