{"test-loss": 1.5948843359947205, "_step": 599, "_runtime": 37, "_timestamp": 1613632142, "test-acc": 0.777, "graph_0": {"_type": "graph-file", "path": "media/graph/graph_0_summary_7b6071c5.graph.json", "sha256": "7b6071c595e5657bb5f54bc68eeb4789c741780da80b502b1a90370ad158e989", "size": 1411}, "train-loss": 0.520312175154686, "train-acc": 0.827697753906245}