{"test-loss": 5.261213302612305, "_step": 599, "_runtime": 32, "_timestamp": 1614195746, "test-acc": 0.504, "graph_0": {"_type": "graph-file", "path": "media/graph/graph_0_summary_7c39babb.graph.json", "sha256": "7c39babb155a757accbbd6e3a0e764877e1744fc14b920979aa3f8df2c3184d3", "size": 1411}, "train-loss": 0.0016844358178786933, "train-acc": 0.9999999999999756}