{"test-loss": 1.3862944841384888, "_step": 599, "_runtime": 123, "_timestamp": 1613747666, "test-acc": 0.505, "graph_0": {"_type": "graph-file", "path": "media/graph/graph_0_summary_cc33ffaa.graph.json", "sha256": "cc33ffaa84b8aff5d81d2abff89dc175fbc46f8aecc4b07fa0f8d49421e9975c", "size": 1411}, "train-loss": 0.6931470632553101, "train-acc": 0.5043334960937492}