{"test-loss": 40.40444374084473, "_step": 599, "_runtime": 38, "_timestamp": 1613649955, "test-acc": 0.4935, "graph_0": {"_type": "graph-file", "path": "media/graph/graph_0_summary_fa48dea4.graph.json", "sha256": "fa48dea4e8a28d04be03f9330d493b8ad82fbf6a7e82b8eab29245f6f3154fa7", "size": 1411}, "train-loss": 0.3650849908590317, "train-acc": 0.8958740234374947}