{"test-loss": 5.1452507972717285, "_step": 599, "_runtime": 25, "_timestamp": 1614112195, "test-acc": 0.4765, "graph_0": {"_type": "graph-file", "path": "media/graph/graph_0_summary_4e89892a.graph.json", "sha256": "4e89892a9118eb1c6981cf2f9e043b81fd89c65be4ea5eb167725e64c4a97861", "size": 1411}, "train-loss": 0.0002829463919624686, "train-acc": 0.9999999999999756}