{"test-loss": 16.686121940612793, "_step": 599, "_runtime": 45, "_timestamp": 1613670408, "test-acc": 0.5055, "graph_0": {"_type": "graph-file", "path": "media/graph/graph_0_summary_e19b56ab.graph.json", "sha256": "e19b56ab55858e77109841df37aeb6694430adea41e7e69c379bcec735fec554", "size": 1411}, "train-loss": 0.0001290696572766592, "train-acc": 0.999999999999994}