{"test-loss": 0.016108952462673187, "_step": 599, "_runtime": 149, "_timestamp": 1614061777, "test-acc": 1.0, "graph_0": {"_type": "graph-file", "path": "media/graph/graph_0_summary_6670b666.graph.json", "sha256": "6670b666331c0aee4a8227966364f1e4c857be647cc1afc96ca271b896290844", "size": 1411}, "train-loss": 0.007260927697643638, "train-acc": 0.999984741210936}