{"test-loss": 7.570080995559692, "_step": 599, "_runtime": 33, "_timestamp": 1614185972, "test-acc": 0.5055, "graph_0": {"_type": "graph-file", "path": "media/graph/graph_0_summary_05e8bdb4.graph.json", "sha256": "05e8bdb4a5ed8f80ad34c181459954846d09b67ca58a40c00fd3406505732ecd", "size": 1411}, "train-loss": 0.011319650337100029, "train-acc": 0.9999999999999756}