{"test-loss": 0.019144640304148197, "_step": 599, "_runtime": 124, "_timestamp": 1613799626, "test-acc": 1.0, "graph_0": {"_type": "graph-file", "path": "media/graph/graph_0_summary_aa2611c4.graph.json", "sha256": "aa2611c403bf0846e6fbfaa49ffc319a1f3ff7783b8dc8b11f6b09124dee8264", "size": 1411}, "train-loss": 0.008385252906009555, "train-acc": 0.9999694824218734}