{"test-loss": 0.01667569950222969, "_step": 599, "_runtime": 143, "_timestamp": 1614103490, "test-acc": 1.0, "graph_0": {"_type": "graph-file", "path": "media/graph/graph_0_summary_066f8528.graph.json", "sha256": "066f8528d2902079240e9a5a8d16244d63f4f2d8de05920496f75384252635d4", "size": 1411}, "train-loss": 0.007865356281399727, "train-acc": 0.9999999999999984}