{"test-loss": 6.913056135177612, "_step": 599, "_runtime": 25, "_timestamp": 1614122815, "test-acc": 0.5135, "graph_0": {"_type": "graph-file", "path": "media/graph/graph_0_summary_52667e6d.graph.json", "sha256": "52667e6d15a9d54ca622d4d74aaa9135894699914bc3d66b07a1f9efb62492f3", "size": 1411}, "train-loss": 0.00034853634133469313, "train-acc": 0.9999999999999756}