{"test-loss": 31.012959480285645, "_step": 599, "_runtime": 37, "_timestamp": 1613640334, "test-acc": 0.504, "graph_0": {"_type": "graph-file", "path": "media/graph/graph_0_summary_7b43c025.graph.json", "sha256": "7b43c025ba9f536a98146ff79b59ef2ac1ccd37825698df327d76ac03030dde6", "size": 1411}, "train-loss": 0.9984854310750961, "train-acc": 0.8768310546874948}