{"test-loss": 1.3862944841384888, "_step": 599, "_runtime": 123, "_timestamp": 1613751801, "test-acc": 0.505, "graph_0": {"_type": "graph-file", "path": "media/graph/graph_0_summary_c4785603.graph.json", "sha256": "c47856032a595433e759b9d9bf92e2eec0acdf49968806ddcf0f55e25ba68ebc", "size": 1411}, "train-loss": 0.6931470632553101, "train-acc": 0.5014953613281242}