{"test-loss": 1.3862944841384888, "_step": 599, "_runtime": 425, "_timestamp": 1613955259, "test-acc": 0.505, "graph_0": {"_type": "graph-file", "path": "media/graph/graph_0_summary_02a38a64.graph.json", "sha256": "02a38a647c0c0588f02bf1d3ea7a2e2780298e96cc905f2def1f5f67610283c1", "size": 1411}, "train-loss": 0.6931470632553101, "train-acc": 0.5010833740234367}