{"test-loss": 1.3862944841384888, "_step": 599, "_runtime": 32, "_timestamp": 1614190907, "test-acc": 0.4945, "graph_0": {"_type": "graph-file", "path": "media/graph/graph_0_summary_e40277f3.graph.json", "sha256": "e40277f3862e44cd0482c2de2a34c64d94b1941c1b445e6b0d3193204e8389ac", "size": 1411}, "train-loss": 0.6931471824645996, "train-acc": 0.4960937499999879}