{"test-loss": 1.3862944841384888, "_step": 599, "_runtime": 26, "_timestamp": 1614115411, "test-acc": 0.4945, "graph_0": {"_type": "graph-file", "path": "media/graph/graph_0_summary_23b13bd2.graph.json", "sha256": "23b13bd2057ca15e0dee6aa626e87672ae249ddcb7b38c2107622d4c820efe50", "size": 1411}, "train-loss": 0.6931471824645996, "train-acc": 0.49829101562498784}