{"test-loss": 6.850965738296509, "_step": 599, "_runtime": 36, "_timestamp": 1614201327, "test-acc": 0.5115, "graph_0": {"_type": "graph-file", "path": "media/graph/graph_0_summary_b89c5858.graph.json", "sha256": "b89c58589c54488140df54ee0307ed0ce5bd208ee521de558be5250e96f1adb2", "size": 1411}, "train-loss": 0.0014329146943055093, "train-acc": 0.9999999999999756}