{"test-loss": 0.012925734743475914, "_step": 599, "_runtime": 123, "_timestamp": 1613770005, "test-acc": 1.0, "graph_0": {"_type": "graph-file", "path": "media/graph/graph_0_summary_2480d999.graph.json", "sha256": "2480d999fe4892258a2d6f05562dbaf62fa7b1e9362ec7df2933598ab8306be2", "size": 1411}, "train-loss": 0.007109696744009852, "train-acc": 0.9999694824218734}