{"test-loss": 1.3862944841384888, "_step": 599, "_runtime": 23, "_timestamp": 1614115872, "test-acc": 0.4945, "graph_0": {"_type": "graph-file", "path": "media/graph/graph_0_summary_4a0f5946.graph.json", "sha256": "4a0f594621fd184ec9c82a7852c70be3860b33df6c6815dce06640c7f68e6391", "size": 1411}, "train-loss": 0.6931471824645996, "train-acc": 0.5100097656249876}