{"test-loss": 8.482983112335205, "_step": 599, "_runtime": 36, "_timestamp": 1614181302, "test-acc": 0.4825, "graph_0": {"_type": "graph-file", "path": "media/graph/graph_0_summary_8ecefd31.graph.json", "sha256": "8ecefd3195f22934bdc8d0cda728c269fcdaa57f051802a9277c00d187f739b8", "size": 1411}, "train-loss": 0.002552861755248159, "train-acc": 0.9999999999999756}