{"test-loss": 189.44680786132812, "_step": 599, "_runtime": 49, "_timestamp": 1613672594, "test-acc": 0.4865, "graph_0": {"_type": "graph-file", "path": "media/graph/graph_0_summary_d0ef32e7.graph.json", "sha256": "d0ef32e7a30820ffae1b0e569db34277cf0c73f10f4eee08338dd3638a17533c", "size": 1411}, "train-loss": 0.0008112598170519902, "train-acc": 0.999938964843744}