{"test-loss": 1.817522644996643, "_step": 599, "_runtime": 37, "_timestamp": 1613651745, "test-acc": 0.5275, "graph_0": {"_type": "graph-file", "path": "media/graph/graph_0_summary_d4859cca.graph.json", "sha256": "d4859cca8feb1263de26d8fa59b07beea6ffe5da6f06fbbcf577e4f7f77eb0c6", "size": 1411}, "train-loss": 0.3860964998602867, "train-acc": 0.829833984374995}