{"test-loss": 0.018424411304295063, "_step": 599, "_runtime": 148, "_timestamp": 1614092057, "test-acc": 1.0, "graph_0": {"_type": "graph-file", "path": "media/graph/graph_0_summary_b2d0280f.graph.json", "sha256": "b2d0280fa4b3fcfaaa28344b513cd9a290181d7ed60f5d08a51286bcfee8b505", "size": 1411}, "train-loss": 0.00842153886333108, "train-acc": 0.9999999999999984}