{"test-loss": 1.339643657207489, "_step": 599, "_runtime": 122, "_timestamp": 1613756454, "test-acc": 0.504, "graph_0": {"_type": "graph-file", "path": "media/graph/graph_0_summary_cca3f718.graph.json", "sha256": "cca3f7183b4debf6d1b3695b6c3dc42228d3099d962d836698bbb4d9c82b4889", "size": 1411}, "train-loss": 0.6701947003602982, "train-acc": 0.5187530517578117}