{"test-loss": 4.250694990158081, "_step": 599, "_runtime": 31, "_timestamp": 1614196324, "test-acc": 0.5165, "graph_0": {"_type": "graph-file", "path": "media/graph/graph_0_summary_482fcab7.graph.json", "sha256": "482fcab724b049080a92f23317fee33dab6b740f0d97cb00c3e9fdc1482bf728", "size": 1411}, "train-loss": 0.000498766268719919, "train-acc": 0.9999999999999756}