{"test-loss": 1.3862944841384888, "_step": 599, "_runtime": 427, "_timestamp": 1613953058, "test-acc": 0.505, "graph_0": {"_type": "graph-file", "path": "media/graph/graph_0_summary_437200fd.graph.json", "sha256": "437200fdd0e5b3139ddfc53f769586e8abf937919ffb3646fa7a76be355450a3", "size": 1411}, "train-loss": 0.6931470632553101, "train-acc": 0.4993286132812492}