{"test-loss": 1.3862944841384888, "_step": 599, "_runtime": 45, "_timestamp": 1613663626, "test-acc": 0.4975, "graph_0": {"_type": "graph-file", "path": "media/graph/graph_0_summary_40e36ffb.graph.json", "sha256": "40e36ffb061fc07530da08bb57b5f66fe95d37477ca4b64452f696172c0c9aa1", "size": 1411}, "train-loss": 0.6931471824645996, "train-acc": 0.505920410156247}