{"test-loss": 1.3862944841384888, "_step": 599, "_runtime": 123, "_timestamp": 1613757517, "test-acc": 0.505, "graph_0": {"_type": "graph-file", "path": "media/graph/graph_0_summary_ca54400c.graph.json", "sha256": "ca54400ce37032063aa8952a4c058b76d14e34a7705731b3d24339ec138dcbbd", "size": 1411}, "train-loss": 0.6931470632553101, "train-acc": 0.5005950927734367}