{"test-loss": 1.3862944841384888, "_step": 599, "_runtime": 123, "_timestamp": 1613748733, "test-acc": 0.505, "graph_0": {"_type": "graph-file", "path": "media/graph/graph_0_summary_1ee22df5.graph.json", "sha256": "1ee22df5dcc60934b6a881960922b63d5b1ebc236a3edafa241a2736d9939ac0", "size": 1411}, "train-loss": 0.6931470632553101, "train-acc": 0.5003814697265617}