{"test-loss": 1.3862944841384888, "_step": 599, "_runtime": 121, "_timestamp": 1613791893, "test-acc": 0.505, "graph_0": {"_type": "graph-file", "path": "media/graph/graph_0_summary_4230af1c.graph.json", "sha256": "4230af1c37cd59184eebdaa5845b500573bed1c403a1994febbf975a8dea9f71", "size": 1411}, "train-loss": 0.6931470632553101, "train-acc": 0.4978027343749992}