{"test-loss": 6.886888265609741, "_step": 599, "_runtime": 25, "_timestamp": 1614112698, "test-acc": 0.504, "graph_0": {"_type": "graph-file", "path": "media/graph/graph_0_summary_8960a834.graph.json", "sha256": "8960a83430d9987fa2e9f6dac73d9baddb1d070dffa5fc556da8548473358c42", "size": 1411}, "train-loss": 0.0003555607108864933, "train-acc": 0.9999999999999756}