{"test-loss": 9.921539783477783, "_step": 599, "_runtime": 37, "_timestamp": 1613651423, "test-acc": 0.5165, "graph_0": {"_type": "graph-file", "path": "media/graph/graph_0_summary_2773872e.graph.json", "sha256": "2773872e2c64418433c6aa907617859ba41fd40d1df316ec62d2dba423b0e1b7", "size": 1411}, "train-loss": 0.03781244624406099, "train-acc": 0.9881591796874941}