{"test-loss": 5.309579372406006, "_step": 599, "_runtime": 33, "_timestamp": 1614191810, "test-acc": 0.477, "graph_0": {"_type": "graph-file", "path": "media/graph/graph_0_summary_aa398588.graph.json", "sha256": "aa398588ff789a00cdc2cda97e26e582bbd9d328e73d7dca4f0230dc646495f1", "size": 1411}, "train-loss": 0.0040764607256278396, "train-acc": 0.9999999999999756}