{"test-loss": 1.3862944841384888, "_step": 599, "_runtime": 148, "_timestamp": 1614075014, "test-acc": 0.505, "graph_0": {"_type": "graph-file", "path": "media/graph/graph_0_summary_888cea69.graph.json", "sha256": "888cea690ed64bf4df102993ea12e337115c59e46efafe69d104832c716c2ee0", "size": 1411}, "train-loss": 0.6931470632553101, "train-acc": 0.5001220703124992}