{"test-loss": 90.47534561157227, "_step": 599, "_runtime": 42, "_timestamp": 1613680574, "test-acc": 0.5165, "graph_0": {"_type": "graph-file", "path": "media/graph/graph_0_summary_97a342f9.graph.json", "sha256": "97a342f9657cbd5ab2673eb5d85ec08f34e5137fb2ead6c50622616b5342052c", "size": 1411}, "train-loss": 0.0012758931261487305, "train-acc": 0.999999999999994}