{"test-loss": 1.3862944841384888, "_step": 599, "_runtime": 148, "_timestamp": 1614067574, "test-acc": 0.505, "graph_0": {"_type": "graph-file", "path": "media/graph/graph_0_summary_77562d00.graph.json", "sha256": "77562d00c9fda770c23816b54b5b59fb4072ff2e90260a615449b68484822f08", "size": 1411}, "train-loss": 0.6931470632553101, "train-acc": 0.5006866455078117}