{"test-loss": 1.3862944841384888, "_step": 599, "_runtime": 151, "_timestamp": 1614062939, "test-acc": 0.505, "graph_0": {"_type": "graph-file", "path": "media/graph/graph_0_summary_40aa448e.graph.json", "sha256": "40aa448eca49fbbb7e1d15cbfc08181cc4e3b8e41c6b0271faa9617d43932ed6", "size": 1411}, "train-loss": 0.6931470632553101, "train-acc": 0.4995880126953117}