{"test-loss": 39.76457595825195, "_step": 599, "_runtime": 45, "_timestamp": 1613671776, "test-acc": 0.504, "graph_0": {"_type": "graph-file", "path": "media/graph/graph_0_summary_29ef64c3.graph.json", "sha256": "29ef64c3390fed2cce6877f6268e77d192ce7a89ad03fcf26f9e8f7de2b92585", "size": 1411}, "train-loss": 8.917036397798617e-05, "train-acc": 0.999999999999994}