{"test-loss": 8.646235942840576, "_step": 599, "_runtime": 43, "_timestamp": 1613680103, "test-acc": 0.4995, "graph_0": {"_type": "graph-file", "path": "media/graph/graph_0_summary_123ed4fc.graph.json", "sha256": "123ed4fc6994a2daddb4409858c6be4a3856b1b997cdefce8025b123ccd686a7", "size": 1411}, "train-loss": 0.0002856648040960863, "train-acc": 0.999999999999994}