{"test-loss": 6.3687920570373535, "_step": 599, "_runtime": 24, "_timestamp": 1614108423, "test-acc": 0.5015, "graph_0": {"_type": "graph-file", "path": "media/graph/graph_0_summary_5a50b399.graph.json", "sha256": "5a50b399f5e3a468de27aa9a60e9dac1320f5bd5f0a48e0f98a9bea379e7910a", "size": 1411}, "train-loss": 0.0003514293421176262, "train-acc": 0.9999999999999756}