{"test-loss": 1.3862944841384888, "_step": 599, "_runtime": 38, "_timestamp": 1613629807, "test-acc": 0.5025, "graph_0": {"_type": "graph-file", "path": "media/graph/graph_0_summary_54c5bb22.graph.json", "sha256": "54c5bb22c3746747ebe9032f20d395aaa57b2aa6f2624928778a4e7b40e92ec1", "size": 1411}, "train-loss": 0.6931473016738892, "train-acc": 0.49499511718749706}