{"test-loss": 12.086705207824707, "_step": 599, "_runtime": 43, "_timestamp": 1613682408, "test-acc": 0.508, "graph_0": {"_type": "graph-file", "path": "media/graph/graph_0_summary_d9cc1b7c.graph.json", "sha256": "d9cc1b7c70489bf5c0fa5d064b37617e8bfa5c29b3e6ab1765597a5a06ef8ff3", "size": 1411}, "train-loss": 0.0002396307802996489, "train-acc": 0.999999999999994}