{"test-loss": 14.898852825164795, "_step": 599, "_runtime": 45, "_timestamp": 1613677800, "test-acc": 0.5015, "graph_0": {"_type": "graph-file", "path": "media/graph/graph_0_summary_2b7f7881.graph.json", "sha256": "2b7f78812aaf59843375812876e6525a8a355b3016039358c2ed662ad73c9026", "size": 1411}, "train-loss": 0.00031142493017449757, "train-acc": 0.999999999999994}