{"test-loss": 53.41422080993652, "_step": 599, "_runtime": 45, "_timestamp": 1613668984, "test-acc": 0.523, "graph_0": {"_type": "graph-file", "path": "media/graph/graph_0_summary_cf5fe56c.graph.json", "sha256": "cf5fe56c71f29f757086e4db791a2e8f05e1b014bbadc90290e4d61720466855", "size": 1411}, "train-loss": 7.029781737877272e-05, "train-acc": 0.999999999999994}