{"test-loss": 6.065448045730591, "_step": 599, "_runtime": 32, "_timestamp": 1614193801, "test-acc": 0.5215, "graph_0": {"_type": "graph-file", "path": "media/graph/graph_0_summary_90171bcf.graph.json", "sha256": "90171bcf7dcbd7e4a79c8ab18ec23f2fc263e80b3a509f1d372afcb53c35df51", "size": 1411}, "train-loss": 0.0007746164192212746, "train-acc": 0.9999999999999756}