{"test-loss": 7.791975736618042, "_step": 599, "_runtime": 26, "_timestamp": 1614125700, "test-acc": 0.518, "graph_0": {"_type": "graph-file", "path": "media/graph/graph_0_summary_415bfeb6.graph.json", "sha256": "415bfeb60ee92aa43094f318ec53f3ae776b16899e4919583627bac957ec95a2", "size": 1411}, "train-loss": 0.00039823287806939334, "train-acc": 0.9999999999999756}