{"test-loss": 0.016862609423696995, "_step": 599, "_runtime": 123, "_timestamp": 1613802310, "test-acc": 1.0, "graph_0": {"_type": "graph-file", "path": "media/graph/graph_0_summary_1970d57c.graph.json", "sha256": "1970d57c822d2819eb5ca8df16397bfad4b96f9d72516c8cea5e0b6fa0a3fe8b", "size": 1411}, "train-loss": 0.007904083700850606, "train-acc": 0.9999694824218734}