{"test-loss": 0.019255319610238075, "_step": 599, "_runtime": 148, "_timestamp": 1614087118, "test-acc": 1.0, "graph_0": {"_type": "graph-file", "path": "media/graph/graph_0_summary_02a659d6.graph.json", "sha256": "02a659d6a2e6632f86e0b1d4097aecb36de9b7576a6e98e64e7551245174dc18", "size": 1411}, "train-loss": 0.009605353930965066, "train-acc": 0.9998779296874984}