{"test-loss": 0.01096252165734768, "_step": 599, "_runtime": 422, "_timestamp": 1614017029, "test-acc": 1.0, "graph_0": {"_type": "graph-file", "path": "media/graph/graph_0_summary_13bc8b3f.graph.json", "sha256": "13bc8b3f4f4067b6ab1a5d1c4544d78e06534ba71c9a10484c8fad7ea8445742", "size": 1411}, "train-loss": 0.0060002608224749565, "train-acc": 0.9999999999999984}