{"test-loss": 1.3862944841384888, "_step": 599, "_runtime": 147, "_timestamp": 1614069062, "test-acc": 0.505, "graph_0": {"_type": "graph-file", "path": "media/graph/graph_0_summary_ab1eee75.graph.json", "sha256": "ab1eee75b8154c3cca2872f1dc097c049165c500e38462c4f1b671a1d40aeee8", "size": 1411}, "train-loss": 0.6931470632553101, "train-acc": 0.5019989013671867}