{"test-loss": 0.008855441585183144, "_step": 599, "_runtime": 146, "_timestamp": 1614091893, "test-acc": 1.0, "graph_0": {"_type": "graph-file", "path": "media/graph/graph_0_summary_c72c4398.graph.json", "sha256": "c72c4398f58dd63beef20465a19fbe1783bd2f27845bc60a8033096eaca0cc0b", "size": 1411}, "train-loss": 0.004330714466050267, "train-acc": 0.999984741210936}