{"test-loss": 0.012146740220487118, "_step": 599, "_runtime": 424, "_timestamp": 1614020526, "test-acc": 1.0, "graph_0": {"_type": "graph-file", "path": "media/graph/graph_0_summary_970201e9.graph.json", "sha256": "970201e9e070f2d4c068bb11ca2e4a6800bc02b44ce966db23cc55e407dd1c19", "size": 1411}, "train-loss": 0.0056485512759536505, "train-acc": 0.9999999999999984}