{"test-loss": 4.136473894119263, "_step": 599, "_runtime": 25, "_timestamp": 1614110753, "test-acc": 0.4975, "graph_0": {"_type": "graph-file", "path": "media/graph/graph_0_summary_9fc72a83.graph.json", "sha256": "9fc72a8308beb618508e701be28776d99528135c3c1b0c5ec8c6da31912bc984", "size": 1411}, "train-loss": 0.00023221880110213533, "train-acc": 0.9999999999999756}