{"test-loss": 6.351886034011841, "_step": 599, "_runtime": 31, "_timestamp": 1614199689, "test-acc": 0.515, "graph_0": {"_type": "graph-file", "path": "media/graph/graph_0_summary_147238a0.graph.json", "sha256": "147238a0de293a64e5c144ef30b86feb842bebe97b9f7ba3b870a00af2ebf7a7", "size": 1411}, "train-loss": 0.0006992024136707187, "train-acc": 0.9999999999999756}