{"test-loss": 0.013162908609956503, "_step": 599, "_runtime": 123, "_timestamp": 1613763909, "test-acc": 1.0, "graph_0": {"_type": "graph-file", "path": "media/graph/graph_0_summary_c443c6d2.graph.json", "sha256": "c443c6d22872dad3dae0ebb47a779fb8580485df5fc5824c7328f2d2bf4fbc46", "size": 1411}, "train-loss": 0.006101127481088042, "train-acc": 0.999984741210936}