{"test-loss": 66.76700210571289, "_step": 599, "_runtime": 45, "_timestamp": 1613674059, "test-acc": 0.4955, "graph_0": {"_type": "graph-file", "path": "media/graph/graph_0_summary_659438e1.graph.json", "sha256": "659438e12a46f35de6f017a66c5cddec8ae45608575c514bb7fed0b25885aee8", "size": 1411}, "train-loss": 0.00018395388082301234, "train-acc": 0.999999999999994}