{"test-loss": 3.868163824081421, "_step": 599, "_runtime": 34, "_timestamp": 1614196639, "test-acc": 0.5085, "graph_0": {"_type": "graph-file", "path": "media/graph/graph_0_summary_e2e1446d.graph.json", "sha256": "e2e1446dfa2569c119a84a9a731a4d8c806b724003260b1e17ac72ae4d11da82", "size": 1411}, "train-loss": 0.0005366446421248838, "train-acc": 0.9999999999999756}