{"test-loss": 0.010963439475744963, "_step": 599, "_runtime": 123, "_timestamp": 1613778043, "test-acc": 1.0, "graph_0": {"_type": "graph-file", "path": "media/graph/graph_0_summary_68e3ea4b.graph.json", "sha256": "68e3ea4b7c7e17f9a692cad28799088f7f35ab4e841ad6f2cc40612da87b6457", "size": 1411}, "train-loss": 0.005151206976734102, "train-acc": 0.9999999999999984}