{"test-loss": 1.3862944841384888, "_step": 599, "_runtime": 149, "_timestamp": 1614069558, "test-acc": 0.505, "graph_0": {"_type": "graph-file", "path": "media/graph/graph_0_summary_ff838a86.graph.json", "sha256": "ff838a8654eb45724d2091a41882a1a513c0b6415839da78b1c3d9e30a5e6124", "size": 1411}, "train-loss": 0.6931470632553101, "train-acc": 0.4985961914062492}