{"test-loss": 1.3862944841384888, "_step": 599, "_runtime": 122, "_timestamp": 1613793209, "test-acc": 0.505, "graph_0": {"_type": "graph-file", "path": "media/graph/graph_0_summary_af3b1a42.graph.json", "sha256": "af3b1a42c884158e7dca1c04d8780c18469347fc87b48ef8f7bdb7ff3e610e59", "size": 1411}, "train-loss": 0.6931470632553101, "train-acc": 0.4998168945312492}