{"test-loss": 1.3862944841384888, "_step": 599, "_runtime": 122, "_timestamp": 1613758848, "test-acc": 0.505, "graph_0": {"_type": "graph-file", "path": "media/graph/graph_0_summary_b57dc91e.graph.json", "sha256": "b57dc91edb772e91cd01ac3a32aa36933b6d2c1843407ebeda651f2f7c0e1bd3", "size": 1411}, "train-loss": 0.6931470632553101, "train-acc": 0.5000152587890617}