{"test-loss": 0.009167088195681572, "_step": 599, "_runtime": 124, "_timestamp": 1613796543, "test-acc": 1.0, "graph_0": {"_type": "graph-file", "path": "media/graph/graph_0_summary_3684933c.graph.json", "sha256": "3684933c9080eca001396c30302754fa737dff20583ccd0282c8918e1546e931", "size": 1411}, "train-loss": 0.004778426489792764, "train-acc": 0.9998779296874984}