{"test-loss": 31.48503589630127, "_step": 599, "_runtime": 39, "_timestamp": 1613637977, "test-acc": 0.492, "graph_0": {"_type": "graph-file", "path": "media/graph/graph_0_summary_eb2b61c7.graph.json", "sha256": "eb2b61c7d29667482f8166e37dec9c3c3beede58620e46448e27c7e5acc3bd62", "size": 1411}, "train-loss": 0.23213059455156326, "train-acc": 0.9411621093749943}