{"test-loss": 0.011049446649849415, "_step": 599, "_runtime": 123, "_timestamp": 1613762038, "test-acc": 1.0, "graph_0": {"_type": "graph-file", "path": "media/graph/graph_0_summary_d1aad32c.graph.json", "sha256": "d1aad32cc2b4f7f82bd6420c2dcc48b6900eef8cdcd4588bc2e0e506c81fce64", "size": 1411}, "train-loss": 0.005258551333099604, "train-acc": 0.9999999999999984}