{"test-loss": 10.786083698272705, "_step": 599, "_runtime": 45, "_timestamp": 1613664391, "test-acc": 0.4935, "graph_0": {"_type": "graph-file", "path": "media/graph/graph_0_summary_2e1c0e51.graph.json", "sha256": "2e1c0e51c202a0cf073f699431da5d397c58f53b5b1894e63415e4021ad0bc87", "size": 1411}, "train-loss": 0.00023372890328232643, "train-acc": 0.999999999999994}