{"test-loss": 0.012468870263546705, "_step": 599, "_runtime": 125, "_timestamp": 1613801908, "test-acc": 1.0, "graph_0": {"_type": "graph-file", "path": "media/graph/graph_0_summary_675e8a86.graph.json", "sha256": "675e8a867ece067e8f1829d93fe74704b1d5112c96e06465eaf1549cf406a5a4", "size": 1411}, "train-loss": 0.0061627516988664865, "train-acc": 0.9999999999999984}