{"test-loss": 1.3862944841384888, "_step": 599, "_runtime": 122, "_timestamp": 1613792155, "test-acc": 0.505, "graph_0": {"_type": "graph-file", "path": "media/graph/graph_0_summary_4477fce7.graph.json", "sha256": "4477fce7aa05f0a948da98fcc6329fd04392128e1c17e68dae04c5e4d7099fef", "size": 1411}, "train-loss": 0.6931470632553101, "train-acc": 0.4984436035156242}