{"test-loss": 5.9558093547821045, "_step": 599, "_runtime": 24, "_timestamp": 1614120714, "test-acc": 0.4825, "graph_0": {"_type": "graph-file", "path": "media/graph/graph_0_summary_bd198235.graph.json", "sha256": "bd198235ac1f9225b65c8610ace9699d998bdc20fa945de14890ecbcecb442e9", "size": 1411}, "train-loss": 0.00032895270123844966, "train-acc": 0.9999999999999756}