{"test-loss": 0.013329407665878534, "_step": 599, "_runtime": 145, "_timestamp": 1614103803, "test-acc": 1.0, "graph_0": {"_type": "graph-file", "path": "media/graph/graph_0_summary_1fdadc54.graph.json", "sha256": "1fdadc54b32a02b92af24b9d1c67d9027109d9c8bbf16761e45c13e6e568d292", "size": 1411}, "train-loss": 0.0065976285841315985, "train-acc": 0.9999999999999984}