{"test-loss": 6.528790235519409, "_step": 599, "_runtime": 28, "_timestamp": 1614119283, "test-acc": 0.4965, "graph_0": {"_type": "graph-file", "path": "media/graph/graph_0_summary_8c46e401.graph.json", "sha256": "8c46e40143ce452f164be48d90134981e0a7d5ff6ec146289ca2dee759acf238", "size": 1411}, "train-loss": 0.0004059836792293936, "train-acc": 0.9999999999999756}