{"test-loss": 6.479089975357056, "_step": 599, "_runtime": 32, "_timestamp": 1614182656, "test-acc": 0.5125, "graph_0": {"_type": "graph-file", "path": "media/graph/graph_0_summary_84ef9bed.graph.json", "sha256": "84ef9bed779440a7e50a506d944ecd7425009bb683d113b49420e3bb082980ad", "size": 1411}, "train-loss": 0.016348925419151783, "train-acc": 0.9999999999999756}