{"test-loss": 0.02139807492494583, "_step": 599, "_runtime": 428, "_timestamp": 1613999401, "test-acc": 1.0, "graph_0": {"_type": "graph-file", "path": "media/graph/graph_0_summary_8713e47c.graph.json", "sha256": "8713e47c03b8374872055287a0dcc8eead17f785e2160c06354e271a37cb7265", "size": 1411}, "train-loss": 0.010341406799852848, "train-acc": 0.9999999999999984}