{"test-loss": 1.3862944841384888, "_step": 599, "_runtime": 124, "_timestamp": 1613786627, "test-acc": 0.505, "graph_0": {"_type": "graph-file", "path": "media/graph/graph_0_summary_24f6e4b8.graph.json", "sha256": "24f6e4b8284ae8905619d70fad76f23cec59e7d7536a2a7941435ebc3aaa3e24", "size": 1411}, "train-loss": 0.6931470632553101, "train-acc": 0.5014038085937492}