{"test-loss": 5.781840085983276, "_step": 599, "_runtime": 25, "_timestamp": 1614123334, "test-acc": 0.514, "graph_0": {"_type": "graph-file", "path": "media/graph/graph_0_summary_dd4f39ef.graph.json", "sha256": "dd4f39ef7af67ada8283b5aefd28f05aad5a2cfb76adf1e0ca5d9433af0d6f2e", "size": 1411}, "train-loss": 0.0002852554898709059, "train-acc": 0.9999999999999756}