{"test-loss": 0.019955651834607124, "_step": 599, "_runtime": 149, "_timestamp": 1614090417, "test-acc": 1.0, "graph_0": {"_type": "graph-file", "path": "media/graph/graph_0_summary_a56a23db.graph.json", "sha256": "a56a23dbbff000c071c8eb298efde38348f664e64ac2e8daddd7c6e965e55de3", "size": 1411}, "train-loss": 0.010227534919977188, "train-acc": 0.9999999999999984}