{"test-loss": 1.3862944841384888, "_step": 599, "_runtime": 38, "_timestamp": 1613629263, "test-acc": 0.5025, "graph_0": {"_type": "graph-file", "path": "media/graph/graph_0_summary_8d7e040e.graph.json", "sha256": "8d7e040ef7b707b7a58e55677c5b7650540c965d6ced6ce6622ad3816257d114", "size": 1411}, "train-loss": 0.6931473016738892, "train-acc": 0.497497558593747}