{"test-loss": 0.04558087885379791, "_step": 599, "_runtime": 148, "_timestamp": 1614052487, "test-acc": 0.9965, "graph_0": {"_type": "graph-file", "path": "media/graph/graph_0_summary_0c0de788.graph.json", "sha256": "0c0de788a2cf48871ea3821f335a075cedc1b1a6a8fbb3f3c57064e6176ffec1", "size": 1411}, "train-loss": 0.017278605606406927, "train-acc": 0.9983520507812484}