{"test-loss": 1.8427589535713196, "_step": 599, "_runtime": 37, "_timestamp": 1613633594, "test-acc": 0.8575, "graph_0": {"_type": "graph-file", "path": "media/graph/graph_0_summary_90c4981c.graph.json", "sha256": "90c4981c28c7b9a2fd42d0a14f1b7a1e51be4b8098af1159ea719929b2145ce1", "size": 1411}, "train-loss": 0.24252436682581902, "train-acc": 0.9171142578124944}