{"test-loss": 5.780073642730713, "_step": 599, "_runtime": 24, "_timestamp": 1614110789, "test-acc": 0.514, "graph_0": {"_type": "graph-file", "path": "media/graph/graph_0_summary_a4265352.graph.json", "sha256": "a42653529618de99f0597edaa79741fc806510e924c08d59e381822470bb2346", "size": 1411}, "train-loss": 0.0002855697166523896, "train-acc": 0.9999999999999756}