{"test-loss": 7.4051878452301025, "_step": 599, "_runtime": 31, "_timestamp": 1614195967, "test-acc": 0.502, "graph_0": {"_type": "graph-file", "path": "media/graph/graph_0_summary_c1f532a8.graph.json", "sha256": "c1f532a880fa335c997cba332a470ffd9f1c84e409d415b31c0de54fd2f32a00", "size": 1411}, "train-loss": 0.0041096319910138845, "train-acc": 0.9999999999999756}