{"test-loss": 6.851745367050171, "_step": 599, "_runtime": 29, "_timestamp": 1614126089, "test-acc": 0.49, "graph_0": {"_type": "graph-file", "path": "media/graph/graph_0_summary_0812180d.graph.json", "sha256": "0812180dde6b6792cb3805d151618addbf9f77c097b7046dda0dc85aa8768984", "size": 1411}, "train-loss": 0.000333294527081307, "train-acc": 0.9999999999999756}