{"test-loss": 9.351650714874268, "_step": 599, "_runtime": 37, "_timestamp": 1613647584, "test-acc": 0.5065, "graph_0": {"_type": "graph-file", "path": "media/graph/graph_0_summary_c4625083.graph.json", "sha256": "c46250838df35bed278435ddb91ee9d7d8fa874149c471dbbf7a1f277500b68a", "size": 1411}, "train-loss": 0.5656646639108658, "train-acc": 0.8641967773437448}