{"test-loss": 1.3862944841384888, "_step": 599, "_runtime": 151, "_timestamp": 1614072870, "test-acc": 0.505, "graph_0": {"_type": "graph-file", "path": "media/graph/graph_0_summary_7652f9ec.graph.json", "sha256": "7652f9ec21d2df825ccb3faa0f62827dd650244c478880736259c7ba0c7af616", "size": 1411}, "train-loss": 0.6931470632553101, "train-acc": 0.5000152587890617}