{"test-loss": 7.621471643447876, "_step": 599, "_runtime": 24, "_timestamp": 1614120643, "test-acc": 0.4995, "graph_0": {"_type": "graph-file", "path": "media/graph/graph_0_summary_3c3e0d9c.graph.json", "sha256": "3c3e0d9c86d9af4e7a0fc7c3f32377008ae4676750142d0706efb23a42f50c9c", "size": 1411}, "train-loss": 0.0004025710150017403, "train-acc": 0.9999999999999756}