{"test-loss": 14.418579578399658, "_step": 599, "_runtime": 43, "_timestamp": 1613682037, "test-acc": 0.515, "graph_0": {"_type": "graph-file", "path": "media/graph/graph_0_summary_27b7013b.graph.json", "sha256": "27b7013b984f8170c65d065c730a1f7ac2122af1f02281abcc92fcbba663ded3", "size": 1411}, "train-loss": 0.00025125479169219034, "train-acc": 0.999999999999994}