{"test-loss": 0.19051339477300644, "_step": 599, "_runtime": 38, "_timestamp": 1613631814, "test-acc": 0.9735, "graph_0": {"_type": "graph-file", "path": "media/graph/graph_0_summary_585dc77f.graph.json", "sha256": "585dc77fbede9152a98f0a9c1cb9e4a273eeeda6bf27eb8f0f10a215f78b165e", "size": 1411}, "train-loss": 0.005819084355607629, "train-acc": 0.997863769531244}