{"test-loss": 1.3862944841384888, "_step": 599, "_runtime": 124, "_timestamp": 1613759648, "test-acc": 0.505, "graph_0": {"_type": "graph-file", "path": "media/graph/graph_0_summary_ac2a225e.graph.json", "sha256": "ac2a225ebbf860b369cd91496d5e3847a48807fa2c8b9f4d273f8450d24e7ee1", "size": 1411}, "train-loss": 0.6931470632553101, "train-acc": 0.5019989013671867}