{"test-loss": 25.34493064880371, "_step": 599, "_runtime": 37, "_timestamp": 1613648521, "test-acc": 0.527, "graph_0": {"_type": "graph-file", "path": "media/graph/graph_0_summary_53d0dc1c.graph.json", "sha256": "53d0dc1c29db60927cde6cf7f1f866e6578190580a8cfdbfd8f137f2fa597b4c", "size": 1411}, "train-loss": 1.2611502707004547, "train-acc": 0.8466186523437449}