{"test-loss": 6.306053161621094, "_step": 599, "_runtime": 25, "_timestamp": 1614117497, "test-acc": 0.506, "graph_0": {"_type": "graph-file", "path": "media/graph/graph_0_summary_dae57bab.graph.json", "sha256": "dae57baba3103b3b81596bccb78f75e5629054c7df6f08acf9b84d0b99a40366", "size": 1411}, "train-loss": 0.00038987046718830243, "train-acc": 0.9999999999999756}