{"test-loss": 0.007844353094696999, "_step": 599, "_runtime": 123, "_timestamp": 1613761106, "test-acc": 1.0, "graph_0": {"_type": "graph-file", "path": "media/graph/graph_0_summary_81850f6d.graph.json", "sha256": "81850f6da2460bfd4a861382f012780a875794329b6782b7dbb10691aaeaceb7", "size": 1411}, "train-loss": 0.0045764578972011805, "train-acc": 0.999984741210936}