{"test-loss": 19.097893714904785, "_step": 599, "_runtime": 42, "_timestamp": 1613683873, "test-acc": 0.4855, "graph_0": {"_type": "graph-file", "path": "media/graph/graph_0_summary_57a48ce2.graph.json", "sha256": "57a48ce22235716a617efaa1680d1b39e211e35a3ee06d67523173516732ad77", "size": 1411}, "train-loss": 0.00016269823476008916, "train-acc": 0.999999999999994}