{"test-loss": 1.3862944841384888, "_step": 599, "_runtime": 149, "_timestamp": 1614065250, "test-acc": 0.505, "graph_0": {"_type": "graph-file", "path": "media/graph/graph_0_summary_da17671a.graph.json", "sha256": "da17671aff1260408a9622f77a035ce8643db94fe097755c52bea802781deec6", "size": 1411}, "train-loss": 0.6931470632553101, "train-acc": 0.5027160644531242}