{"test-loss": 1.3862944841384888, "_step": 599, "_runtime": 429, "_timestamp": 1613961871, "test-acc": 0.505, "graph_0": {"_type": "graph-file", "path": "media/graph/graph_0_summary_c1a93bd8.graph.json", "sha256": "c1a93bd866252680378698350bf0be46a3b5ff4fbece11ac0cd592c37d36e71f", "size": 1411}, "train-loss": 0.6931470632553101, "train-acc": 0.4998474121093742}