{"test-loss": 5.198061227798462, "_step": 599, "_runtime": 24, "_timestamp": 1614121591, "test-acc": 0.5015, "graph_0": {"_type": "graph-file", "path": "media/graph/graph_0_summary_cd731b2e.graph.json", "sha256": "cd731b2e8c92c38f8c73f2ee70717e5b8040e3b0db7164da92379f3b72dddd40", "size": 1411}, "train-loss": 0.000393538546632044, "train-acc": 0.9999999999999756}