{"test-loss": 1.3862944841384888, "_step": 599, "_runtime": 37, "_timestamp": 1613630380, "test-acc": 0.5025, "graph_0": {"_type": "graph-file", "path": "media/graph/graph_0_summary_445d1a57.graph.json", "sha256": "445d1a5758e55dd774920301431a8edf6bb22792e79552b94d66618ebaba75c0", "size": 1411}, "train-loss": 0.6931473016738892, "train-acc": 0.498901367187497}