{"test-loss": 7.8831727504730225, "_step": 599, "_runtime": 37, "_timestamp": 1613637804, "test-acc": 0.4975, "graph_0": {"_type": "graph-file", "path": "media/graph/graph_0_summary_707c9278.graph.json", "sha256": "707c92788c9fd99f79d5d4f8a62e77849c099de00dc969537277969b3d260bf5", "size": 1411}, "train-loss": 0.8997373580932617, "train-acc": 0.7925415039062452}