{"test-loss": 0.010725138708949089, "_step": 599, "_runtime": 427, "_timestamp": 1613999842, "test-acc": 1.0, "graph_0": {"_type": "graph-file", "path": "media/graph/graph_0_summary_8a479ee5.graph.json", "sha256": "8a479ee5c288fce35a93f10df0748a29737d25f5c362c97a6b0d7601ef27bdc4", "size": 1411}, "train-loss": 0.0054187936475500464, "train-acc": 0.9999694824218734}