{"test-loss": 7.921665668487549, "_step": 599, "_runtime": 25, "_timestamp": 1614108387, "test-acc": 0.4995, "graph_0": {"_type": "graph-file", "path": "media/graph/graph_0_summary_a03236e1.graph.json", "sha256": "a03236e12273ea74dcdf7fe7637a0d4f9fe2063e1368aaeef4df9154480e117a", "size": 1411}, "train-loss": 0.00043429794459370896, "train-acc": 0.9999999999999756}