{"test-loss": 1.268835425376892, "_step": 599, "_runtime": 123, "_timestamp": 1613788998, "test-acc": 0.631, "graph_0": {"_type": "graph-file", "path": "media/graph/graph_0_summary_af7468c7.graph.json", "sha256": "af7468c7c4fb89d9ff270e8b4634711af5659b434d38692fbf32b253cacb1d4c", "size": 1411}, "train-loss": 0.637442335486412, "train-acc": 0.6073455810546865}