{"test-loss": 0.013827322516590357, "_step": 599, "_runtime": 422, "_timestamp": 1614026219, "test-acc": 1.0, "graph_0": {"_type": "graph-file", "path": "media/graph/graph_0_summary_4b903d30.graph.json", "sha256": "4b903d30b21a2c0fde8c61ec7785b1c184a808d829f319bd2fce4a7b9d907f19", "size": 1411}, "train-loss": 0.0077394526451826096, "train-acc": 0.999984741210936}