{"test-loss": 12.516936779022217, "_step": 599, "_runtime": 43, "_timestamp": 1613681149, "test-acc": 0.491, "graph_0": {"_type": "graph-file", "path": "media/graph/graph_0_summary_8b719c52.graph.json", "sha256": "8b719c529f362aa7f51187ce487c14d297b73521c9a7d455323b720c9500e041", "size": 1411}, "train-loss": 0.00025896775514411274, "train-acc": 0.999999999999994}