{"test-loss": 6.884765148162842, "_step": 599, "_runtime": 25, "_timestamp": 1614110866, "test-acc": 0.504, "graph_0": {"_type": "graph-file", "path": "media/graph/graph_0_summary_7bda7ecf.graph.json", "sha256": "7bda7ecf0e3480f82abeb42c38e6cbf4bd13732789b5eba75cb51c492911fd2a", "size": 1411}, "train-loss": 0.00035456183104543015, "train-acc": 0.9999999999999756}