{"test-loss": 344.2311706542969, "_step": 599, "_runtime": 46, "_timestamp": 1613672976, "test-acc": 0.4925, "graph_0": {"_type": "graph-file", "path": "media/graph/graph_0_summary_ae951f11.graph.json", "sha256": "ae951f115dc8c5b10a5bfc94c8ac5658332fc61b9e61012403b6c5519ddee847", "size": 1411}, "train-loss": 4.661282560297188, "train-acc": 0.9175415039062444}