{"test-loss": 4.622241497039795, "_step": 599, "_runtime": 34, "_timestamp": 1614182246, "test-acc": 0.4735, "graph_0": {"_type": "graph-file", "path": "media/graph/graph_0_summary_ef570c0d.graph.json", "sha256": "ef570c0d74cbe464798008eb82ce231157042a09b5a867d4267ebfef00fae222", "size": 1411}, "train-loss": 0.0010030114208348095, "train-acc": 0.9999999999999756}