{"test-loss": 4.717175006866455, "_step": 599, "_runtime": 32, "_timestamp": 1614199145, "test-acc": 0.4955, "graph_0": {"_type": "graph-file", "path": "media/graph/graph_0_summary_62f2c943.graph.json", "sha256": "62f2c943d45b524e39c1b8774486556aa5211efda422e8796d448d6e02737b46", "size": 1411}, "train-loss": 0.002180724812205881, "train-acc": 0.9999999999999756}