{"test-loss": 6.232367515563965, "_step": 599, "_runtime": 25, "_timestamp": 1614110538, "test-acc": 0.5045, "graph_0": {"_type": "graph-file", "path": "media/graph/graph_0_summary_1725e0e5.graph.json", "sha256": "1725e0e5fcaaf1c100e866513cf98d1f6b633b2c03b3a6627810418c287cb67c", "size": 1411}, "train-loss": 0.00038692678208462894, "train-acc": 0.9999999999999756}