{"test-loss": 4.685566425323486, "_step": 599, "_runtime": 31, "_timestamp": 1614199953, "test-acc": 0.5145, "graph_0": {"_type": "graph-file", "path": "media/graph/graph_0_summary_d80c5886.graph.json", "sha256": "d80c5886c6bb57eaafa69f52531dec39efc600aa5a9e2962fb7b61c5579381c1", "size": 1411}, "train-loss": 0.004765599500387907, "train-acc": 0.9999999999999756}