{"test-loss": 1.3862944841384888, "_step": 599, "_runtime": 24, "_timestamp": 1614115772, "test-acc": 0.4945, "graph_0": {"_type": "graph-file", "path": "media/graph/graph_0_summary_525d46e7.graph.json", "sha256": "525d46e78d7694679cc9eae67407fdcf6bdba20db153433d8d9421f147514299", "size": 1411}, "train-loss": 0.6931471824645996, "train-acc": 0.4990234374999878}