{"test-loss": 7.885472774505615, "_step": 599, "_runtime": 32, "_timestamp": 1614200268, "test-acc": 0.5055, "graph_0": {"_type": "graph-file", "path": "media/graph/graph_0_summary_54bc1ad2.graph.json", "sha256": "54bc1ad2020d1d1ec53f8ef8ed1fa06968726edc3eddbe8a15a538fdff5fe4a6", "size": 1411}, "train-loss": 0.011669412488117814, "train-acc": 0.9999999999999756}