{"test-loss": 5.363436460494995, "_step": 599, "_runtime": 37, "_timestamp": 1613646370, "test-acc": 0.714, "graph_0": {"_type": "graph-file", "path": "media/graph/graph_0_summary_88b76267.graph.json", "sha256": "88b7626729c54ca8295549f89587b407a86fdda4c242609b369690988520a589", "size": 1411}, "train-loss": 0.49734222143888474, "train-acc": 0.8698730468749948}