{"test-loss": 1.3862944841384888, "_step": 599, "_runtime": 37, "_timestamp": 1613630613, "test-acc": 0.5025, "graph_0": {"_type": "graph-file", "path": "media/graph/graph_0_summary_d5f94504.graph.json", "sha256": "d5f94504ba89c794d06b2c6686936e6d4dadb7cb2abc29e7ea66e1174b528595", "size": 1411}, "train-loss": 0.6931473016738892, "train-acc": 0.505187988281247}