{"test-loss": 1.2591775059700012, "_step": 599, "_runtime": 126, "_timestamp": 1613801103, "test-acc": 0.6145, "graph_0": {"_type": "graph-file", "path": "media/graph/graph_0_summary_72f5c148.graph.json", "sha256": "72f5c148155a7b2328831987082d89f36f480d46a6ee4eb05fee6bde51276716", "size": 1411}, "train-loss": 0.6390879601240158, "train-acc": 0.5856475830078116}