{"test-loss": 1.3862944841384888, "_step": 599, "_runtime": 124, "_timestamp": 1613751669, "test-acc": 0.505, "graph_0": {"_type": "graph-file", "path": "media/graph/graph_0_summary_2f113615.graph.json", "sha256": "2f113615b021b2c7d3c81e316b6e1f6ac4839b9b551d0a39b68eb01b085ebac2", "size": 1411}, "train-loss": 0.6931470632553101, "train-acc": 0.5006866455078117}