{"test-loss": 14.418579578399658, "_step": 599, "_runtime": 43, "_timestamp": 1613679371, "test-acc": 0.515, "graph_0": {"_type": "graph-file", "path": "media/graph/graph_0_summary_57ddfe3a.graph.json", "sha256": "57ddfe3a6dcfa8fc6cd0785d66a75633a0d008bb0659dc77967437b8dcd10ec3", "size": 1411}, "train-loss": 0.00025125479169219034, "train-acc": 0.999999999999994}