{"test-loss": 1.3862944841384888, "_step": 599, "_runtime": 148, "_timestamp": 1614075844, "test-acc": 0.505, "graph_0": {"_type": "graph-file", "path": "media/graph/graph_0_summary_8241371c.graph.json", "sha256": "8241371ce0f7b3e8f532dbd01fa8b34ec870f3995907cb1c60f15684808da6c1", "size": 1411}, "train-loss": 0.6931470632553101, "train-acc": 0.4984436035156242}