{"training/accuracy": 0.09882, "training/loss": 2.30269203125, "_step": 0, "_runtime": 34, "_timestamp": 1614619951}