{"test-loss": 1.3862944841384888, "_step": 599, "_runtime": 123, "_timestamp": 1613750737, "test-acc": 0.505, "graph_0": {"_type": "graph-file", "path": "media/graph/graph_0_summary_212cfbd2.graph.json", "sha256": "212cfbd2f3bd2b5cbcea1e0499e1bbbec9bf0ec13672fd37d0d2279dd1f9ccee", "size": 1411}, "train-loss": 0.6931470632553101, "train-acc": 0.5005950927734367}