{"test-loss": 1.3862944841384888, "_step": 599, "_runtime": 123, "_timestamp": 1613773367, "test-acc": 0.505, "graph_0": {"_type": "graph-file", "path": "media/graph/graph_0_summary_2ab0245e.graph.json", "sha256": "2ab0245e2f71b6cb61f37c7776e74f176b82bf32935bbab0badc8e881debabbc", "size": 1411}, "train-loss": 0.6931470632553101, "train-acc": 0.5011596679687492}