{"test-loss": 4.693225145339966, "_step": 599, "_runtime": 25, "_timestamp": 1614122086, "test-acc": 0.515, "graph_0": {"_type": "graph-file", "path": "media/graph/graph_0_summary_4b6c21d3.graph.json", "sha256": "4b6c21d34ea86b350c03d617d156f1308814a775ba30a3997accccf71a788560", "size": 1411}, "train-loss": 0.00040809901111060753, "train-acc": 0.9999999999999756}