{"test-loss": 1.3862944841384888, "_step": 599, "_runtime": 122, "_timestamp": 1613784384, "test-acc": 0.505, "graph_0": {"_type": "graph-file", "path": "media/graph/graph_0_summary_f45f5d9c.graph.json", "sha256": "f45f5d9c3d1c07847e0f19fe67fb96da369211d83cb37660ade4d4f213b50c25", "size": 1411}, "train-loss": 0.6931470632553101, "train-acc": 0.4993286132812492}