{"test-loss": 14.085474967956543, "_step": 599, "_runtime": 38, "_timestamp": 1613635858, "test-acc": 0.4865, "graph_0": {"_type": "graph-file", "path": "media/graph/graph_0_summary_43e4b64b.graph.json", "sha256": "43e4b64b2e6a1a97d28743b2e02e0bc1d54b832f4f172363c30f23b62f8deba4", "size": 1411}, "train-loss": 0.45660530030727386, "train-acc": 0.9049072265624946}