{"test-loss": 6.306053161621094, "_step": 599, "_runtime": 24, "_timestamp": 1614121187, "test-acc": 0.506, "graph_0": {"_type": "graph-file", "path": "media/graph/graph_0_summary_16b4d29f.graph.json", "sha256": "16b4d29fae6ee4f1f5649ad02af468b317d51f2e474ed2b8231ace726078623a", "size": 1411}, "train-loss": 0.00038987046718830243, "train-acc": 0.9999999999999756}