{"test-loss": 1.3862944841384888, "_step": 599, "_runtime": 24, "_timestamp": 1614116538, "test-acc": 0.4945, "graph_0": {"_type": "graph-file", "path": "media/graph/graph_0_summary_fafd61de.graph.json", "sha256": "fafd61de9e4ab5941d4e921dbeb4eb005c0b592c35eecbb1f55a33d9f2a9a5ad", "size": 1411}, "train-loss": 0.6931471824645996, "train-acc": 0.490722656249988}