{"test-loss": 0.01313841249793768, "_step": 599, "_runtime": 124, "_timestamp": 1613775499, "test-acc": 1.0, "graph_0": {"_type": "graph-file", "path": "media/graph/graph_0_summary_5737c594.graph.json", "sha256": "5737c594b6bb93ef6cb1d61839506085f66de889147579ae3e2a0462658a76d4", "size": 1411}, "train-loss": 0.006568549550138414, "train-acc": 0.9999999999999984}