{"test-loss": 5.50477933883667, "_step": 599, "_runtime": 31, "_timestamp": 1614191271, "test-acc": 0.498, "graph_0": {"_type": "graph-file", "path": "media/graph/graph_0_summary_695d0673.graph.json", "sha256": "695d0673a0c8c5cc2ce8d94b5fc04764e2325b3e6b6dc4bfc974567b08873481", "size": 1411}, "train-loss": 0.019333726726472378, "train-acc": 0.9999999999999756}