{"test-loss": 1.3862944841384888, "_step": 599, "_runtime": 425, "_timestamp": 1613962312, "test-acc": 0.505, "graph_0": {"_type": "graph-file", "path": "media/graph/graph_0_summary_8bea25cc.graph.json", "sha256": "8bea25cc981219ca8899b330d71068a7d2804e51b5fc45a99ec9b2e9154170bf", "size": 1411}, "train-loss": 0.6931470632553101, "train-acc": 0.4985961914062492}