{"test-loss": 10.207831382751465, "_step": 599, "_runtime": 28, "_timestamp": 1614125175, "test-acc": 0.5055, "graph_0": {"_type": "graph-file", "path": "media/graph/graph_0_summary_41875084.graph.json", "sha256": "418750847120df78bbe606a1f906e33e15953e31a7eaea37007205795d1c49c9", "size": 1411}, "train-loss": 0.0004400375109980814, "train-acc": 0.9999999999999756}