{"test-loss": 7.531712293624878, "_step": 599, "_runtime": 34, "_timestamp": 1614187974, "test-acc": 0.498, "graph_0": {"_type": "graph-file", "path": "media/graph/graph_0_summary_d8cf7fb4.graph.json", "sha256": "d8cf7fb42a5368ded330c97ff9439e159c36048e8d3c7eb44e6bf56de7c5cf9c", "size": 1411}, "train-loss": 0.00043350516352802515, "train-acc": 0.9999999999999756}