{"test-loss": 1.3862944841384888, "_step": 599, "_runtime": 122, "_timestamp": 1613785968, "test-acc": 0.505, "graph_0": {"_type": "graph-file", "path": "media/graph/graph_0_summary_3383a675.graph.json", "sha256": "3383a675319a17960954e8e00a8e50f353d9eecdbeb788cee7a15942b697730c", "size": 1411}, "train-loss": 0.6931470632553101, "train-acc": 0.5024871826171867}