{"test-loss": 1.3862944841384888, "_step": 599, "_runtime": 37, "_timestamp": 1613630334, "test-acc": 0.5025, "graph_0": {"_type": "graph-file", "path": "media/graph/graph_0_summary_aeeba845.graph.json", "sha256": "aeeba845bb23936633ee4c4c7536df37631cb9ee679cfb53dfb0500e40812d16", "size": 1411}, "train-loss": 0.6931473016738892, "train-acc": 0.502868652343747}