{"test-loss": 5.252063512802124, "_step": 599, "_runtime": 33, "_timestamp": 1614187836, "test-acc": 0.52, "graph_0": {"_type": "graph-file", "path": "media/graph/graph_0_summary_673ef79f.graph.json", "sha256": "673ef79fdce5e34d1e199913c38889d367f372bd0edc3bd56df532634633c197", "size": 1411}, "train-loss": 0.02399588143453002, "train-acc": 0.9999999999999756}