{"test-loss": 1.3862944841384888, "_step": 599, "_runtime": 426, "_timestamp": 1613982638, "test-acc": 0.505, "graph_0": {"_type": "graph-file", "path": "media/graph/graph_0_summary_77c00755.graph.json", "sha256": "77c00755c0760bee802764e9efe60fd7a7d9883a0b0393692cc37212f92d3dd2", "size": 1411}, "train-loss": 0.6931470632553101, "train-acc": 0.4998168945312492}