{"test-loss": 17.69242572784424, "_step": 599, "_runtime": 42, "_timestamp": 1613680311, "test-acc": 0.4885, "graph_0": {"_type": "graph-file", "path": "media/graph/graph_0_summary_eeb0d452.graph.json", "sha256": "eeb0d452bf8210a5c60b0a8da24edd6aea3b3c937c0736ef83c37689785b4521", "size": 1411}, "train-loss": 0.0003194415791938354, "train-acc": 0.999999999999994}