{"test-loss": 40.056806564331055, "_step": 599, "_runtime": 44, "_timestamp": 1613667232, "test-acc": 0.505, "graph_0": {"_type": "graph-file", "path": "media/graph/graph_0_summary_155bb1a2.graph.json", "sha256": "155bb1a291a955567f368596b5c7c52db67dcc7d712ddb944bbc445eae1f9199", "size": 1411}, "train-loss": 0.0001378461730396907, "train-acc": 0.999999999999994}