{"test-loss": 5.363770484924316, "_step": 599, "_runtime": 32, "_timestamp": 1614186930, "test-acc": 0.5065, "graph_0": {"_type": "graph-file", "path": "media/graph/graph_0_summary_d02bb038.graph.json", "sha256": "d02bb0388c74fe21e5ef54899ec01957c708391fcb959f0bfd583819c54fab17", "size": 1411}, "train-loss": 0.004587684292346239, "train-acc": 0.9999999999999756}