{"test-loss": 4.775515794754028, "_step": 599, "_runtime": 31, "_timestamp": 1614184790, "test-acc": 0.5085, "graph_0": {"_type": "graph-file", "path": "media/graph/graph_0_summary_8b35470c.graph.json", "sha256": "8b35470c2feb36fc047bd465d733d89bbe6f4ed9ec6ef2a54c40a10ab3b42742", "size": 1411}, "train-loss": 0.003916424699127674, "train-acc": 0.9999999999999756}