{"test-loss": 5.607872247695923, "_step": 599, "_runtime": 32, "_timestamp": 1614192856, "test-acc": 0.5, "graph_0": {"_type": "graph-file", "path": "media/graph/graph_0_summary_4583a24c.graph.json", "sha256": "4583a24c8c0c84538b5f1bbf15cf16f8931362562bd9e3f7dfab10ad7d2c22cf", "size": 1411}, "train-loss": 0.0043037994764745235, "train-acc": 0.9999999999999756}