{"test-loss": 4.764310836791992, "_step": 599, "_runtime": 34, "_timestamp": 1614183025, "test-acc": 0.4915, "graph_0": {"_type": "graph-file", "path": "media/graph/graph_0_summary_ba44c478.graph.json", "sha256": "ba44c478ad5ee902b39df03fddb0f5aa83524d15adc127653c36ffef84b75b16", "size": 1411}, "train-loss": 0.0014894437335897237, "train-acc": 0.9999999999999756}