{"test-loss": 5.953009366989136, "_step": 599, "_runtime": 23, "_timestamp": 1614113655, "test-acc": 0.4825, "graph_0": {"_type": "graph-file", "path": "media/graph/graph_0_summary_422c529b.graph.json", "sha256": "422c529bf15ef121742bdcf7de7395b363b8986bcf70e61e06014123a5a47d46", "size": 1411}, "train-loss": 0.0003297807998023927, "train-acc": 0.9999999999999756}