{"test-loss": 5.820669174194336, "_step": 599, "_runtime": 25, "_timestamp": 1614111654, "test-acc": 0.5095, "graph_0": {"_type": "graph-file", "path": "media/graph/graph_0_summary_cc34ea77.graph.json", "sha256": "cc34ea778f3c42232acacd27a7421bfb62bbff5d1ae055b1a3ddcba16cce7c69", "size": 1411}, "train-loss": 0.00032552939956076443, "train-acc": 0.9999999999999756}