{"test-loss": 0.01660836674273014, "_step": 599, "_runtime": 423, "_timestamp": 1614022710, "test-acc": 1.0, "graph_0": {"_type": "graph-file", "path": "media/graph/graph_0_summary_4180e532.graph.json", "sha256": "4180e5326722a0788c89a46da3085bd825ad06e3bfe6ba15893b6386bfa1b624", "size": 1411}, "train-loss": 0.007902810350060463, "train-acc": 0.9999999999999984}