{"test-loss": 0.008936007507145405, "_step": 599, "_runtime": 124, "_timestamp": 1613762306, "test-acc": 1.0, "graph_0": {"_type": "graph-file", "path": "media/graph/graph_0_summary_61306fbf.graph.json", "sha256": "61306fbf702a44c12d6c42476e11a576862a9d682a44b1e60cee537c1bbf358c", "size": 1411}, "train-loss": 0.004864503745920956, "train-acc": 0.9999999999999984}