{"test-loss": 1.3862944841384888, "_step": 599, "_runtime": 39, "_timestamp": 1613628677, "test-acc": 0.5025, "graph_0": {"_type": "graph-file", "path": "media/graph/graph_0_summary_d1104be6.graph.json", "sha256": "d1104be6e5269436a76d342e6fc4565b61a21f710f1d4ee781a58b0cc4c2107d", "size": 1411}, "train-loss": 0.6931473016738892, "train-acc": 0.49444580078124706}