{"test-loss": 0.009137044660747051, "_step": 599, "_runtime": 124, "_timestamp": 1613762172, "test-acc": 1.0, "graph_0": {"_type": "graph-file", "path": "media/graph/graph_0_summary_5053d00e.graph.json", "sha256": "5053d00e4c22cd2b05d86a8a07528cc535387d8fb1080801730e7ae24be96258", "size": 1411}, "train-loss": 0.004858755157329142, "train-acc": 0.9999999999999984}