{"test-loss": 9.701325416564941, "_step": 599, "_runtime": 23, "_timestamp": 1614113718, "test-acc": 0.4975, "graph_0": {"_type": "graph-file", "path": "media/graph/graph_0_summary_372e6e83.graph.json", "sha256": "372e6e8379910260db91b32ff4570e22aaaba3cb17c3ea97682cc4f84b0ce4f8", "size": 1411}, "train-loss": 0.0005061882693553343, "train-acc": 0.9999999999999756}