{"test-loss": 6.434729337692261, "_step": 599, "_runtime": 24, "_timestamp": 1614120109, "test-acc": 0.4915, "graph_0": {"_type": "graph-file", "path": "media/graph/graph_0_summary_df531781.graph.json", "sha256": "df5317818342271a80148d947a49ba0cfc2a080cd8e6b3ba7beabf2e3cd9fba8", "size": 1411}, "train-loss": 0.00038365703949239105, "train-acc": 0.9999999999999756}