{"test-loss": 1.3862944841384888, "_step": 599, "_runtime": 44, "_timestamp": 1613663243, "test-acc": 0.4975, "graph_0": {"_type": "graph-file", "path": "media/graph/graph_0_summary_871eecc0.graph.json", "sha256": "871eecc0996f9f12ed4430872cf2e0209205adff0da5df494a6d94bb63cde9b8", "size": 1411}, "train-loss": 0.6931471824645996, "train-acc": 0.503784179687497}