{"test-loss": 0.014140895567834377, "_step": 599, "_runtime": 144, "_timestamp": 1614097355, "test-acc": 1.0, "graph_0": {"_type": "graph-file", "path": "media/graph/graph_0_summary_4ccef353.graph.json", "sha256": "4ccef353dd10aa60926cf501adecb1b8770766fdd74e6a87d61f2804c3ef71f2", "size": 1411}, "train-loss": 0.007017618394456804, "train-acc": 0.9999999999999984}