{"test-loss": 1.3862944841384888, "_step": 599, "_runtime": 45, "_timestamp": 1613663842, "test-acc": 0.4975, "graph_0": {"_type": "graph-file", "path": "media/graph/graph_0_summary_e4382651.graph.json", "sha256": "e4382651176180450a9bdadc680492ecaa583eeab2135fdf28d37bdc93dda916", "size": 1411}, "train-loss": 0.6931471824645996, "train-acc": 0.498779296874997}