{"test-loss": 1.3862944841384888, "_step": 599, "_runtime": 122, "_timestamp": 1613748465, "test-acc": 0.505, "graph_0": {"_type": "graph-file", "path": "media/graph/graph_0_summary_3286a9da.graph.json", "sha256": "3286a9dab290e9efdcf67e1fde3f24413a8011adc419ee3a86322313080ddbbe", "size": 1411}, "train-loss": 0.6931470632553101, "train-acc": 0.5040740966796867}