{"test-loss": 6.851745367050171, "_step": 599, "_runtime": 25, "_timestamp": 1614122231, "test-acc": 0.49, "graph_0": {"_type": "graph-file", "path": "media/graph/graph_0_summary_bfc1ffae.graph.json", "sha256": "bfc1ffae9826415804f971e6986520a4f83a73e8df9076b88316043ae02c7555", "size": 1411}, "train-loss": 0.000333294527081307, "train-acc": 0.9999999999999756}