{"test-loss": 1.3862944841384888, "_step": 599, "_runtime": 45, "_timestamp": 1613662649, "test-acc": 0.4975, "graph_0": {"_type": "graph-file", "path": "media/graph/graph_0_summary_393749a9.graph.json", "sha256": "393749a9a90f7f73f1a3f5416b59f481af2d2b9550fb2a6f62b3fe44e1625642", "size": 1411}, "train-loss": 0.6931471824645996, "train-acc": 0.498535156249997}