{"test-loss": 5.870058298110962, "_step": 599, "_runtime": 32, "_timestamp": 1614197489, "test-acc": 0.509, "graph_0": {"_type": "graph-file", "path": "media/graph/graph_0_summary_510c9f00.graph.json", "sha256": "510c9f0033b5bc0e7b5b043d2c66a4e6165a0624a3ef1189c2a9a6fb76f1d891", "size": 1411}, "train-loss": 0.002768445643596351, "train-acc": 0.9999999999999756}