{"test-loss": 1.3862944841384888, "_step": 599, "_runtime": 122, "_timestamp": 1613760044, "test-acc": 0.505, "graph_0": {"_type": "graph-file", "path": "media/graph/graph_0_summary_02d5a5a2.graph.json", "sha256": "02d5a5a2ac6917980a2aad22666ce1ca5b5fdd35194c64b7a1ac2dc224722efc", "size": 1411}, "train-loss": 0.6931470632553101, "train-acc": 0.4985961914062492}