{"test-loss": 16.13435411453247, "_step": 599, "_runtime": 43, "_timestamp": 1613680522, "test-acc": 0.5005, "graph_0": {"_type": "graph-file", "path": "media/graph/graph_0_summary_cd203051.graph.json", "sha256": "cd203051402dda8f944d8abd49a76a39719afff81e25a24e8ddb8d5d530aefdd", "size": 1411}, "train-loss": 0.0001744565592645131, "train-acc": 0.999999999999994}