{"test-loss": 1.3862944841384888, "_step": 599, "_runtime": 24, "_timestamp": 1614116919, "test-acc": 0.4945, "graph_0": {"_type": "graph-file", "path": "media/graph/graph_0_summary_8800953d.graph.json", "sha256": "8800953d1af02461d9e452a45b5becce020176feee90e43f922b8ca561edc9bf", "size": 1411}, "train-loss": 0.6931471824645996, "train-acc": 0.4999999999999878}