{"test-loss": 6.913056135177612, "_step": 599, "_runtime": 25, "_timestamp": 1614120933, "test-acc": 0.5135, "graph_0": {"_type": "graph-file", "path": "media/graph/graph_0_summary_30c899f1.graph.json", "sha256": "30c899f13c8712418b2f97ba5b22fb4816fb1ad5f4bc42dd76a62a7ca8497155", "size": 1411}, "train-loss": 0.00034853634133469313, "train-acc": 0.9999999999999756}