{"test-loss": 0.4743525832891464, "_step": 599, "_runtime": 37, "_timestamp": 1613645441, "test-acc": 0.9535, "graph_0": {"_type": "graph-file", "path": "media/graph/graph_0_summary_b6b5c198.graph.json", "sha256": "b6b5c19896578c9035fde8c0306c33538bfa6c91ecc207638665de831083a60e", "size": 1411}, "train-loss": 0.021982379723340273, "train-acc": 0.991577148437494}