{"test-loss": 0.012918757740408182, "_step": 599, "_runtime": 124, "_timestamp": 1613802981, "test-acc": 1.0, "graph_0": {"_type": "graph-file", "path": "media/graph/graph_0_summary_9b63fc3f.graph.json", "sha256": "9b63fc3f1a2ca6841e753f0be870bddc5960516bd48c5325a3b98a7482163297", "size": 1411}, "train-loss": 0.006748645449988544, "train-acc": 0.9999999999999984}