{"test-loss": 130.0483856201172, "_step": 599, "_runtime": 43, "_timestamp": 1613683768, "test-acc": 0.4915, "graph_0": {"_type": "graph-file", "path": "media/graph/graph_0_summary_441ed967.graph.json", "sha256": "441ed967efab39ecf5d536b2fc8d9c954d48c4f4af48930dde52e8f029df5279", "size": 1411}, "train-loss": 0.032467963465023786, "train-acc": 0.999999999999994}