{"test-loss": 6.395169496536255, "_step": 599, "_runtime": 31, "_timestamp": 1614194301, "test-acc": 0.513, "graph_0": {"_type": "graph-file", "path": "media/graph/graph_0_summary_1fe75322.graph.json", "sha256": "1fe7532255548b3a051908784ecead004632815df2c4f1fb768513d338b9c90e", "size": 1411}, "train-loss": 0.0012615162413567305, "train-acc": 0.9999999999999756}