{"test-loss": 1.3862944841384888, "_step": 599, "_runtime": 426, "_timestamp": 1613945140, "test-acc": 0.505, "graph_0": {"_type": "graph-file", "path": "media/graph/graph_0_summary_ab1d0c5e.graph.json", "sha256": "ab1d0c5ee5b4fd402c735b08995289531c6faf70fbfa0f619b5bf1a056090f83", "size": 1411}, "train-loss": 0.6931470632553101, "train-acc": 0.4995880126953117}