{"test-loss": 1.3862944841384888, "_step": 599, "_runtime": 25, "_timestamp": 1614116849, "test-acc": 0.4945, "graph_0": {"_type": "graph-file", "path": "media/graph/graph_0_summary_f93683c4.graph.json", "sha256": "f93683c4cd87dc6cade116bd1833c19027fb2b60dd9f153a18947365aa9348a4", "size": 1411}, "train-loss": 0.6931471824645996, "train-acc": 0.491210937499988}