{"test-loss": 0.010936572216451168, "_step": 599, "_runtime": 148, "_timestamp": 1614083794, "test-acc": 1.0, "graph_0": {"_type": "graph-file", "path": "media/graph/graph_0_summary_6f6446e6.graph.json", "sha256": "6f6446e6e08f8590edf82692a148788d20fd83aba9ed475d0a16cf0e50d56e66", "size": 1411}, "train-loss": 0.00532735837623477, "train-acc": 0.9999999999999984}