{"test-loss": 4.485367298126221, "_step": 599, "_runtime": 38, "_timestamp": 1614180392, "test-acc": 0.4925, "graph_0": {"_type": "graph-file", "path": "media/graph/graph_0_summary_3e1f59fb.graph.json", "sha256": "3e1f59fb4b35487e8bff614d95d01d9aef0d8f792cfa484a4ef10dcabef6edc0", "size": 1411}, "train-loss": 0.002980126824695617, "train-acc": 0.9999999999999756}