{"test-loss": 1.3862944841384888, "_step": 599, "_runtime": 426, "_timestamp": 1613961427, "test-acc": 0.505, "graph_0": {"_type": "graph-file", "path": "media/graph/graph_0_summary_2ec3701e.graph.json", "sha256": "2ec3701e89f0a1eccc743988203b2a14f7669a5ac3b09f37d2a3f66538876d54", "size": 1411}, "train-loss": 0.6931470632553101, "train-acc": 0.5011596679687492}