{"test-loss": 1.3862944841384888, "_step": 599, "_runtime": 24, "_timestamp": 1614115971, "test-acc": 0.4945, "graph_0": {"_type": "graph-file", "path": "media/graph/graph_0_summary_bea88961.graph.json", "sha256": "bea889615b16a3aa275312227604c8bea1951fb62955e4aa59c09f2731b41d08", "size": 1411}, "train-loss": 0.6931471824645996, "train-acc": 0.48168945312498823}