{"test-loss": 9.813552379608154, "_step": 599, "_runtime": 45, "_timestamp": 1613666299, "test-acc": 0.5055, "graph_0": {"_type": "graph-file", "path": "media/graph/graph_0_summary_059c2c31.graph.json", "sha256": "059c2c316e44decf996740cc33423e2be893d8bf3bcddc02f6813eae14dabf18", "size": 1411}, "train-loss": 0.0003417779021219758, "train-acc": 0.999999999999994}