{"test-loss": 24.251760482788086, "_step": 599, "_runtime": 37, "_timestamp": 1613644142, "test-acc": 0.618, "graph_0": {"_type": "graph-file", "path": "media/graph/graph_0_summary_2f5ef83c.graph.json", "sha256": "2f5ef83c3be0c24aa34d0b63ed26f3d524cd4d5d54eb3b3a68b0513d3b9974b9", "size": 1411}, "train-loss": 1.5592365860939026, "train-acc": 0.8586425781249949}