{"test-loss": 5.790568113327026, "_step": 599, "_runtime": 37, "_timestamp": 1613642678, "test-acc": 0.751, "graph_0": {"_type": "graph-file", "path": "media/graph/graph_0_summary_760ae2d3.graph.json", "sha256": "760ae2d349c870b35ee1ca9b069e9ac0a846c28c8c4cefa02cce72f19d4b99d0", "size": 1411}, "train-loss": 0.1260047797113657, "train-acc": 0.9561767578124942}