{"test-loss": 5.821385383605957, "_step": 599, "_runtime": 23, "_timestamp": 1614115076, "test-acc": 0.5095, "graph_0": {"_type": "graph-file", "path": "media/graph/graph_0_summary_c3476861.graph.json", "sha256": "c34768612d997844362eafa861f1b0d1b94665b86c17f2efdc3abb65c6a193fb", "size": 1411}, "train-loss": 0.00032571910560363904, "train-acc": 0.9999999999999756}