{"test-loss": 1.3862944841384888, "_step": 599, "_runtime": 426, "_timestamp": 1613963195, "test-acc": 0.505, "graph_0": {"_type": "graph-file", "path": "media/graph/graph_0_summary_6b74b367.graph.json", "sha256": "6b74b367724c8e26059f58fffb7ff83793a862e328d8f13fc44cc622aa40404b", "size": 1411}, "train-loss": 0.6931470632553101, "train-acc": 0.4996948242187492}