{"test-loss": 1.3862944841384888, "_step": 599, "_runtime": 151, "_timestamp": 1614065750, "test-acc": 0.505, "graph_0": {"_type": "graph-file", "path": "media/graph/graph_0_summary_e4070d8c.graph.json", "sha256": "e4070d8c6deeb47d4f81adbe40ea05c02416df47a336e88fb7c4cee12f28fd47", "size": 1411}, "train-loss": 0.6931470632553101, "train-acc": 0.5004272460937492}