{"test-loss": 6.065325021743774, "_step": 599, "_runtime": 32, "_timestamp": 1614184519, "test-acc": 0.521, "graph_0": {"_type": "graph-file", "path": "media/graph/graph_0_summary_3af2bd2b.graph.json", "sha256": "3af2bd2b441a328422e16380533d560ae2e3070cd7ff2ca8d9a6f7dabbb867d9", "size": 1411}, "train-loss": 0.0007745103066554293, "train-acc": 0.9999999999999756}