{"test-loss": 1.3862944841384888, "_step": 599, "_runtime": 149, "_timestamp": 1614068735, "test-acc": 0.505, "graph_0": {"_type": "graph-file", "path": "media/graph/graph_0_summary_b4f6e8c1.graph.json", "sha256": "b4f6e8c1d0971ede70f3204078c308a37ee04018221ebb2519c80068bfd53ce2", "size": 1411}, "train-loss": 0.6931470632553101, "train-acc": 0.4998168945312492}