{"test-loss": 1.3862944841384888, "_step": 599, "_runtime": 122, "_timestamp": 1613783728, "test-acc": 0.505, "graph_0": {"_type": "graph-file", "path": "media/graph/graph_0_summary_f2aa4459.graph.json", "sha256": "f2aa44595571fd15ca3f84124bcc660eca48e9ddbafa73f2059600fe0c3169ce", "size": 1411}, "train-loss": 0.6931470632553101, "train-acc": 0.5027160644531242}