{"test-loss": 7.819701910018921, "_step": 599, "_runtime": 25, "_timestamp": 1614118700, "test-acc": 0.494, "graph_0": {"_type": "graph-file", "path": "media/graph/graph_0_summary_fe2ec64c.graph.json", "sha256": "fe2ec64c5bc7c5154157df0bb08624cb401296b935065a4f2c01fbe3db9c3bdb", "size": 1411}, "train-loss": 0.00035631050559459254, "train-acc": 0.9999999999999756}