{"test-loss": 3.2862679958343506, "_step": 599, "_runtime": 37, "_timestamp": 1613643805, "test-acc": 0.6785, "graph_0": {"_type": "graph-file", "path": "media/graph/graph_0_summary_3d1d14ce.graph.json", "sha256": "3d1d14ce995385a9aad3f927e0711e4870f9fe1c8bb7a73c1ef9eee71317342e", "size": 1411}, "train-loss": 0.30505768954753876, "train-acc": 0.8822631835937447}