{"test-loss": 4.442316293716431, "_step": 599, "_runtime": 32, "_timestamp": 1614202132, "test-acc": 0.5195, "graph_0": {"_type": "graph-file", "path": "media/graph/graph_0_summary_5c0e3899.graph.json", "sha256": "5c0e389922385d82af0793e7664a992aca0bbe617ba8975b97d8a2879146e5e5", "size": 1411}, "train-loss": 0.0012441632570698857, "train-acc": 0.9999999999999756}