{"test-loss": 10.576164245605469, "_step": 599, "_runtime": 46, "_timestamp": 1613666027, "test-acc": 0.5145, "graph_0": {"_type": "graph-file", "path": "media/graph/graph_0_summary_fd95f8f6.graph.json", "sha256": "fd95f8f6ffc87a4fe61cd068ecfc9e345641f5f080e93d90b9d088ed8eab0182", "size": 1411}, "train-loss": 0.0002564460903613508, "train-acc": 0.999999999999994}