{"test-loss": 1.3862944841384888, "_step": 599, "_runtime": 123, "_timestamp": 1613790445, "test-acc": 0.505, "graph_0": {"_type": "graph-file", "path": "media/graph/graph_0_summary_35da2d9a.graph.json", "sha256": "35da2d9a386fcfea6040c978a4c87ea8c1cf4cbec7ad3d989e507fd5fac1c8d3", "size": 1411}, "train-loss": 0.6931470632553101, "train-acc": 0.5027160644531242}