{"test-loss": 1.3862944841384888, "_step": 599, "_runtime": 125, "_timestamp": 1613751402, "test-acc": 0.505, "graph_0": {"_type": "graph-file", "path": "media/graph/graph_0_summary_f9c69cc8.graph.json", "sha256": "f9c69cc8c47068c669232467e200fba382da9e45088fb6c7448a8acc77cc3ac6", "size": 1411}, "train-loss": 0.6931470632553101, "train-acc": 0.5008392333984367}