{"test-loss": 7.5979321002960205, "_step": 599, "_runtime": 37, "_timestamp": 1613651007, "test-acc": 0.5225, "graph_0": {"_type": "graph-file", "path": "media/graph/graph_0_summary_b8d8a68f.graph.json", "sha256": "b8d8a68f588792c7db24eeedc50522f100b982e75b67bb858085820e6e9d9b52", "size": 1411}, "train-loss": 0.2741353213787079, "train-acc": 0.9022216796874946}