{"test-loss": 7.530629873275757, "_step": 599, "_runtime": 31, "_timestamp": 1614197218, "test-acc": 0.498, "graph_0": {"_type": "graph-file", "path": "media/graph/graph_0_summary_bf086f04.graph.json", "sha256": "bf086f045ae2b72103f91144578230628abacdd415057b4b276e5c71f5547559", "size": 1411}, "train-loss": 0.00043402591109042987, "train-acc": 0.9999999999999756}