{"test-loss": 1.3862944841384888, "_step": 599, "_runtime": 426, "_timestamp": 1613956137, "test-acc": 0.505, "graph_0": {"_type": "graph-file", "path": "media/graph/graph_0_summary_4dda2af1.graph.json", "sha256": "4dda2af1a9a8f3a0d2e3465e40aac047a581b714167f6d4b2f8ea00ebd96e2e4", "size": 1411}, "train-loss": 0.6931470632553101, "train-acc": 0.5008392333984367}