{"test-loss": 1.3862944841384888, "_step": 599, "_runtime": 123, "_timestamp": 1613759114, "test-acc": 0.505, "graph_0": {"_type": "graph-file", "path": "media/graph/graph_0_summary_f8443208.graph.json", "sha256": "f844320860a2c6d56e4353f75854e34476309dd039aead5592d7a4cfd6990695", "size": 1411}, "train-loss": 0.6931470632553101, "train-acc": 0.5014190673828117}