{"test-loss": 1.3862944841384888, "_step": 599, "_runtime": 122, "_timestamp": 1613784916, "test-acc": 0.505, "graph_0": {"_type": "graph-file", "path": "media/graph/graph_0_summary_3293f4d3.graph.json", "sha256": "3293f4d3e11cbf57cd2c85ec7255630cee2d940f0b3c4eea6197d4c0ceb01a30", "size": 1411}, "train-loss": 0.6931470632553101, "train-acc": 0.5025787353515617}