{"test-loss": 1.3862944841384888, "_step": 599, "_runtime": 45, "_timestamp": 1613662160, "test-acc": 0.4975, "graph_0": {"_type": "graph-file", "path": "media/graph/graph_0_summary_af778a57.graph.json", "sha256": "af778a57e18f4fdb19449f4c3c37c8e4808372024ebb98e0f25be21f23e519f8", "size": 1411}, "train-loss": 0.6931471824645996, "train-acc": 0.496520996093747}