{"test-loss": 7.651952028274536, "_step": 599, "_runtime": 25, "_timestamp": 1614121224, "test-acc": 0.478, "graph_0": {"_type": "graph-file", "path": "media/graph/graph_0_summary_354d7d1f.graph.json", "sha256": "354d7d1f7eb2e92841a8eeb835880c469a88109d4cfdf18cc04879516b27d0fc", "size": 1411}, "train-loss": 0.0003719462256412953, "train-acc": 0.9999999999999756}