{"test-loss": 41.400794982910156, "_step": 599, "_runtime": 37, "_timestamp": 1613640380, "test-acc": 0.499, "graph_0": {"_type": "graph-file", "path": "media/graph/graph_0_summary_b0d41836.graph.json", "sha256": "b0d418368a7f1dc6029e085c17b17b7f445aa9b00766a2d2c1332acbc923b142", "size": 1411}, "train-loss": 0.017031660536304116, "train-acc": 0.994140624999994}