{"test-loss": 13.30560827255249, "_step": 599, "_runtime": 38, "_timestamp": 1613638920, "test-acc": 0.618, "graph_0": {"_type": "graph-file", "path": "media/graph/graph_0_summary_c9983d63.graph.json", "sha256": "c9983d63bd70a2f06a8567211c6b350397e959db9e81cc5359cd11c76230e348", "size": 1411}, "train-loss": 1.201894372701645, "train-acc": 0.8111572265624951}