{"test-loss": 3.6473923921585083, "_step": 599, "_runtime": 33, "_timestamp": 1614185378, "test-acc": 0.5145, "graph_0": {"_type": "graph-file", "path": "media/graph/graph_0_summary_94034d8a.graph.json", "sha256": "94034d8afb9c7690ae62788553d39ed19297525aca865855a12d06fd8a401602", "size": 1411}, "train-loss": 0.002758512331638485, "train-acc": 0.9999999999999756}