{"test-loss": 5.941424131393433, "_step": 599, "_runtime": 23, "_timestamp": 1614114555, "test-acc": 0.501, "graph_0": {"_type": "graph-file", "path": "media/graph/graph_0_summary_1f3ad046.graph.json", "sha256": "1f3ad046121d5489b559f8e681a13ff6d65d90aa2ae5a26d7205c10e36638402", "size": 1411}, "train-loss": 0.0003488914735498838, "train-acc": 0.9999999999999756}