{"test-loss": 6.851745367050171, "_step": 599, "_runtime": 25, "_timestamp": 1614124116, "test-acc": 0.49, "graph_0": {"_type": "graph-file", "path": "media/graph/graph_0_summary_07713ec9.graph.json", "sha256": "07713ec9adb5a76793a578f724fb6c052e6d570f826f8522ac1777d5a43babe2", "size": 1411}, "train-loss": 0.000333294527081307, "train-acc": 0.9999999999999756}