{"test-loss": 217.51042938232422, "_step": 599, "_runtime": 46, "_timestamp": 1613667397, "test-acc": 0.51, "graph_0": {"_type": "graph-file", "path": "media/graph/graph_0_summary_f88b714e.graph.json", "sha256": "f88b714e5223b3b1de297e0010cbff3b34f02f9712a693ed45e176122a4dfc02", "size": 1411}, "train-loss": 3.307209957981172e-05, "train-acc": 0.999999999999994}