{"test-loss": 0.011367940809577703, "_step": 599, "_runtime": 149, "_timestamp": 1614084627, "test-acc": 1.0, "graph_0": {"_type": "graph-file", "path": "media/graph/graph_0_summary_171973f9.graph.json", "sha256": "171973f93fbee4d9ed88c92a203df160b64fe0b4b5f3dc362d4dc45a93c33188", "size": 1411}, "train-loss": 0.0061268561985343695, "train-acc": 0.999984741210936}