{"test-loss": 5.607872247695923, "_step": 599, "_runtime": 31, "_timestamp": 1614197444, "test-acc": 0.5, "graph_0": {"_type": "graph-file", "path": "media/graph/graph_0_summary_b413d7a9.graph.json", "sha256": "b413d7a9540b692de848e34adf92c55f955c7b574134edf60c7966872885827f", "size": 1411}, "train-loss": 0.0043037994764745235, "train-acc": 0.9999999999999756}