{"test-loss": 0.011930914595723152, "_step": 599, "_runtime": 125, "_timestamp": 1613762440, "test-acc": 1.0, "graph_0": {"_type": "graph-file", "path": "media/graph/graph_0_summary_8af729da.graph.json", "sha256": "8af729da12425af0696b045ada1e6d93d0c29c5dd1e760265299c7dc2b0bdc80", "size": 1411}, "train-loss": 0.005548293702304363, "train-acc": 0.999984741210936}