{"test-loss": 1.3862944841384888, "_step": 599, "_runtime": 124, "_timestamp": 1613760443, "test-acc": 0.505, "graph_0": {"_type": "graph-file", "path": "media/graph/graph_0_summary_c7b87aca.graph.json", "sha256": "c7b87aca875f814d7a85da5ae2d74e065ca1bdb4d7bca462a63b71a5ba9d3644", "size": 1411}, "train-loss": 0.6931470632553101, "train-acc": 0.5007629394531242}