{"test-loss": 7.102644443511963, "_step": 599, "_runtime": 36, "_timestamp": 1614182091, "test-acc": 0.508, "graph_0": {"_type": "graph-file", "path": "media/graph/graph_0_summary_9c52ef25.graph.json", "sha256": "9c52ef25c6a40a7256acdb624a180dc47eba3293973c12804920049cd413b7aa", "size": 1411}, "train-loss": 0.009845180669799447, "train-acc": 0.9999999999999756}