{"test-loss": 1.3862944841384888, "_step": 599, "_runtime": 125, "_timestamp": 1613752736, "test-acc": 0.505, "graph_0": {"_type": "graph-file", "path": "media/graph/graph_0_summary_1d178540.graph.json", "sha256": "1d17854098d9c3202f89bfe731dffb77fc772339f0f5b06b79403ba8d0e54dc9", "size": 1411}, "train-loss": 0.6931470632553101, "train-acc": 0.5014038085937492}