{"test-loss": 0.012542425189167261, "_step": 599, "_runtime": 125, "_timestamp": 1613772697, "test-acc": 1.0, "graph_0": {"_type": "graph-file", "path": "media/graph/graph_0_summary_408d9898.graph.json", "sha256": "408d9898240c19405fed05545a62bb4302fb16e3fd725ed2012fd0689b5a7620", "size": 1411}, "train-loss": 0.00617749139200896, "train-acc": 0.9999999999999984}