{"test-loss": 1.3862944841384888, "_step": 599, "_runtime": 122, "_timestamp": 1613787680, "test-acc": 0.505, "graph_0": {"_type": "graph-file", "path": "media/graph/graph_0_summary_1b3e56c5.graph.json", "sha256": "1b3e56c566b5d4c875ab2a9788053760efa6501f58d209d40dced9a28bed4483", "size": 1411}, "train-loss": 0.6931470632553101, "train-acc": 0.5001983642578117}