{"test-loss": 160.07868194580078, "_step": 599, "_runtime": 43, "_timestamp": 1613684083, "test-acc": 0.5005, "graph_0": {"_type": "graph-file", "path": "media/graph/graph_0_summary_2a017c95.graph.json", "sha256": "2a017c959d01fccdcc1b5a179061be7b1b94109afa177c2b69b82e6b13f5cd71", "size": 1411}, "train-loss": 1.496496998765022e-05, "train-acc": 0.999999999999994}