{"test-loss": 1.3862944841384888, "_step": 599, "_runtime": 429, "_timestamp": 1613951741, "test-acc": 0.505, "graph_0": {"_type": "graph-file", "path": "media/graph/graph_0_summary_402012f9.graph.json", "sha256": "402012f997fb058a4271994ec75a32c684dd10fbb59156871ed17bdffd2addde", "size": 1411}, "train-loss": 0.6931470632553101, "train-acc": 0.4999084472656242}