{"test-loss": 4.713451385498047, "_step": 599, "_runtime": 32, "_timestamp": 1614187651, "test-acc": 0.4945, "graph_0": {"_type": "graph-file", "path": "media/graph/graph_0_summary_33deb940.graph.json", "sha256": "33deb9401a438645574d00722a0e65b8031ef4124cd093680636dc4f479ce131", "size": 1411}, "train-loss": 0.0016056346939876676, "train-acc": 0.9999999999999756}