{"test-loss": 1.3862944841384888, "_step": 599, "_runtime": 33, "_timestamp": 1614188936, "test-acc": 0.4945, "graph_0": {"_type": "graph-file", "path": "media/graph/graph_0_summary_1aa7447c.graph.json", "sha256": "1aa7447c505486d5f58d1f34602682c5fe629d749703fd0d8fa35e98668f75c3", "size": 1411}, "train-loss": 0.6931471824645996, "train-acc": 0.5083007812499876}