{"test-loss": 0.011199554428458214, "_step": 599, "_runtime": 148, "_timestamp": 1614057643, "test-acc": 1.0, "graph_0": {"_type": "graph-file", "path": "media/graph/graph_0_summary_4dca58c4.graph.json", "sha256": "4dca58c4af994174d38d402db9c4dff46b60963c693517817434285aaabd02b8", "size": 1411}, "train-loss": 0.005503863329067826, "train-acc": 0.9999694824218734}