{"test-loss": 1.3377222418785095, "_step": 599, "_runtime": 37, "_timestamp": 1613645853, "test-acc": 0.648, "graph_0": {"_type": "graph-file", "path": "media/graph/graph_0_summary_ce9ea774.graph.json", "sha256": "ce9ea774e8fd34566bd366a874cd70cdb6ec58eb0c49b74edd79d9e32fabd0cc", "size": 1411}, "train-loss": 0.3707815334200859, "train-acc": 0.824951171874995}