{"test-loss": 31.39566993713379, "_step": 599, "_runtime": 37, "_timestamp": 1613633043, "test-acc": 0.4985, "graph_0": {"_type": "graph-file", "path": "media/graph/graph_0_summary_599f4f1e.graph.json", "sha256": "599f4f1e4a556608908e86336771a572ddb1a32abec160563650fd6014ba278b", "size": 1411}, "train-loss": 6.218221306800842, "train-acc": 0.6786499023437459}