{"test-loss": 0.016296525485813618, "_step": 599, "_runtime": 147, "_timestamp": 1614053472, "test-acc": 1.0, "graph_0": {"_type": "graph-file", "path": "media/graph/graph_0_summary_61e85357.graph.json", "sha256": "61e85357d4b8f3ddeaa8b8c8d175c0226a0ac9a99ed7efef4d60c2c406cf9355", "size": 1411}, "train-loss": 0.007981123635545373, "train-acc": 0.9999999999999984}