{"test-loss": 0.011872104834765196, "_step": 599, "_runtime": 422, "_timestamp": 1614021400, "test-acc": 1.0, "graph_0": {"_type": "graph-file", "path": "media/graph/graph_0_summary_cb5ea8b3.graph.json", "sha256": "cb5ea8b3f00afd89d0f904456d3fd96a461d94d7b677e2273df4bcbd6245214b", "size": 1411}, "train-loss": 0.006312645273283124, "train-acc": 0.9999694824218734}