{"test-loss": 1.3862944841384888, "_step": 599, "_runtime": 147, "_timestamp": 1614076008, "test-acc": 0.505, "graph_0": {"_type": "graph-file", "path": "media/graph/graph_0_summary_4980de08.graph.json", "sha256": "4980de0852eb73d8fae5384092c7d5cb3f45eeb8b1ff6a779a6183a7e0e0d688", "size": 1411}, "train-loss": 0.6931470632553101, "train-acc": 0.5006866455078117}