{"test-loss": 0.011971644125878811, "_step": 599, "_runtime": 143, "_timestamp": 1614097824, "test-acc": 1.0, "graph_0": {"_type": "graph-file", "path": "media/graph/graph_0_summary_80a08d1c.graph.json", "sha256": "80a08d1cb276c6656e1a914a795662785dad7929a3e1d826b85baaa0031f0f13", "size": 1411}, "train-loss": 0.006890094373375177, "train-acc": 0.9999999999999984}