{"test-loss": 0.009469433221966028, "_step": 599, "_runtime": 123, "_timestamp": 1613764834, "test-acc": 1.0, "graph_0": {"_type": "graph-file", "path": "media/graph/graph_0_summary_55f54095.graph.json", "sha256": "55f54095406d470b908e65b5c351fc36ec7228f85924eadf9913773ae86a6d02", "size": 1411}, "train-loss": 0.004901852924376726, "train-acc": 0.9999694824218734}