{"test-loss": 1.3862944841384888, "_step": 599, "_runtime": 123, "_timestamp": 1613782540, "test-acc": 0.505, "graph_0": {"_type": "graph-file", "path": "media/graph/graph_0_summary_996c5cd5.graph.json", "sha256": "996c5cd54fd84ef2ca94e4fc8d312ca383b851a473f9dd190f232028a8cf91c2", "size": 1411}, "train-loss": 0.6931470632553101, "train-acc": 0.5025634765624992}