{"test-loss": 61.884857177734375, "_step": 599, "_runtime": 43, "_timestamp": 1613684765, "test-acc": 0.495, "graph_0": {"_type": "graph-file", "path": "media/graph/graph_0_summary_adf8a9dd.graph.json", "sha256": "adf8a9ddd653342dc401be096b36662f4be981cc733f6659939eb59b4bbc8427", "size": 1411}, "train-loss": 0.0006042822431311379, "train-acc": 0.999999999999994}