{"test-loss": 0.015002901665866375, "_step": 599, "_runtime": 149, "_timestamp": 1614088434, "test-acc": 1.0, "graph_0": {"_type": "graph-file", "path": "media/graph/graph_0_summary_1770218c.graph.json", "sha256": "1770218c229c2aac94ea94c49f2bf47184c4aa7c711ff118516c5ba7572ee0d4", "size": 1411}, "train-loss": 0.007457665749825537, "train-acc": 0.9999694824218734}