{"test-loss": 1.3862944841384888, "_step": 599, "_runtime": 45, "_timestamp": 1613663898, "test-acc": 0.4975, "graph_0": {"_type": "graph-file", "path": "media/graph/graph_0_summary_2c547b4b.graph.json", "sha256": "2c547b4bb6ab656f23a4bf314df752035bc461533df3a3275eca6eb403e51157", "size": 1411}, "train-loss": 0.6931471824645996, "train-acc": 0.501220703124997}