{"test-loss": 1.3862944841384888, "_step": 599, "_runtime": 37, "_timestamp": 1613628392, "test-acc": 0.5025, "graph_0": {"_type": "graph-file", "path": "media/graph/graph_0_summary_31bbacba.graph.json", "sha256": "31bbacbaee8a310684277f719a187f911f5c71bdea3f8fd5e8e1f1bdec299993", "size": 1411}, "train-loss": 0.6931473016738892, "train-acc": 0.502685546874997}