{"test-loss": 1.3862944841384888, "_step": 599, "_runtime": 121, "_timestamp": 1613753670, "test-acc": 0.505, "graph_0": {"_type": "graph-file", "path": "media/graph/graph_0_summary_ba3b9f4d.graph.json", "sha256": "ba3b9f4d68a3b6967b874fc6d79b005401ba1a24ed5b34a692b10799cba93dd5", "size": 1411}, "train-loss": 0.6931470632553101, "train-acc": 0.5007629394531242}