{"test-loss": 1.3862944841384888, "_step": 599, "_runtime": 425, "_timestamp": 1613950413, "test-acc": 0.505, "graph_0": {"_type": "graph-file", "path": "media/graph/graph_0_summary_0c8cbd20.graph.json", "sha256": "0c8cbd209c3d3a4c27999d555cd007ed5b90675c49eb5a5232a05f4d3dae5c88", "size": 1411}, "train-loss": 0.6931470632553101, "train-acc": 0.4998931884765617}