{"test-loss": 0.016835167072713375, "_step": 599, "_runtime": 422, "_timestamp": 1614019652, "test-acc": 1.0, "graph_0": {"_type": "graph-file", "path": "media/graph/graph_0_summary_fe5d55cd.graph.json", "sha256": "fe5d55cd7b2533555abe74e1b921d15d699aeef14c4819dcdb64ed702ec828d5", "size": 1411}, "train-loss": 0.008900022367015481, "train-acc": 0.9999999999999984}