{"test-loss": 6.434729337692261, "_step": 599, "_runtime": 29, "_timestamp": 1614123859, "test-acc": 0.4915, "graph_0": {"_type": "graph-file", "path": "media/graph/graph_0_summary_770b055f.graph.json", "sha256": "770b055fda3552f0308d95fb2bd9b601c14d9febfdf69f26dc3cd53fb7621245", "size": 1411}, "train-loss": 0.00038365703949239105, "train-acc": 0.9999999999999756}