{"test-loss": 15.86201286315918, "_step": 599, "_runtime": 38, "_timestamp": 1613640474, "test-acc": 0.528, "graph_0": {"_type": "graph-file", "path": "media/graph/graph_0_summary_77e7321c.graph.json", "sha256": "77e7321c3cf93285d11c6f668b5c9671bb89a722b61377ea2eb8be99acf4a003", "size": 1411}, "train-loss": 0.5020381584763527, "train-acc": 0.8559570312499949}