{"test-loss": 6.433605194091797, "_step": 599, "_runtime": 23, "_timestamp": 1614114753, "test-acc": 0.4915, "graph_0": {"_type": "graph-file", "path": "media/graph/graph_0_summary_776d2277.graph.json", "sha256": "776d22774907ff14994d380338c1842460fd5f3809e6c3c7161a9d07be5e2717", "size": 1411}, "train-loss": 0.0003841063517029397, "train-acc": 0.9999999999999756}