{"test-loss": 1.3160335421562195, "_step": 599, "_runtime": 122, "_timestamp": 1613759246, "test-acc": 0.5615, "graph_0": {"_type": "graph-file", "path": "media/graph/graph_0_summary_1d16d4aa.graph.json", "sha256": "1d16d4aa9b2a5cbd51d8c807187a5e6547831b0f327ed963da42a769c17c5857", "size": 1411}, "train-loss": 0.6622115969657898, "train-acc": 0.5458374023437491}