{"test-loss": 3.647465229034424, "_step": 599, "_runtime": 36, "_timestamp": 1614180499, "test-acc": 0.514, "graph_0": {"_type": "graph-file", "path": "media/graph/graph_0_summary_b36704c4.graph.json", "sha256": "b36704c4a5e9dd7e3333ce3586c5624e954f9590f5dd26af839185b51c5ca294", "size": 1411}, "train-loss": 0.0027585920761339366, "train-acc": 0.9999999999999756}