{"test-loss": 1.3862944841384888, "_step": 599, "_runtime": 148, "_timestamp": 1614078645, "test-acc": 0.505, "graph_0": {"_type": "graph-file", "path": "media/graph/graph_0_summary_4314b400.graph.json", "sha256": "4314b40068838462c0e21f1741846a6e0aac86b39460725e8b23d12be156bf34", "size": 1411}, "train-loss": 0.6931470632553101, "train-acc": 0.5001983642578117}