{"test-loss": 15.347080707550049, "_step": 599, "_runtime": 46, "_timestamp": 1613670958, "test-acc": 0.5075, "graph_0": {"_type": "graph-file", "path": "media/graph/graph_0_summary_96ccb999.graph.json", "sha256": "96ccb999c983d920e41fc4d96d9eda78eefa5b7b30804c3becdf60b014ce5518", "size": 1411}, "train-loss": 0.00027784368727168385, "train-acc": 0.999999999999994}