{"test-loss": 14.418579578399658, "_step": 599, "_runtime": 43, "_timestamp": 1613676701, "test-acc": 0.515, "graph_0": {"_type": "graph-file", "path": "media/graph/graph_0_summary_a572ce39.graph.json", "sha256": "a572ce395ae1ff8bb91b00d4ec3aeb9cb26cbf2ac457ff56a98968d28bb2bad8", "size": 1411}, "train-loss": 0.00025125479169219034, "train-acc": 0.999999999999994}