{"test-loss": 1.3862944841384888, "_step": 599, "_runtime": 123, "_timestamp": 1613794673, "test-acc": 0.505, "graph_0": {"_type": "graph-file", "path": "media/graph/graph_0_summary_8ed0c29a.graph.json", "sha256": "8ed0c29ad112d87d2cbde0c97e7164048988824ed5084818bff924d25f6ebf2a", "size": 1411}, "train-loss": 0.6931470632553101, "train-acc": 0.5022888183593742}