{"test-loss": 1.3862944841384888, "_step": 599, "_runtime": 430, "_timestamp": 1613973360, "test-acc": 0.505, "graph_0": {"_type": "graph-file", "path": "media/graph/graph_0_summary_a86ea41e.graph.json", "sha256": "a86ea41efc21744a6e3f1e53263e6eccf5a102c9c1ba20129bce4343842e20e3", "size": 1411}, "train-loss": 0.6931470632553101, "train-acc": 0.5027160644531242}