{"test-loss": 3.835362672805786, "_step": 599, "_runtime": 32, "_timestamp": 1614201911, "test-acc": 0.5005, "graph_0": {"_type": "graph-file", "path": "media/graph/graph_0_summary_06348712.graph.json", "sha256": "06348712e0246d83fa8e08a5f2b52d76edd04505d3fbbc1b6dc84ccf7fe4d409", "size": 1411}, "train-loss": 0.0025853277184069157, "train-acc": 0.9999999999999756}