{"test-loss": 264.57347106933594, "_step": 599, "_runtime": 43, "_timestamp": 1613681723, "test-acc": 0.4805, "graph_0": {"_type": "graph-file", "path": "media/graph/graph_0_summary_ab6181b0.graph.json", "sha256": "ab6181b0f625b7cea4a1bfd23480927532b5c7b0ca733e07c1046f86a3a9e004", "size": 1411}, "train-loss": 0.39827672756655186, "train-acc": 0.9385986328124943}