{"test-loss": 4.536182641983032, "_step": 599, "_runtime": 32, "_timestamp": 1614195028, "test-acc": 0.493, "graph_0": {"_type": "graph-file", "path": "media/graph/graph_0_summary_664e7005.graph.json", "sha256": "664e70051521650ed39221c7f79f4c8a425d69d731b67eccd07b9374135bdc29", "size": 1411}, "train-loss": 0.005064277211204171, "train-acc": 0.9999999999999756}