{"test-loss": 0.3259182423353195, "_step": 599, "_runtime": 37, "_timestamp": 1613643439, "test-acc": 0.957, "graph_0": {"_type": "graph-file", "path": "media/graph/graph_0_summary_6d0123f9.graph.json", "sha256": "6d0123f9b19590b5f18d3b431b500bdf814de7f3293409356e0bfaa2c8f38684", "size": 1411}, "train-loss": 0.052317097783088684, "train-acc": 0.9871215820312441}