{"test-loss": 0.0165261747315526, "_step": 599, "_runtime": 426, "_timestamp": 1613997199, "test-acc": 1.0, "graph_0": {"_type": "graph-file", "path": "media/graph/graph_0_summary_afe35833.graph.json", "sha256": "afe35833388c864fc307f439ab02575e79e0ff903a1c2a13200d246a474eb59a", "size": 1411}, "train-loss": 0.008339169668033719, "train-acc": 0.9999694824218734}