{"test-loss": 6.399971961975098, "_step": 599, "_runtime": 25, "_timestamp": 1614121826, "test-acc": 0.5075, "graph_0": {"_type": "graph-file", "path": "media/graph/graph_0_summary_4cdecb68.graph.json", "sha256": "4cdecb6848f16c3162171f20be819bb08e356fd7928f309552aa2b0cad1614f4", "size": 1411}, "train-loss": 0.00032768931123428047, "train-acc": 0.9999999999999756}