{"test-loss": 8.646235942840576, "_step": 599, "_runtime": 43, "_timestamp": 1613685447, "test-acc": 0.4995, "graph_0": {"_type": "graph-file", "path": "media/graph/graph_0_summary_e0340250.graph.json", "sha256": "e0340250826dfadc789742c8dcbd246beb6358e50ea06e6434839e1250eea4d8", "size": 1411}, "train-loss": 0.0002856648040960863, "train-acc": 0.999999999999994}