{"test-loss": 16.508071899414062, "_step": 599, "_runtime": 45, "_timestamp": 1613675192, "test-acc": 0.4955, "graph_0": {"_type": "graph-file", "path": "media/graph/graph_0_summary_40a887d7.graph.json", "sha256": "40a887d7409256f38a0f116958a14afa18fe13f36ae802acbfdb200417088740", "size": 1411}, "train-loss": 0.00025867785511479724, "train-acc": 0.999999999999994}