{"test-loss": 0.6383457183837891, "_step": 599, "_runtime": 37, "_timestamp": 1613645120, "test-acc": 0.9375, "graph_0": {"_type": "graph-file", "path": "media/graph/graph_0_summary_81b42a63.graph.json", "sha256": "81b42a635deefe594b4128841cd0cca1a3fd9116901f18c4213f3fed9e166add", "size": 1411}, "train-loss": 0.11956500075757504, "train-acc": 0.9561157226562442}