{"test-loss": 0.007167943520471454, "_step": 599, "_runtime": 37, "_timestamp": 1613642265, "test-acc": 0.9995, "graph_0": {"_type": "graph-file", "path": "media/graph/graph_0_summary_968ae147.graph.json", "sha256": "968ae147bb63ba42aa8cdd999867e18d5e222844021c0b13f110b1c9a5e0c0cb", "size": 1411}, "train-loss": 0.0020300077740103006, "train-acc": 0.999999999999994}