{"test-loss": 10.163200855255127, "_step": 599, "_runtime": 38, "_timestamp": 1613637055, "test-acc": 0.5015, "graph_0": {"_type": "graph-file", "path": "media/graph/graph_0_summary_666fe410.graph.json", "sha256": "666fe410e7fe154b4c630c5035b7dfd7ddc91123178c6fd36cdbfc81b7ee5cbb", "size": 1411}, "train-loss": 0.19841520488262177, "train-acc": 0.9149780273437446}