{"test-loss": 4.830187797546387, "_step": 599, "_runtime": 25, "_timestamp": 1614125326, "test-acc": 0.5045, "graph_0": {"_type": "graph-file", "path": "media/graph/graph_0_summary_29321ede.graph.json", "sha256": "29321edee63d7753aa0a12d96698fb3a3009957c44d50e1ff61c22af3a7bc65d", "size": 1411}, "train-loss": 0.0002838631335180253, "train-acc": 0.9999999999999756}