{"test-loss": 14.898852825164795, "_step": 599, "_runtime": 43, "_timestamp": 1613683142, "test-acc": 0.5015, "graph_0": {"_type": "graph-file", "path": "media/graph/graph_0_summary_09c5853c.graph.json", "sha256": "09c5853cc18f4b88b4632b4fc2ccdf15304ec51336bdfb1fb3c0704308334dcf", "size": 1411}, "train-loss": 0.00031142493017449757, "train-acc": 0.999999999999994}