{"test-loss": 3.7516509294509888, "_step": 599, "_runtime": 32, "_timestamp": 1614187470, "test-acc": 0.5125, "graph_0": {"_type": "graph-file", "path": "media/graph/graph_0_summary_72036b5e.graph.json", "sha256": "72036b5e5b384765cf6400ad8dbc0d79bf74d244295e856be0cabd28715e7cf0", "size": 1411}, "train-loss": 0.00263147713849321, "train-acc": 0.9999999999999756}