{"test-loss": 0.015900741331279278, "_step": 599, "_runtime": 429, "_timestamp": 1614013068, "test-acc": 1.0, "graph_0": {"_type": "graph-file", "path": "media/graph/graph_0_summary_7ff3b75c.graph.json", "sha256": "7ff3b75cba74966620e34692ad6adc7388651130486d463c7914454e536e1a65", "size": 1411}, "train-loss": 0.007888492895290256, "train-acc": 0.9999999999999984}