{"test-loss": 6.353593587875366, "_step": 599, "_runtime": 37, "_timestamp": 1614188161, "test-acc": 0.515, "graph_0": {"_type": "graph-file", "path": "media/graph/graph_0_summary_1f8f0c8b.graph.json", "sha256": "1f8f0c8bb4cfd423832914551b4e3ecee6ff50f2aabb77d36e4c63d1ed7ec192", "size": 1411}, "train-loss": 0.0006986873777350411, "train-acc": 0.9999999999999756}