{"test-loss": 5.261213302612305, "_step": 599, "_runtime": 31, "_timestamp": 1614198021, "test-acc": 0.504, "graph_0": {"_type": "graph-file", "path": "media/graph/graph_0_summary_4900d237.graph.json", "sha256": "4900d2372a25e6613826f6881ca8aa63b0b73f602d143f2fa540c9c56d82e304", "size": 1411}, "train-loss": 0.0016844358178786933, "train-acc": 0.9999999999999756}