{"test-loss": 1.3862944841384888, "_step": 599, "_runtime": 425, "_timestamp": 1613944699, "test-acc": 0.505, "graph_0": {"_type": "graph-file", "path": "media/graph/graph_0_summary_7f855144.graph.json", "sha256": "7f855144ea98c54865ef781a68e5a6dc531670a5899a2d775555f2dd419bb9d6", "size": 1411}, "train-loss": 0.6931470632553101, "train-acc": 0.5027008056640617}