{"test-loss": 1.3862944841384888, "_step": 599, "_runtime": 123, "_timestamp": 1613750336, "test-acc": 0.505, "graph_0": {"_type": "graph-file", "path": "media/graph/graph_0_summary_35b7b779.graph.json", "sha256": "35b7b7797a6d270d32eeeb19bed4bc846e63c94c7733576b08a8117ab9958beb", "size": 1411}, "train-loss": 0.6931470632553101, "train-acc": 0.4949645996093742}