{"test-loss": 1.3862944841384888, "_step": 599, "_runtime": 37, "_timestamp": 1613630275, "test-acc": 0.5025, "graph_0": {"_type": "graph-file", "path": "media/graph/graph_0_summary_c3cc16e4.graph.json", "sha256": "c3cc16e4b7c51b06428fdb0c75dbdc89d9824eb7b26942632c6ae32705bb4e62", "size": 1411}, "train-loss": 0.6931473016738892, "train-acc": 0.503601074218747}