{"test-loss": 1.3862944841384888, "_step": 599, "_runtime": 148, "_timestamp": 1614062107, "test-acc": 0.505, "graph_0": {"_type": "graph-file", "path": "media/graph/graph_0_summary_91463755.graph.json", "sha256": "914637550e766a495270b22183b698874d9dd506ec38588ff771178a019c64db", "size": 1411}, "train-loss": 0.6931470632553101, "train-acc": 0.4974060058593742}