{"test-loss": 3.6472595930099487, "_step": 599, "_runtime": 31, "_timestamp": 1614192354, "test-acc": 0.514, "graph_0": {"_type": "graph-file", "path": "media/graph/graph_0_summary_3d596ff0.graph.json", "sha256": "3d596ff026b1fb22cd70c0f5aea8663ffe5f1a100ffd9fbba6df61a18c95773a", "size": 1411}, "train-loss": 0.0027589024393819273, "train-acc": 0.9999999999999756}