{"test-loss": 14.846281051635742, "_step": 599, "_runtime": 37, "_timestamp": 1613652171, "test-acc": 0.5145, "graph_0": {"_type": "graph-file", "path": "media/graph/graph_0_summary_0c1ac2e1.graph.json", "sha256": "0c1ac2e1654c9a23e5791bb7358d65aa788ddf0d141667a9265fd7231ea0f2da", "size": 1411}, "train-loss": 0.06388669554144144, "train-acc": 0.9786987304687441}