{"test-loss": 1.3862944841384888, "_step": 599, "_runtime": 125, "_timestamp": 1613787023, "test-acc": 0.505, "graph_0": {"_type": "graph-file", "path": "media/graph/graph_0_summary_6fd6f9d4.graph.json", "sha256": "6fd6f9d416d9d63da69690e7f87e41248c6fb2f84598f04d1660e211da88e30b", "size": 1411}, "train-loss": 0.6931470632553101, "train-acc": 0.4998474121093742}