{"test-loss": 1.3862944841384888, "_step": 599, "_runtime": 38, "_timestamp": 1613628911, "test-acc": 0.5025, "graph_0": {"_type": "graph-file", "path": "media/graph/graph_0_summary_78a835cf.graph.json", "sha256": "78a835cfa947a74db743b35dc503e8cb5ade0fc35711cdea0b191a63e9abca51", "size": 1411}, "train-loss": 0.6931473016738892, "train-acc": 0.495849609374997}