{"test-loss": 6.173996448516846, "_step": 599, "_runtime": 32, "_timestamp": 1614185561, "test-acc": 0.5065, "graph_0": {"_type": "graph-file", "path": "media/graph/graph_0_summary_7b0cc79c.graph.json", "sha256": "7b0cc79cb301f157941384066853eb53142a35074e33e26d94e76f32885f9add", "size": 1411}, "train-loss": 0.0010067755356431007, "train-acc": 0.9999999999999756}