{"test-loss": 10.510313510894775, "_step": 599, "_runtime": 44, "_timestamp": 1613686658, "test-acc": 0.494, "graph_0": {"_type": "graph-file", "path": "media/graph/graph_0_summary_9a847974.graph.json", "sha256": "9a847974966ef2bd5909c55446ee82a279ec270d630bbbae259add77c3b4f2a1", "size": 1411}, "train-loss": 0.00038486869709419835, "train-acc": 0.999999999999994}