{"test-loss": 38.51740837097168, "_step": 599, "_runtime": 37, "_timestamp": 1613651099, "test-acc": 0.5055, "graph_0": {"_type": "graph-file", "path": "media/graph/graph_0_summary_19ba5fca.graph.json", "sha256": "19ba5fcaa137d3a35ed43ad40ed5c141f6af08b2751a8b7be6ac1ed2794e5ff1", "size": 1411}, "train-loss": 2.953334629535675, "train-acc": 0.8146362304687451}