{"test-loss": 1.3862944841384888, "_step": 599, "_runtime": 34, "_timestamp": 1613622878, "test-acc": 0.5025, "graph_0": {"_type": "graph-file", "path": "media/graph/graph_0_summary_fc0a2f0c.graph.json", "sha256": "fc0a2f0ca9f20bd25de9cf713806e37bd2b460fee5b22e3e7762eddfd61cf541", "size": 1411}, "train-loss": 0.6931473016738892, "train-acc": 0.505554199218747}