{"test-loss": 1.3862944841384888, "_step": 599, "_runtime": 123, "_timestamp": 1613759780, "test-acc": 0.505, "graph_0": {"_type": "graph-file", "path": "media/graph/graph_0_summary_d8e0a644.graph.json", "sha256": "d8e0a644a7f01a9379d2ef317b48a2ffe26551a32e8e7015b39c6163dd3eae37", "size": 1411}, "train-loss": 0.6931470632553101, "train-acc": 0.5011596679687492}