{"test-loss": 1.3862944841384888, "_step": 599, "_runtime": 425, "_timestamp": 1613958343, "test-acc": 0.505, "graph_0": {"_type": "graph-file", "path": "media/graph/graph_0_summary_cfcb864d.graph.json", "sha256": "cfcb864d1ee4ec2783a3991aa6898cd00acc6a676a32614510721c0fd058d1ca", "size": 1411}, "train-loss": 0.6931470632553101, "train-acc": 0.5024871826171867}