{"test-loss": 0.01391079742461443, "_step": 599, "_runtime": 427, "_timestamp": 1614001168, "test-acc": 1.0, "graph_0": {"_type": "graph-file", "path": "media/graph/graph_0_summary_a1549384.graph.json", "sha256": "a1549384aebce996847744142a899802acf8356f84b5f7418483dd90320a6b86", "size": 1411}, "train-loss": 0.006964379921555519, "train-acc": 0.9999389648437484}