{"test-loss": 7.09935450553894, "_step": 599, "_runtime": 32, "_timestamp": 1614184429, "test-acc": 0.508, "graph_0": {"_type": "graph-file", "path": "media/graph/graph_0_summary_f5bb454c.graph.json", "sha256": "f5bb454cc69c32c426714bd7683921482e655cfa478673225fa61ca78ed75c04", "size": 1411}, "train-loss": 0.009837140329182148, "train-acc": 0.9999999999999756}