{"test-loss": 1.3862944841384888, "_step": 599, "_runtime": 147, "_timestamp": 1614077321, "test-acc": 0.505, "graph_0": {"_type": "graph-file", "path": "media/graph/graph_0_summary_9676329b.graph.json", "sha256": "9676329bd10dc53a35b2f05eae428a992e7895be6a56fb0016060dbaff33e948", "size": 1411}, "train-loss": 0.6931470632553101, "train-acc": 0.5007934570312492}