{"test-loss": 7.539145469665527, "_step": 599, "_runtime": 25, "_timestamp": 1614123149, "test-acc": 0.5145, "graph_0": {"_type": "graph-file", "path": "media/graph/graph_0_summary_bb2bce08.graph.json", "sha256": "bb2bce0815b0c2e56269ee9a6f89e64bf5ab3846e3bfa3950cda134a78aff617", "size": 1411}, "train-loss": 0.0003961168331443332, "train-acc": 0.9999999999999756}