{"test-loss": 1.3862944841384888, "_step": 599, "_runtime": 427, "_timestamp": 1613960546, "test-acc": 0.505, "graph_0": {"_type": "graph-file", "path": "media/graph/graph_0_summary_c0e473ba.graph.json", "sha256": "c0e473bade149577d5d1452fa7e661c3a973cbb8c173ced0510a9c2fb4064fab", "size": 1411}, "train-loss": 0.6931470632553101, "train-acc": 0.5014038085937492}