{"test-loss": 6.390856981277466, "_step": 599, "_runtime": 25, "_timestamp": 1614122778, "test-acc": 0.501, "graph_0": {"_type": "graph-file", "path": "media/graph/graph_0_summary_650946c4.graph.json", "sha256": "650946c493e540e257520b2bb260895a4bf7498c7e781b4309ac8dc9b5ed7766", "size": 1411}, "train-loss": 0.00035390816628932953, "train-acc": 0.9999999999999756}