{"test-loss": 1.3862944841384888, "_step": 599, "_runtime": 426, "_timestamp": 1613956577, "test-acc": 0.505, "graph_0": {"_type": "graph-file", "path": "media/graph/graph_0_summary_83b8573a.graph.json", "sha256": "83b8573aee5f1da110fdb0adcf3a761095b96fce00a1f82fbef7568875422147", "size": 1411}, "train-loss": 0.6931470632553101, "train-acc": 0.4984436035156242}