{"test-loss": 1.3862944841384888, "_step": 599, "_runtime": 124, "_timestamp": 1613794009, "test-acc": 0.505, "graph_0": {"_type": "graph-file", "path": "media/graph/graph_0_summary_0982aa71.graph.json", "sha256": "0982aa71fa47f4a6c780365cfe4288024b5a898e554f7f20d54dc42b6693d495", "size": 1411}, "train-loss": 0.6931470632553101, "train-acc": 0.4996337890624992}