{"test-loss": 14.664651870727539, "_step": 599, "_runtime": 43, "_timestamp": 1613686710, "test-acc": 0.484, "graph_0": {"_type": "graph-file", "path": "media/graph/graph_0_summary_7b33f48a.graph.json", "sha256": "7b33f48aa8a89d727c79ff31342985ac3afb2f4a3e25014dc1fd9cb085b69141", "size": 1411}, "train-loss": 0.00028246842161649965, "train-acc": 0.999999999999994}