{"test-loss": 0.016183658502995968, "_step": 599, "_runtime": 149, "_timestamp": 1614059455, "test-acc": 1.0, "graph_0": {"_type": "graph-file", "path": "media/graph/graph_0_summary_d458a8f0.graph.json", "sha256": "d458a8f08cb145c2c5b399f626219b111b526d43716c93d481d6b75ac8d1b256", "size": 1411}, "train-loss": 0.007533392868936062, "train-acc": 0.9999999999999984}