{"test-loss": 6.5114946365356445, "_step": 599, "_runtime": 27, "_timestamp": 1614112304, "test-acc": 0.4965, "graph_0": {"_type": "graph-file", "path": "media/graph/graph_0_summary_a10aebbb.graph.json", "sha256": "a10aebbbb4269afcd748ada588134b0b22ef46a3e088b123e87e3acc6e36eac4", "size": 1411}, "train-loss": 0.00040486446960130706, "train-acc": 0.9999999999999756}