{"test-loss": 5.9558093547821045, "_step": 599, "_runtime": 26, "_timestamp": 1614122596, "test-acc": 0.4825, "graph_0": {"_type": "graph-file", "path": "media/graph/graph_0_summary_1a58b464.graph.json", "sha256": "1a58b464728c9a5821f7b61b7372b9547cf0dc0faa9f19205100d5280fde4798", "size": 1411}, "train-loss": 0.00032895270123844966, "train-acc": 0.9999999999999756}