{"test-loss": 6.23302960395813, "_step": 599, "_runtime": 24, "_timestamp": 1614109537, "test-acc": 0.518, "graph_0": {"_type": "graph-file", "path": "media/graph/graph_0_summary_272b3b56.graph.json", "sha256": "272b3b56861d02c38ff0a75991451c340be64e8c0495282788d0f9cb2d003e48", "size": 1411}, "train-loss": 0.0003423650559852831, "train-acc": 0.9999999999999756}