{"test-loss": 17.69242572784424, "_step": 599, "_runtime": 43, "_timestamp": 1613682985, "test-acc": 0.4885, "graph_0": {"_type": "graph-file", "path": "media/graph/graph_0_summary_97eb6362.graph.json", "sha256": "97eb636229cf2f799cf1173dd54571eaa26133f024ad2679f12404801a509bd4", "size": 1411}, "train-loss": 0.0003194415791938354, "train-acc": 0.999999999999994}