{"test-loss": 312.1800842285156, "_step": 599, "_runtime": 43, "_timestamp": 1613686079, "test-acc": 0.506, "graph_0": {"_type": "graph-file", "path": "media/graph/graph_0_summary_2bdc136e.graph.json", "sha256": "2bdc136ee3ca840616808049f91e66cf50476b96fdd6b4f8c09245deea896262", "size": 1411}, "train-loss": 0.7254281263230951, "train-acc": 0.9333496093749944}