{"test-loss": 0.013079106342047453, "_step": 599, "_runtime": 38, "_timestamp": 1613634914, "test-acc": 0.9995, "graph_0": {"_type": "graph-file", "path": "media/graph/graph_0_summary_322500f9.graph.json", "sha256": "322500f9cc8a54cad12e7a16f2cc568b89636c28da4c772710804a748db37b2b", "size": 1411}, "train-loss": 0.005630117142572999, "train-acc": 0.999999999999994}