{"test-loss": 23.00612449645996, "_step": 599, "_runtime": 38, "_timestamp": 1613637917, "test-acc": 0.508, "graph_0": {"_type": "graph-file", "path": "media/graph/graph_0_summary_08defea1.graph.json", "sha256": "08defea11d19f0d0ba236e728c97b8d7e876cb526d050fe7f679cb7f3e954283", "size": 1411}, "train-loss": 0.2801300808787346, "train-acc": 0.9325561523437444}