{"test-loss": 0.011843393556773663, "_step": 599, "_runtime": 123, "_timestamp": 1613777514, "test-acc": 1.0, "graph_0": {"_type": "graph-file", "path": "media/graph/graph_0_summary_c5f5ed6d.graph.json", "sha256": "c5f5ed6d35dbb7d94a6492febec6f41e936b1833810e5a1e8e4b1bab464e3823", "size": 1411}, "train-loss": 0.005212498013861477, "train-acc": 0.9999999999999984}