{"test-loss": 8.567813396453857, "_step": 599, "_runtime": 36, "_timestamp": 1614181407, "test-acc": 0.493, "graph_0": {"_type": "graph-file", "path": "media/graph/graph_0_summary_c7d0000a.graph.json", "sha256": "c7d0000a7fbed109d826422b4c293e45a0cb9f24a29122a6ceb3ad91c4d9a585", "size": 1411}, "train-loss": 0.005801713443361223, "train-acc": 0.9999999999999756}