{"test-loss": 6.486735105514526, "_step": 599, "_runtime": 31, "_timestamp": 1614185242, "test-acc": 0.4905, "graph_0": {"_type": "graph-file", "path": "media/graph/graph_0_summary_007f115e.graph.json", "sha256": "007f115e1e1256470e34ab956ad97b77f3547e805d7813c71abb85989ace5420", "size": 1411}, "train-loss": 0.01854213560000062, "train-acc": 0.9999999999999756}