{"test-loss": 0.05041211098432541, "_step": 599, "_runtime": 425, "_timestamp": 1614004694, "test-acc": 1.0, "graph_0": {"_type": "graph-file", "path": "media/graph/graph_0_summary_19d5775e.graph.json", "sha256": "19d5775edd026451fc58c05aa1aac223e440e71516d73dad52dce25c533642a6", "size": 1411}, "train-loss": 0.025550761725753546, "train-acc": 0.999954223632811}