{"test-loss": 4.4343061447143555, "_step": 599, "_runtime": 24, "_timestamp": 1614119319, "test-acc": 0.5145, "graph_0": {"_type": "graph-file", "path": "media/graph/graph_0_summary_e3dc7e88.graph.json", "sha256": "e3dc7e88d22de7c288b03c32ffa7e95333cbbf381d5a759a0877d28f565b5ea5", "size": 1411}, "train-loss": 0.0002475054425303824, "train-acc": 0.9999999999999756}