{"test-loss": 1.3862944841384888, "_step": 599, "_runtime": 45, "_timestamp": 1613662866, "test-acc": 0.4975, "graph_0": {"_type": "graph-file", "path": "media/graph/graph_0_summary_15a3ed10.graph.json", "sha256": "15a3ed10aa3b097a4a446962cb136f724e111476788831cb82665fa81f4bec87", "size": 1411}, "train-loss": 0.6931471824645996, "train-acc": 0.501831054687497}