{"test-loss": 1.3862944841384888, "_step": 599, "_runtime": 123, "_timestamp": 1613758184, "test-acc": 0.505, "graph_0": {"_type": "graph-file", "path": "media/graph/graph_0_summary_a0ed0582.graph.json", "sha256": "a0ed058246f1349f6463a6a2fe751041ad00989fea120707881baa39b254317e", "size": 1411}, "train-loss": 0.6931470632553101, "train-acc": 0.5008392333984367}