{"test-loss": 23.976664543151855, "_step": 599, "_runtime": 45, "_timestamp": 1613674814, "test-acc": 0.517, "graph_0": {"_type": "graph-file", "path": "media/graph/graph_0_summary_16aa072a.graph.json", "sha256": "16aa072af1fce9403ff35781d1ee4329ccca60ce2a542724ac62e960846b526f", "size": 1411}, "train-loss": 0.00027026818448128154, "train-acc": 0.999999999999994}