{"test-loss": 9.582252979278564, "_step": 599, "_runtime": 25, "_timestamp": 1614120787, "test-acc": 0.4965, "graph_0": {"_type": "graph-file", "path": "media/graph/graph_0_summary_666e9041.graph.json", "sha256": "666e90416db71042f240c3332ea96417e9b444f897d510889690d2c084284565", "size": 1411}, "train-loss": 0.0005054335342720151, "train-acc": 0.9999999999999756}