{"test-loss": 1.3862944841384888, "_step": 599, "_runtime": 123, "_timestamp": 1613782935, "test-acc": 0.505, "graph_0": {"_type": "graph-file", "path": "media/graph/graph_0_summary_d7c2dc96.graph.json", "sha256": "d7c2dc96f429770820fd8c113c35f0bb81c111d93f0f508ac1a5cb8e70a588a6", "size": 1411}, "train-loss": 0.6931470632553101, "train-acc": 0.5031280517578117}