{"test-loss": 4.536182641983032, "_step": 599, "_runtime": 34, "_timestamp": 1614197311, "test-acc": 0.493, "graph_0": {"_type": "graph-file", "path": "media/graph/graph_0_summary_ca7a6a76.graph.json", "sha256": "ca7a6a761c30295c06b8913c134486ae5be5ab94cc675462ec3017004a22aeb1", "size": 1411}, "train-loss": 0.005064277211204171, "train-acc": 0.9999999999999756}