{"test-loss": 0.2454076185822487, "_step": 599, "_runtime": 36, "_timestamp": 1613642999, "test-acc": 0.9685, "graph_0": {"_type": "graph-file", "path": "media/graph/graph_0_summary_a0534465.graph.json", "sha256": "a0534465533de68ed9c19da3674ca2ad3fd2be639a722ff2b0dbee2ea57bcdf3", "size": 1411}, "train-loss": 0.03461499558761716, "train-acc": 0.992370605468744}