{"test-loss": 5.998150110244751, "_step": 599, "_runtime": 24, "_timestamp": 1614120607, "test-acc": 0.504, "graph_0": {"_type": "graph-file", "path": "media/graph/graph_0_summary_f01ece29.graph.json", "sha256": "f01ece29a6abb98eae47464d47d8cdd10398b6143599399f1d00fb55cb0bb008", "size": 1411}, "train-loss": 0.00033558790164534, "train-acc": 0.9999999999999756}