{"test-loss": 4.940884590148926, "_step": 599, "_runtime": 25, "_timestamp": 1614123186, "test-acc": 0.5175, "graph_0": {"_type": "graph-file", "path": "media/graph/graph_0_summary_f5735f3f.graph.json", "sha256": "f5735f3f2bc573ecea02e1c11d7c09f2602880d30c344d6853e6709efaf8f758", "size": 1411}, "train-loss": 0.0006121795158833265, "train-acc": 0.9999999999999756}