{"test-loss": 10.268587112426758, "_step": 599, "_runtime": 42, "_timestamp": 1613680626, "test-acc": 0.483, "graph_0": {"_type": "graph-file", "path": "media/graph/graph_0_summary_c4544734.graph.json", "sha256": "c45447349799997da8cbc0b2d67f0d568863e60274b1af2bdfbaddfa728a78aa", "size": 1411}, "train-loss": 0.00030044225331948837, "train-acc": 0.999999999999994}