{"test-loss": 302.5790710449219, "_step": 599, "_runtime": 43, "_timestamp": 1613675714, "test-acc": 0.4985, "graph_0": {"_type": "graph-file", "path": "media/graph/graph_0_summary_17576d02.graph.json", "sha256": "17576d02a2ecd34c749100825126a36c1773d5ce91c64c30a4828a279a8f259e", "size": 1411}, "train-loss": 2.7455552809030337e-07, "train-acc": 0.999999999999994}