{"test-loss": 1.3862944841384888, "_step": 599, "_runtime": 38, "_timestamp": 1613628958, "test-acc": 0.5025, "graph_0": {"_type": "graph-file", "path": "media/graph/graph_0_summary_56297845.graph.json", "sha256": "56297845f1b90176fb029fca6cb445acfa43e0fdd9a2d23151749b8e63854181", "size": 1411}, "train-loss": 0.6931473016738892, "train-acc": 0.495422363281247}