{"test-loss": 1.0807793736457825, "_step": 599, "_runtime": 37, "_timestamp": 1613641795, "test-acc": 0.88, "graph_0": {"_type": "graph-file", "path": "media/graph/graph_0_summary_843e8816.graph.json", "sha256": "843e8816845af229b48ae6853fe22bb0814efb2ea06e8633ddc514caef6f3c28", "size": 1411}, "train-loss": 0.08538423478603363, "train-acc": 0.9755249023437441}