{"test-loss": 0.00799601268954575, "_step": 599, "_runtime": 123, "_timestamp": 1613775365, "test-acc": 1.0, "graph_0": {"_type": "graph-file", "path": "media/graph/graph_0_summary_180bbb56.graph.json", "sha256": "180bbb56dbaf29e5242ac4394798a357ddcdd435d44d215b4b0b53d640c63b82", "size": 1411}, "train-loss": 0.004430424189195037, "train-acc": 0.9999999999999984}