{"test-loss": 9.296386241912842, "_step": 599, "_runtime": 45, "_timestamp": 1613669093, "test-acc": 0.5055, "graph_0": {"_type": "graph-file", "path": "media/graph/graph_0_summary_e7a42e48.graph.json", "sha256": "e7a42e4899611413b9fc17740bf9550170d23c9996c86e6c343d8e270d9459bd", "size": 1411}, "train-loss": 0.0003818462103026832, "train-acc": 0.999999999999994}