{"test-loss": 0.014277415350079536, "_step": 599, "_runtime": 422, "_timestamp": 1614019216, "test-acc": 1.0, "graph_0": {"_type": "graph-file", "path": "media/graph/graph_0_summary_8761c0b8.graph.json", "sha256": "8761c0b8f4b28447af4f609c847b2e049b83457bd8c61dbf286d6dad90a17a9f", "size": 1411}, "train-loss": 0.007080845534801483, "train-acc": 0.9999694824218734}