{"test-loss": 0.03874310292303562, "_step": 599, "_runtime": 148, "_timestamp": 1614083629, "test-acc": 1.0, "graph_0": {"_type": "graph-file", "path": "media/graph/graph_0_summary_8a56864c.graph.json", "sha256": "8a56864cfb838b6a300677a3909e934e2a77074f01c6ca8a76b16f1c5e956c62", "size": 1411}, "train-loss": 0.019597843289375305, "train-acc": 0.9999999999999984}