{"test-loss": 6.906567096710205, "_step": 599, "_runtime": 25, "_timestamp": 1614109030, "test-acc": 0.504, "graph_0": {"_type": "graph-file", "path": "media/graph/graph_0_summary_7440c8e1.graph.json", "sha256": "7440c8e19c03c3fd7837cae1355d21548dea88a51716638dfe96b7567d03b51c", "size": 1411}, "train-loss": 0.00035747981019085273, "train-acc": 0.9999999999999756}