{"test-loss": 0.012931148055940866, "_step": 599, "_runtime": 123, "_timestamp": 1613767998, "test-acc": 1.0, "graph_0": {"_type": "graph-file", "path": "media/graph/graph_0_summary_da8bf1c7.graph.json", "sha256": "da8bf1c79e863aec4427ed84393bafbabf7079594a1d7a550e7093702e12509b", "size": 1411}, "train-loss": 0.006720135686919093, "train-acc": 0.9999999999999984}