{"test-loss": 1.3862944841384888, "_step": 599, "_runtime": 38, "_timestamp": 1613630229, "test-acc": 0.5025, "graph_0": {"_type": "graph-file", "path": "media/graph/graph_0_summary_37142de7.graph.json", "sha256": "37142de77b633de6ef7fd9a6f6621a0d17a4018ec0c77f6fa6bc3d9c390c6615", "size": 1411}, "train-loss": 0.6931473016738892, "train-acc": 0.499755859374997}