{"test-loss": 1.3862944841384888, "_step": 599, "_runtime": 45, "_timestamp": 1613662432, "test-acc": 0.4975, "graph_0": {"_type": "graph-file", "path": "media/graph/graph_0_summary_fc6eaab3.graph.json", "sha256": "fc6eaab31e860b618259b480d877a558dcee10027748ad38c46da257afb81e48", "size": 1411}, "train-loss": 0.6931471824645996, "train-acc": 0.500976562499997}