{"test-loss": 5.406739711761475, "_step": 599, "_runtime": 25, "_timestamp": 1614121938, "test-acc": 0.5025, "graph_0": {"_type": "graph-file", "path": "media/graph/graph_0_summary_8b1d43b6.graph.json", "sha256": "8b1d43b648789f6c79d28c39230f330366a7c1f0c41654d52ad55d8bfb219287", "size": 1411}, "train-loss": 0.0003922376854461618, "train-acc": 0.9999999999999756}