{"test-loss": 0.014761713333427906, "_step": 599, "_runtime": 144, "_timestamp": 1614097512, "test-acc": 1.0, "graph_0": {"_type": "graph-file", "path": "media/graph/graph_0_summary_6f6f07ae.graph.json", "sha256": "6f6f07aeef8d65f435b3fc9db82e1d5c2f13a042d89c1da29aae7a5e8bebbb96", "size": 1411}, "train-loss": 0.007170270662754774, "train-acc": 0.9999999999999984}