{"test-loss": 0.022240017540752888, "_step": 599, "_runtime": 150, "_timestamp": 1614086290, "test-acc": 1.0, "graph_0": {"_type": "graph-file", "path": "media/graph/graph_0_summary_16bcf772.graph.json", "sha256": "16bcf772f46979ada8711c149e75d25dc605a903d8ffeb05350d99d047c7b879", "size": 1411}, "train-loss": 0.010794098488986492, "train-acc": 0.9999999999999984}