{"test-loss": 16.13435411453247, "_step": 599, "_runtime": 44, "_timestamp": 1613683195, "test-acc": 0.5005, "graph_0": {"_type": "graph-file", "path": "media/graph/graph_0_summary_6f0fa681.graph.json", "sha256": "6f0fa681c45c9328f404678621504d20a5644cba877b452336db92a51d9959a2", "size": 1411}, "train-loss": 0.0001744565592645131, "train-acc": 0.999999999999994}