{"test-loss": 15.328835487365723, "_step": 599, "_runtime": 44, "_timestamp": 1613672374, "test-acc": 0.5005, "graph_0": {"_type": "graph-file", "path": "media/graph/graph_0_summary_a3950e86.graph.json", "sha256": "a3950e86c90c6dd627c2b1a07b83fd1f03b654c6869bc4c8d2df5c993992ae98", "size": 1411}, "train-loss": 0.00021532419185454899, "train-acc": 0.999999999999994}