{"test-loss": 1.3862944841384888, "_step": 599, "_runtime": 45, "_timestamp": 1613663516, "test-acc": 0.4975, "graph_0": {"_type": "graph-file", "path": "media/graph/graph_0_summary_e0ae063b.graph.json", "sha256": "e0ae063b0048bef09d47ecd63109c637af1fabc3cf90c214abe48a3709024c13", "size": 1411}, "train-loss": 0.6931471824645996, "train-acc": 0.495544433593747}