{"test-loss": 31.575181007385254, "_step": 599, "_runtime": 45, "_timestamp": 1613676597, "test-acc": 0.5105, "graph_0": {"_type": "graph-file", "path": "media/graph/graph_0_summary_b817cd77.graph.json", "sha256": "b817cd7716689d333343c6b039b1c1af973063b20610bfbb39ba0a071cb770e2", "size": 1411}, "train-loss": 0.00018585436824025692, "train-acc": 0.999999999999994}