{"test-loss": 1.3862944841384888, "_step": 599, "_runtime": 424, "_timestamp": 1613986614, "test-acc": 0.505, "graph_0": {"_type": "graph-file", "path": "media/graph/graph_0_summary_aa415615.graph.json", "sha256": "aa4156159c325e42c484d041c6818fd373a225ccba888d420ee53f94c09e9576", "size": 1411}, "train-loss": 0.6931470632553101, "train-acc": 0.5001983642578117}