{"test-loss": 6.220998764038086, "_step": 599, "_runtime": 25, "_timestamp": 1614118448, "test-acc": 0.5165, "graph_0": {"_type": "graph-file", "path": "media/graph/graph_0_summary_f819182d.graph.json", "sha256": "f819182d69c61ecbbfc331965ba2484d848a3c739f010dd6ef03692b85d05523", "size": 1411}, "train-loss": 0.0005058885872131214, "train-acc": 0.9999999999999756}