{"test-loss": 12.871336460113525, "_step": 599, "_runtime": 42, "_timestamp": 1613687605, "test-acc": 0.517, "graph_0": {"_type": "graph-file", "path": "media/graph/graph_0_summary_7eec98ba.graph.json", "sha256": "7eec98bac0b0dd58a68fdb7e1f409cbc4da7db62f56ae62d614c0a1b331ba212", "size": 1411}, "train-loss": 0.00041583511756471125, "train-acc": 0.999999999999994}