{"test-loss": 5.512112379074097, "_step": 599, "_runtime": 34, "_timestamp": 1614188208, "test-acc": 0.4995, "graph_0": {"_type": "graph-file", "path": "media/graph/graph_0_summary_9d5e907e.graph.json", "sha256": "9d5e907e64bf2b3bc35fdfeb52c04f762a5c5e04cfcef17ce8297a58077e87f4", "size": 1411}, "train-loss": 0.0035590282641351223, "train-acc": 0.9999999999999756}