{"test-loss": 15.787986278533936, "_step": 599, "_runtime": 37, "_timestamp": 1613642024, "test-acc": 0.5735, "graph_0": {"_type": "graph-file", "path": "media/graph/graph_0_summary_c9de089c.graph.json", "sha256": "c9de089ccd90dc9b04693e6d51f1cf28aebbd3dd9f407a323577146e0d22b45a", "size": 1411}, "train-loss": 0.6094293296337128, "train-acc": 0.8749999999999948}