{"test-loss": 1.3377222418785095, "_step": 599, "_runtime": 38, "_timestamp": 1613641076, "test-acc": 0.648, "graph_0": {"_type": "graph-file", "path": "media/graph/graph_0_summary_d52df041.graph.json", "sha256": "d52df0410d8e52ee0e120e353e7cd3154dbdff7e8cee39813999c0b1f3424010", "size": 1411}, "train-loss": 0.3707815334200859, "train-acc": 0.824951171874995}