{"test-loss": 5.260756969451904, "_step": 599, "_runtime": 23, "_timestamp": 1614112875, "test-acc": 0.525, "graph_0": {"_type": "graph-file", "path": "media/graph/graph_0_summary_8e4fd800.graph.json", "sha256": "8e4fd80011c31e3805dda656ffc24507c814a1d3f04c7f949b6028f9ebf68ed2", "size": 1411}, "train-loss": 0.0003141765992040746, "train-acc": 0.9999999999999756}