{"test-loss": 0.0317834597080946, "_step": 599, "_runtime": 123, "_timestamp": 1613763776, "test-acc": 1.0, "graph_0": {"_type": "graph-file", "path": "media/graph/graph_0_summary_27b14145.graph.json", "sha256": "27b14145110ec97e6dfb83a40e3a473a1599b7fe3f3868eb78c3b7388c67e8a4", "size": 1411}, "train-loss": 0.01710254419595003, "train-acc": 0.9999084472656234}