{"test-loss": 1.3862944841384888, "_step": 599, "_runtime": 424, "_timestamp": 1613949093, "test-acc": 0.505, "graph_0": {"_type": "graph-file", "path": "media/graph/graph_0_summary_eb196e19.graph.json", "sha256": "eb196e191b21b7cba85e7234be0049187d4fcfef89efdb53d1a74abd6613fa75", "size": 1411}, "train-loss": 0.6931470632553101, "train-acc": 0.5027618408203117}