{"test-loss": 1.3862944841384888, "_step": 599, "_runtime": 123, "_timestamp": 1613756854, "test-acc": 0.505, "graph_0": {"_type": "graph-file", "path": "media/graph/graph_0_summary_0dd3a2e4.graph.json", "sha256": "0dd3a2e4c7320e4c1ff0ad79a94a7f33fa449bcc19004e816fb5319c6d43766f", "size": 1411}, "train-loss": 0.6931470632553101, "train-acc": 0.4999084472656242}