{"test-loss": 0.01427129190415144, "_step": 599, "_runtime": 124, "_timestamp": 1613779106, "test-acc": 1.0, "graph_0": {"_type": "graph-file", "path": "media/graph/graph_0_summary_bec45bdc.graph.json", "sha256": "bec45bdc8878c91c0b91e654a57461b91bea07eafb0cf0a85636996454a0d524", "size": 1411}, "train-loss": 0.006864995462819934, "train-acc": 0.9999999999999984}