{"test-loss": 2.700440287590027, "_step": 599, "_runtime": 36, "_timestamp": 1613645898, "test-acc": 0.8455, "graph_0": {"_type": "graph-file", "path": "media/graph/graph_0_summary_fb6d0a1e.graph.json", "sha256": "fb6d0a1eea96621b6bf97d49573147fb0952b6047096b04ec7116ce50532dc7f", "size": 1411}, "train-loss": 0.020867763552814722, "train-acc": 0.992248535156244}