{"test-loss": 34.980552673339844, "_step": 599, "_runtime": 36, "_timestamp": 1613640842, "test-acc": 0.532, "graph_0": {"_type": "graph-file", "path": "media/graph/graph_0_summary_c99f1596.graph.json", "sha256": "c99f1596a952cffb090a018a3a05bd0a47595abb1dab2c8654adc8fe2a404202", "size": 1411}, "train-loss": 0.8698554188013077, "train-acc": 0.9065551757812446}