{"test-loss": 264.57347106933594, "_step": 599, "_runtime": 44, "_timestamp": 1613687079, "test-acc": 0.4805, "graph_0": {"_type": "graph-file", "path": "media/graph/graph_0_summary_fdf9b647.graph.json", "sha256": "fdf9b647561004a576eaa19bf86893d0989ed758785841f4669a82fcb852ec2b", "size": 1411}, "train-loss": 0.39827672756655186, "train-acc": 0.9385986328124943}