{"test-loss": 5.114471912384033, "_step": 599, "_runtime": 31, "_timestamp": 1614193488, "test-acc": 0.49, "graph_0": {"_type": "graph-file", "path": "media/graph/graph_0_summary_a11f6789.graph.json", "sha256": "a11f6789c5b8cb49796b2831e057567e091fe1728c76663d2a0129963f6a7f16", "size": 1411}, "train-loss": 0.004371199640445411, "train-acc": 0.9999999999999756}