{"test-loss": 4.219111680984497, "_step": 599, "_runtime": 32, "_timestamp": 1614185423, "test-acc": 0.5295, "graph_0": {"_type": "graph-file", "path": "media/graph/graph_0_summary_070a8693.graph.json", "sha256": "070a869316eb1f71060c68911fee5b4f41cc6c9ae8d91f16e84d4eef3301b284", "size": 1411}, "train-loss": 0.0017864626133814454, "train-acc": 0.9999999999999756}