{"test-loss": 8.348285675048828, "_step": 599, "_runtime": 31, "_timestamp": 1614193309, "test-acc": 0.5105, "graph_0": {"_type": "graph-file", "path": "media/graph/graph_0_summary_c5677a85.graph.json", "sha256": "c5677a85a58b75d54175790d2fa7cc602aba3a3223e1f5bad6c94636ff1cf417", "size": 1411}, "train-loss": 0.0009183030051644892, "train-acc": 0.9999999999999756}