{"test-loss": 0.01128232991322875, "_step": 599, "_runtime": 149, "_timestamp": 1614087939, "test-acc": 1.0, "graph_0": {"_type": "graph-file", "path": "media/graph/graph_0_summary_351424d8.graph.json", "sha256": "351424d8adb9988978a7b16b62799125fbde7ad27eb84f108451a602ef9b1434", "size": 1411}, "train-loss": 0.005975088104605675, "train-acc": 0.999984741210936}