{"test-loss": 4.693225145339966, "_step": 599, "_runtime": 25, "_timestamp": 1614123969, "test-acc": 0.515, "graph_0": {"_type": "graph-file", "path": "media/graph/graph_0_summary_25963a1b.graph.json", "sha256": "25963a1bd7ac1264dabaa048683f6c1b06521514c2f42776e61346285ee5069d", "size": 1411}, "train-loss": 0.00040809901111060753, "train-acc": 0.9999999999999756}