{"test-loss": 20.820035934448242, "_step": 599, "_runtime": 37, "_timestamp": 1613651607, "test-acc": 0.515, "graph_0": {"_type": "graph-file", "path": "media/graph/graph_0_summary_f5660a41.graph.json", "sha256": "f5660a41540ffe323d690f29516665425cfb3c70f70132934a131a226ec8e903", "size": 1411}, "train-loss": 1.1778658330440521, "train-acc": 0.7460937499999956}