{"test-loss": 1.3862944841384888, "_step": 599, "_runtime": 123, "_timestamp": 1613793473, "test-acc": 0.505, "graph_0": {"_type": "graph-file", "path": "media/graph/graph_0_summary_5caeec47.graph.json", "sha256": "5caeec4769a8b3ee7ae093c094933102a1239bf117d63596f43ec680f17050e3", "size": 1411}, "train-loss": 0.6931470632553101, "train-acc": 0.5019989013671867}