{"test-loss": 0.8584279417991638, "_step": 599, "_runtime": 38, "_timestamp": 1613642954, "test-acc": 0.785, "graph_0": {"_type": "graph-file", "path": "media/graph/graph_0_summary_078337dd.graph.json", "sha256": "078337dd2c367d24b1d99681901b2049c328ce1861a1243a25f1e3a1f3353b95", "size": 1411}, "train-loss": 0.3144824877381325, "train-acc": 0.8933105468749947}