{"test-loss": 220.7877960205078, "_step": 599, "_runtime": 45, "_timestamp": 1613669864, "test-acc": 0.501, "graph_0": {"_type": "graph-file", "path": "media/graph/graph_0_summary_45e81e49.graph.json", "sha256": "45e81e4905d86367466f86e13e3b8f62df7a0600e849da785ce85b55a5876bde", "size": 1411}, "train-loss": 0.13376292686189117, "train-acc": 0.9633178710937442}