{"test-loss": 3.9622159004211426, "_step": 599, "_runtime": 37, "_timestamp": 1613640521, "test-acc": 0.641, "graph_0": {"_type": "graph-file", "path": "media/graph/graph_0_summary_5734da28.graph.json", "sha256": "5734da28a34f126561646edceb702d8d35fd925c67bd557178543f79f49248f7", "size": 1411}, "train-loss": 0.5471663028001785, "train-acc": 0.8547973632812449}