{"test-loss": 7.196281909942627, "_step": 599, "_runtime": 25, "_timestamp": 1614109861, "test-acc": 0.508, "graph_0": {"_type": "graph-file", "path": "media/graph/graph_0_summary_64e23711.graph.json", "sha256": "64e23711e1d35ad215278408cd1b787df201548db4b95a0e1fddc6f4c9c67739", "size": 1411}, "train-loss": 0.00041084198164753616, "train-acc": 0.9999999999999756}