{"test-loss": 0.03593642171472311, "_step": 599, "_runtime": 122, "_timestamp": 1613781221, "test-acc": 0.9975, "graph_0": {"_type": "graph-file", "path": "media/graph/graph_0_summary_eff6989f.graph.json", "sha256": "eff6989f4cacab75d105d00d1bc4209e6f611283c52f424622f909af957de5a2", "size": 1411}, "train-loss": 0.014131131116300821, "train-acc": 0.9960632324218734}