{"test-loss": 25.920076370239258, "_step": 599, "_runtime": 45, "_timestamp": 1613666572, "test-acc": 0.501, "graph_0": {"_type": "graph-file", "path": "media/graph/graph_0_summary_dcdfaa0f.graph.json", "sha256": "dcdfaa0f9cf569e32b924d10d68abaceed6a6a29ef1e5b366834060a288af5d1", "size": 1411}, "train-loss": 8.32025274488668e-05, "train-acc": 0.999999999999994}