{"test-loss": 6.48580265045166, "_step": 599, "_runtime": 31, "_timestamp": 1614196816, "test-acc": 0.4905, "graph_0": {"_type": "graph-file", "path": "media/graph/graph_0_summary_a78d06f5.graph.json", "sha256": "a78d06f55d107e5d63a727bcb3c4cfeffd2ca22e29952465718ef66fdcb68815", "size": 1411}, "train-loss": 0.018551799468696117, "train-acc": 0.9999999999999756}