{"test-loss": 0.009579726494848728, "_step": 599, "_runtime": 37, "_timestamp": 1613644601, "test-acc": 1.0, "graph_0": {"_type": "graph-file", "path": "media/graph/graph_0_summary_2f705952.graph.json", "sha256": "2f705952e63311cb5ce304339e72b179f91de44fc28e67f9220766006cb59e5b", "size": 1411}, "train-loss": 0.0062664232682436705, "train-acc": 0.999999999999994}