{"test-loss": 1.3862944841384888, "_step": 599, "_runtime": 123, "_timestamp": 1613750202, "test-acc": 0.505, "graph_0": {"_type": "graph-file", "path": "media/graph/graph_0_summary_9ef506fa.graph.json", "sha256": "9ef506fa0928c17218ba28125e70c3ee1249558c34c712303f2e4a0a890c13b2", "size": 1411}, "train-loss": 0.6931470632553101, "train-acc": 0.5004272460937492}