{"test-loss": 1.3862944841384888, "_step": 599, "_runtime": 37, "_timestamp": 1613629420, "test-acc": 0.5025, "graph_0": {"_type": "graph-file", "path": "media/graph/graph_0_summary_1da7e76e.graph.json", "sha256": "1da7e76ec7b45b5173dbc23405b83e4deac57ed91cbb5ef1c7fdded5652a2d82", "size": 1411}, "train-loss": 0.6931473016738892, "train-acc": 0.502929687499997}