{"test-loss": 9.784501552581787, "_step": 599, "_runtime": 24, "_timestamp": 1614111976, "test-acc": 0.4985, "graph_0": {"_type": "graph-file", "path": "media/graph/graph_0_summary_5d790fa7.graph.json", "sha256": "5d790fa70e3c399a44f10dbf6b51f138d22d2dd3543099fa9aa5058455f844e2", "size": 1411}, "train-loss": 0.0005132711521582678, "train-acc": 0.9999999999999756}