{"test-loss": 6.9977428913116455, "_step": 599, "_runtime": 25, "_timestamp": 1614121370, "test-acc": 0.5085, "graph_0": {"_type": "graph-file", "path": "media/graph/graph_0_summary_a0c12cf5.graph.json", "sha256": "a0c12cf5132e14cad2a92561c918fa87d5c3811c38d2276ca7b510a788f22323", "size": 1411}, "train-loss": 0.000361578626325354, "train-acc": 0.9999999999999756}