{"test-loss": 1.3862944841384888, "_step": 599, "_runtime": 122, "_timestamp": 1613749803, "test-acc": 0.505, "graph_0": {"_type": "graph-file", "path": "media/graph/graph_0_summary_a4fe4557.graph.json", "sha256": "a4fe4557ccc63cec0f49eae4b474e40daef80283e3f897dea1be5a16bc8464f9", "size": 1411}, "train-loss": 0.6931470632553101, "train-acc": 0.5027160644531242}