{"test-loss": 5.871198415756226, "_step": 599, "_runtime": 33, "_timestamp": 1614183612, "test-acc": 0.509, "graph_0": {"_type": "graph-file", "path": "media/graph/graph_0_summary_022c16be.graph.json", "sha256": "022c16bede740280697e26d0d5d3fe665497868472253773482622e9d3a0cb2b", "size": 1411}, "train-loss": 0.0027754915645346045, "train-acc": 0.9999999999999756}