{"test-loss": 1.3862944841384888, "_step": 599, "_runtime": 23, "_timestamp": 1614115839, "test-acc": 0.4945, "graph_0": {"_type": "graph-file", "path": "media/graph/graph_0_summary_e5a0ccab.graph.json", "sha256": "e5a0ccabdb0af68a300becd777c406dab578a43edb86ea889fba7730b2a763dd", "size": 1411}, "train-loss": 0.6931471824645996, "train-acc": 0.4958496093749879}