{"test-loss": 1.3862944841384888, "_step": 599, "_runtime": 424, "_timestamp": 1613944260, "test-acc": 0.505, "graph_0": {"_type": "graph-file", "path": "media/graph/graph_0_summary_e5909b36.graph.json", "sha256": "e5909b369ea11505599b8a18379ef460c1c13573148c2534041bd4e147cc5147", "size": 1411}, "train-loss": 0.6931470632553101, "train-acc": 0.5037689208984367}