{"test-loss": 12.00813913345337, "_step": 599, "_runtime": 47, "_timestamp": 1613670683, "test-acc": 0.496, "graph_0": {"_type": "graph-file", "path": "media/graph/graph_0_summary_64ab99da.graph.json", "sha256": "64ab99da24e42d8ff1fa94ce901e5401a18449006507bfe634b3c8e19b3920f1", "size": 1411}, "train-loss": 0.0002604431306707511, "train-acc": 0.999999999999994}