{"test-loss": 1.3862944841384888, "_step": 599, "_runtime": 123, "_timestamp": 1613748866, "test-acc": 0.505, "graph_0": {"_type": "graph-file", "path": "media/graph/graph_0_summary_812c1217.graph.json", "sha256": "812c121747a029b7a262e8cf9fe0cdbdb5b70973866ab47691b9e334415a8972", "size": 1411}, "train-loss": 0.6931470632553101, "train-acc": 0.4980468749999992}