{"test-loss": 9.953051090240479, "_step": 599, "_runtime": 37, "_timestamp": 1613635247, "test-acc": 0.5935, "graph_0": {"_type": "graph-file", "path": "media/graph/graph_0_summary_0503125e.graph.json", "sha256": "0503125ebb63f3688b68c42d251ddba4b3f8aba1fc011e67932361617cc6a218", "size": 1411}, "train-loss": 0.7272592484951019, "train-acc": 0.7771606445312453}