{"test-loss": 4.686162948608398, "_step": 599, "_runtime": 37, "_timestamp": 1614180446, "test-acc": 0.494, "graph_0": {"_type": "graph-file", "path": "media/graph/graph_0_summary_01c8733c.graph.json", "sha256": "01c8733cb5e744b01f1e7152b01802c8fe364f52858accb4630827624e155eda", "size": 1411}, "train-loss": 0.0016542801749892533, "train-acc": 0.9999999999999756}