{"test-loss": 0.012020604684948921, "_step": 599, "_runtime": 121, "_timestamp": 1613764306, "test-acc": 1.0, "graph_0": {"_type": "graph-file", "path": "media/graph/graph_0_summary_7cc7e4da.graph.json", "sha256": "7cc7e4dab0d3ecc5ebf620582317564cc8b1584be5bdb12d71616d99b6e98988", "size": 1411}, "train-loss": 0.0058744417037814856, "train-acc": 0.9999694824218734}