{"test-loss": 6.173060894012451, "_step": 599, "_runtime": 32, "_timestamp": 1614183249, "test-acc": 0.5065, "graph_0": {"_type": "graph-file", "path": "media/graph/graph_0_summary_3645b821.graph.json", "sha256": "3645b821a90eca846e969d8921c805aab993d58e4183d334c243752fff33d264", "size": 1411}, "train-loss": 0.0010070845310110599, "train-acc": 0.9999999999999756}