{"test-loss": 0.018044784665107727, "_step": 599, "_runtime": 124, "_timestamp": 1613761374, "test-acc": 1.0, "graph_0": {"_type": "graph-file", "path": "media/graph/graph_0_summary_44a42c35.graph.json", "sha256": "44a42c351df725a0d10478958ac6693eb9e9355c866d56e1fb271c83c6319b10", "size": 1411}, "train-loss": 0.008917733328416944, "train-acc": 0.999954223632811}