{"test-loss": 1.3862944841384888, "_step": 599, "_runtime": 149, "_timestamp": 1614062771, "test-acc": 0.505, "graph_0": {"_type": "graph-file", "path": "media/graph/graph_0_summary_f4533889.graph.json", "sha256": "f4533889e6c3ef8e12fc3e634deb3ecc94711c3b2b4f9af5342026ec6e5d9397", "size": 1411}, "train-loss": 0.6931470632553101, "train-acc": 0.5027008056640617}