{"test-loss": 264.57347106933594, "_step": 599, "_runtime": 42, "_timestamp": 1613676386, "test-acc": 0.4805, "graph_0": {"_type": "graph-file", "path": "media/graph/graph_0_summary_8df312fe.graph.json", "sha256": "8df312fe8fa95bff17747f8cb07e2b07bd2d0c11806e9a7513167a65b8730275", "size": 1411}, "train-loss": 0.39827672756655186, "train-acc": 0.9385986328124943}