{"test-loss": 6.395169496536255, "_step": 599, "_runtime": 31, "_timestamp": 1614198870, "test-acc": 0.513, "graph_0": {"_type": "graph-file", "path": "media/graph/graph_0_summary_355e8f73.graph.json", "sha256": "355e8f7300f1927a807aaf280a1da393290a9b096ccb871b3d8a908ef50f1eb3", "size": 1411}, "train-loss": 0.0012615162413567305, "train-acc": 0.9999999999999756}