{"test-loss": 1.3862944841384888, "_step": 599, "_runtime": 425, "_timestamp": 1613946456, "test-acc": 0.505, "graph_0": {"_type": "graph-file", "path": "media/graph/graph_0_summary_45d448e2.graph.json", "sha256": "45d448e2f64d86e005cd5075f9bf359d77b9f4a2acabb944cbda2c9f1dcf5683", "size": 1411}, "train-loss": 0.6931470632553101, "train-acc": 0.5040740966796867}