{"test-loss": 1.3862944841384888, "_step": 599, "_runtime": 121, "_timestamp": 1613754599, "test-acc": 0.505, "graph_0": {"_type": "graph-file", "path": "media/graph/graph_0_summary_1c69c5a0.graph.json", "sha256": "1c69c5a0b6aeea8ba27127e781b369327f2651e061d84891fbda77c1b1840b2a", "size": 1411}, "train-loss": 0.6931470632553101, "train-acc": 0.5037689208984367}