{"test-loss": 8.205138206481934, "_step": 599, "_runtime": 38, "_timestamp": 1613636250, "test-acc": 0.52, "graph_0": {"_type": "graph-file", "path": "media/graph/graph_0_summary_75e452b4.graph.json", "sha256": "75e452b47d445aea62a3792e63b133580878880cd884f0c5b82e612825e5d00d", "size": 1411}, "train-loss": 0.17466771230101585, "train-acc": 0.9117431640624946}