{"test-loss": 1.3862944841384888, "_step": 599, "_runtime": 37, "_timestamp": 1613630089, "test-acc": 0.5025, "graph_0": {"_type": "graph-file", "path": "media/graph/graph_0_summary_0db7c8a9.graph.json", "sha256": "0db7c8a98173fd59dcc3e1677e4c1eb9a811f96cef8674f1b9d17e488b0e3512", "size": 1411}, "train-loss": 0.6931473016738892, "train-acc": 0.495849609374997}