{"test-loss": 5.516367435455322, "_step": 599, "_runtime": 26, "_timestamp": 1614121629, "test-acc": 0.492, "graph_0": {"_type": "graph-file", "path": "media/graph/graph_0_summary_318cd636.graph.json", "sha256": "318cd636ddd2246cd29700c60cf08f5f99b948ea9fb1c6c8860e5faaf3d26be5", "size": 1411}, "train-loss": 0.00035484063118929043, "train-acc": 0.9999999999999756}