{"test-loss": 0.009773309342563152, "_step": 599, "_runtime": 148, "_timestamp": 1614079643, "test-acc": 1.0, "graph_0": {"_type": "graph-file", "path": "media/graph/graph_0_summary_92e51fc9.graph.json", "sha256": "92e51fc98b9bcc6818545d9e7f8bed2c7ebe0c0d52de0f4d16461469d666bec3", "size": 1411}, "train-loss": 0.005332837114110589, "train-acc": 0.999954223632811}