{"test-loss": 0.012402056716382504, "_step": 599, "_runtime": 427, "_timestamp": 1614014394, "test-acc": 1.0, "graph_0": {"_type": "graph-file", "path": "media/graph/graph_0_summary_72ad090c.graph.json", "sha256": "72ad090c48c80b6c5285cb57000de2728c9ecf4bfa418f3393228a3f1e651837", "size": 1411}, "train-loss": 0.00611633388325572, "train-acc": 0.9999999999999984}