{"test-loss": 6.913056135177612, "_step": 599, "_runtime": 25, "_timestamp": 1614117244, "test-acc": 0.5135, "graph_0": {"_type": "graph-file", "path": "media/graph/graph_0_summary_91cb02e8.graph.json", "sha256": "91cb02e8cffe167c5c0d6f4eb235ceb8f5e04d9b53faba984ece31e7603b2905", "size": 1411}, "train-loss": 0.00034853634133469313, "train-acc": 0.9999999999999756}