{"test-loss": 1.0738893747329712, "_step": 599, "_runtime": 425, "_timestamp": 1614007776, "test-acc": 0.7035, "graph_0": {"_type": "graph-file", "path": "media/graph/graph_0_summary_ba563915.graph.json", "sha256": "ba563915d6c79ddcaba711bc9d271bd82cc0b87b3c7ac1b95f9520ca2ab50b08", "size": 1411}, "train-loss": 0.5294640958309174, "train-acc": 0.7058410644531239}