{"test-loss": 9.582252979278564, "_step": 599, "_runtime": 24, "_timestamp": 1614117096, "test-acc": 0.4965, "graph_0": {"_type": "graph-file", "path": "media/graph/graph_0_summary_e7dc683e.graph.json", "sha256": "e7dc683e182ca7f35922c664abfc2cb05c648b7a125ed7919eec6000e61030d3", "size": 1411}, "train-loss": 0.0005054335342720151, "train-acc": 0.9999999999999756}