{"test-loss": 0.015120187774300575, "_step": 599, "_runtime": 426, "_timestamp": 1613995873, "test-acc": 1.0, "graph_0": {"_type": "graph-file", "path": "media/graph/graph_0_summary_c0b3b7cd.graph.json", "sha256": "c0b3b7cddf6f889f1902983468849a1427f5a9129d8e3bc33b5242a25038f742", "size": 1411}, "train-loss": 0.008232288993895054, "train-acc": 0.9999999999999984}