{"test-loss": 1.3862944841384888, "_step": 599, "_runtime": 125, "_timestamp": 1613753937, "test-acc": 0.505, "graph_0": {"_type": "graph-file", "path": "media/graph/graph_0_summary_c26a20ae.graph.json", "sha256": "c26a20ae669f9fd0a303ed469f530213dbfa31853ac9b35a00918fc7b6aa82bc", "size": 1411}, "train-loss": 0.6931470632553101, "train-acc": 0.4987792968749992}