{"test-loss": 29.957894325256348, "_step": 599, "_runtime": 41, "_timestamp": 1613677222, "test-acc": 0.503, "graph_0": {"_type": "graph-file", "path": "media/graph/graph_0_summary_8edce647.graph.json", "sha256": "8edce647b8af6d90986f181aaac284cd826f96ec26f046ca0b90c536b330ce72", "size": 1411}, "train-loss": 0.00018462042521605326, "train-acc": 0.999999999999994}