{"test-loss": 1.3862944841384888, "_step": 599, "_runtime": 124, "_timestamp": 1613757918, "test-acc": 0.505, "graph_0": {"_type": "graph-file", "path": "media/graph/graph_0_summary_b082f0fc.graph.json", "sha256": "b082f0fc178307e81c6d3f996561eab9da589030a3d7df5a1736d44bb9e210a0", "size": 1411}, "train-loss": 0.6931470632553101, "train-acc": 0.5010833740234367}