{"test-loss": 6.063689708709717, "_step": 599, "_runtime": 32, "_timestamp": 1614186840, "test-acc": 0.521, "graph_0": {"_type": "graph-file", "path": "media/graph/graph_0_summary_23368d14.graph.json", "sha256": "23368d14d0125de3ea69c5636524a0d77e64e39f2a0d26c10b0175e4f3a6d986", "size": 1411}, "train-loss": 0.0007753122190479189, "train-acc": 0.9999999999999756}