{"test-loss": 1.3862944841384888, "_step": 599, "_runtime": 45, "_timestamp": 1613663733, "test-acc": 0.4975, "graph_0": {"_type": "graph-file", "path": "media/graph/graph_0_summary_ff32be3b.graph.json", "sha256": "ff32be3be42bc24635ccdeddbc77e4629085305bf5e4de3d6bace022c25c7525", "size": 1411}, "train-loss": 0.6931471824645996, "train-acc": 0.49340820312499706}