{"test-loss": 10.325613021850586, "_step": 599, "_runtime": 46, "_timestamp": 1613668711, "test-acc": 0.503, "graph_0": {"_type": "graph-file", "path": "media/graph/graph_0_summary_2fca45c2.graph.json", "sha256": "2fca45c2ceed310645381611f9f8d1fb6c7fe01a912e8ec38cf5d5d7e2cc806e", "size": 1411}, "train-loss": 0.0002731048798523261, "train-acc": 0.999999999999994}