{"test-loss": 0.012616487219929695, "_step": 599, "_runtime": 129, "_timestamp": 1613770809, "test-acc": 1.0, "graph_0": {"_type": "graph-file", "path": "media/graph/graph_0_summary_b1f76f8f.graph.json", "sha256": "b1f76f8f24eade5ccff7c7fa1fe02558f451c645a37724be6df4aa79df081252", "size": 1411}, "train-loss": 0.006281299865804613, "train-acc": 0.9999999999999984}