{"test-loss": 0.009736050385981798, "_step": 599, "_runtime": 426, "_timestamp": 1613994550, "test-acc": 1.0, "graph_0": {"_type": "graph-file", "path": "media/graph/graph_0_summary_b68b4b43.graph.json", "sha256": "b68b4b43b9bb323a48284a8c473d20dec2e0552016a5a8f15d467307dc6f4d82", "size": 1411}, "train-loss": 0.004831085214391351, "train-acc": 0.9999999999999984}