{"test-loss": 1.3862944841384888, "_step": 599, "_runtime": 123, "_timestamp": 1613758716, "test-acc": 0.505, "graph_0": {"_type": "graph-file", "path": "media/graph/graph_0_summary_6e4231df.graph.json", "sha256": "6e4231dff8a2e3044abecd7c8b8366bb7393207e990f8b3c56587d7bac870d79", "size": 1411}, "train-loss": 0.6931470632553101, "train-acc": 0.5020599365234367}