{"test-loss": 1.3862944841384888, "_step": 599, "_runtime": 37, "_timestamp": 1613629466, "test-acc": 0.5025, "graph_0": {"_type": "graph-file", "path": "media/graph/graph_0_summary_b7064bd3.graph.json", "sha256": "b7064bd33e455ff25c06d5af13469402f207a23ab9faf96ccf7f00b788a41959", "size": 1411}, "train-loss": 0.6931473016738892, "train-acc": 0.498657226562497}