{"test-loss": 0.03736688755452633, "_step": 599, "_runtime": 122, "_timestamp": 1613795071, "test-acc": 0.9965, "graph_0": {"_type": "graph-file", "path": "media/graph/graph_0_summary_0e3ff5ad.graph.json", "sha256": "0e3ff5adaa77c6d8d17ed99028776aad7b800dadfc9928533dba559cd2fdfd99", "size": 1411}, "train-loss": 0.012559758266434073, "train-acc": 0.995529174804686}