{"test-loss": 1.3862944841384888, "_step": 599, "_runtime": 45, "_timestamp": 1613661770, "test-acc": 0.4975, "graph_0": {"_type": "graph-file", "path": "media/graph/graph_0_summary_991ff082.graph.json", "sha256": "991ff08281209b296b37d0af3b5ea269a418634b773821729e63ed9f1dc1af22", "size": 1411}, "train-loss": 0.6931471824645996, "train-acc": 0.501647949218747}