{"test-loss": 4.43513035774231, "_step": 599, "_runtime": 24, "_timestamp": 1614108674, "test-acc": 0.5145, "graph_0": {"_type": "graph-file", "path": "media/graph/graph_0_summary_d3c4e355.graph.json", "sha256": "d3c4e355493fffd7232cef6fec509dda67e13591291d1ee14280e18200a272eb", "size": 1411}, "train-loss": 0.0002472370906616561, "train-acc": 0.9999999999999756}