{"test-loss": 302.2766876220703, "_step": 599, "_runtime": 45, "_timestamp": 1613671393, "test-acc": 0.4925, "graph_0": {"_type": "graph-file", "path": "media/graph/graph_0_summary_81c98253.graph.json", "sha256": "81c98253a23feae0fc10ca2a01218801c4c2889439de42f86446bb851b518283", "size": 1411}, "train-loss": 0.00045434261301124934, "train-acc": 0.999938964843744}