{"test-loss": 90.47534561157227, "_step": 599, "_runtime": 43, "_timestamp": 1613685921, "test-acc": 0.5165, "graph_0": {"_type": "graph-file", "path": "media/graph/graph_0_summary_81d48357.graph.json", "sha256": "81d483572011a102b62cd943aaecea953b70b399edc4c17ac850df3b30a8ee45", "size": 1411}, "train-loss": 0.0012758931261487305, "train-acc": 0.999999999999994}