{"test-loss": 180.7042694091797, "_step": 599, "_runtime": 44, "_timestamp": 1613688077, "test-acc": 0.511, "graph_0": {"_type": "graph-file", "path": "media/graph/graph_0_summary_605006d7.graph.json", "sha256": "605006d75621908162ca6123d8c635576d5c642f4fb604983b813e6e98541f8a", "size": 1411}, "train-loss": 0.24323744224045285, "train-acc": 0.9692993164062442}