{"test-loss": 5.781572580337524, "_step": 599, "_runtime": 24, "_timestamp": 1614108958, "test-acc": 0.514, "graph_0": {"_type": "graph-file", "path": "media/graph/graph_0_summary_15ebcc13.graph.json", "sha256": "15ebcc13d2dfb5190551ba8d41bdd4250e3fd6448365bc627c84d426fe887a01", "size": 1411}, "train-loss": 0.00028539501363411546, "train-acc": 0.9999999999999756}