{"test-loss": 1.3862944841384888, "_step": 599, "_runtime": 32, "_timestamp": 1614190769, "test-acc": 0.4945, "graph_0": {"_type": "graph-file", "path": "media/graph/graph_0_summary_e3b0b443.graph.json", "sha256": "e3b0b443d2255e18fb9c94df39338559288ed1b92a53fbc3f5cc4822b10365d9", "size": 1411}, "train-loss": 0.6931471824645996, "train-acc": 0.5078124999999876}