{"test-loss": 0.03193578124046326, "_step": 599, "_runtime": 425, "_timestamp": 1613993667, "test-acc": 1.0, "graph_0": {"_type": "graph-file", "path": "media/graph/graph_0_summary_f36596de.graph.json", "sha256": "f36596de2ecce2f02e619e24d4e437cb8e9d58aa1a37e5df73e927c1b09a2118", "size": 1411}, "train-loss": 0.015770419035106897, "train-acc": 0.9999999999999984}