{"test-loss": 1.3862944841384888, "_step": 599, "_runtime": 38, "_timestamp": 1613628439, "test-acc": 0.5025, "graph_0": {"_type": "graph-file", "path": "media/graph/graph_0_summary_fdacf789.graph.json", "sha256": "fdacf7897e27fff7ae87cd5f3640961ed9d50aaef5ddfec45f31c8b6ca0867ea", "size": 1411}, "train-loss": 0.6931473016738892, "train-acc": 0.49377441406249706}