{"test-loss": 1.3862944841384888, "_step": 599, "_runtime": 32, "_timestamp": 1614190677, "test-acc": 0.4945, "graph_0": {"_type": "graph-file", "path": "media/graph/graph_0_summary_ce6cee69.graph.json", "sha256": "ce6cee69c7ff96297b343e554acb65ddf26b985168410eb042f16063af255bf3", "size": 1411}, "train-loss": 0.6931471824645996, "train-acc": 0.48950195312498807}