{"test-loss": 7.457884788513184, "_step": 599, "_runtime": 25, "_timestamp": 1614121555, "test-acc": 0.492, "graph_0": {"_type": "graph-file", "path": "media/graph/graph_0_summary_15254492.graph.json", "sha256": "1525449296f9e5f7ec3dc0ac2e61e90c311a088898a5d5af2094b824523d5ff7", "size": 1411}, "train-loss": 0.0004139636948821135, "train-acc": 0.9999999999999756}