{"test-loss": 0.011895263101905584, "_step": 599, "_runtime": 125, "_timestamp": 1613768800, "test-acc": 1.0, "graph_0": {"_type": "graph-file", "path": "media/graph/graph_0_summary_0af7ea36.graph.json", "sha256": "0af7ea36c73ccbae5fc3a4f00c04dd9b3e0d2682c8abc723e5c9615488edaf58", "size": 1411}, "train-loss": 0.006200358970090747, "train-acc": 0.9999999999999984}