{"test-loss": 7.474984884262085, "_step": 599, "_runtime": 24, "_timestamp": 1614112733, "test-acc": 0.494, "graph_0": {"_type": "graph-file", "path": "media/graph/graph_0_summary_cec71b1e.graph.json", "sha256": "cec71b1e8fb79eb9ddb06693ff3f56ce8a072b03a1904700280279dc4ad7a2bd", "size": 1411}, "train-loss": 0.0004073241652804427, "train-acc": 0.9999999999999756}