{"test-loss": 1.3862944841384888, "_step": 599, "_runtime": 149, "_timestamp": 1614078313, "test-acc": 0.505, "graph_0": {"_type": "graph-file", "path": "media/graph/graph_0_summary_b0cba827.graph.json", "sha256": "b0cba827a7459710b850cbc9ccaae7c4498b74241ee1b769cf192864745fe1bc", "size": 1411}, "train-loss": 0.6931470632553101, "train-acc": 0.4996948242187492}