{"test-loss": 1.3862944841384888, "_step": 599, "_runtime": 424, "_timestamp": 1613946896, "test-acc": 0.505, "graph_0": {"_type": "graph-file", "path": "media/graph/graph_0_summary_16bebcb5.graph.json", "sha256": "16bebcb59ae575a133e236f30a43cd36332ceab0466348c42988f978f2617ff8", "size": 1411}, "train-loss": 0.6931470632553101, "train-acc": 0.5025634765624992}