{"test-loss": 0.011060952208936214, "_step": 599, "_runtime": 148, "_timestamp": 1614054788, "test-acc": 1.0, "graph_0": {"_type": "graph-file", "path": "media/graph/graph_0_summary_d0078fed.graph.json", "sha256": "d0078fed60c498b001883407714d6c1f7010d11060daf5f472c05337c933ab86", "size": 1411}, "train-loss": 0.005821901373565197, "train-acc": 0.9999999999999984}