{"test-loss": 4.864159107208252, "_step": 599, "_runtime": 23, "_timestamp": 1614114850, "test-acc": 0.512, "graph_0": {"_type": "graph-file", "path": "media/graph/graph_0_summary_bdd3744d.graph.json", "sha256": "bdd3744d9d06172e7a42389c5776245fdc3a2b5b477ddf290fdb3d1ca38d2458", "size": 1411}, "train-loss": 0.0004269011114956811, "train-acc": 0.9999999999999756}