{"test-loss": 17.58284282684326, "_step": 599, "_runtime": 39, "_timestamp": 1613636668, "test-acc": 0.5065, "graph_0": {"_type": "graph-file", "path": "media/graph/graph_0_summary_5a19cdda.graph.json", "sha256": "5a19cdda2ce6e3db144c7a934546a52666ecb39fe5f5f07d590c44b7169baa00", "size": 1411}, "train-loss": 0.47899138182401657, "train-acc": 0.8836059570312447}