{"test-loss": 1.3862944841384888, "_step": 599, "_runtime": 122, "_timestamp": 1613791367, "test-acc": 0.505, "graph_0": {"_type": "graph-file", "path": "media/graph/graph_0_summary_3da85502.graph.json", "sha256": "3da85502ff24fb8838b7e801c2dbc21ff5e9676ae626f8f52686cd8508f7bd3b", "size": 1411}, "train-loss": 0.6931470632553101, "train-acc": 0.5005950927734367}