{"test-loss": 1.3862944841384888, "_step": 599, "_runtime": 37, "_timestamp": 1613630660, "test-acc": 0.5025, "graph_0": {"_type": "graph-file", "path": "media/graph/graph_0_summary_4b761e14.graph.json", "sha256": "4b761e14a0084965a39083cdd1a58aaf88dde00bbedbc3bc60b5d87cf88b484a", "size": 1411}, "train-loss": 0.6931473016738892, "train-acc": 0.5111694335937469}