{"test-loss": 1.3862944841384888, "_step": 599, "_runtime": 148, "_timestamp": 1614062438, "test-acc": 0.505, "graph_0": {"_type": "graph-file", "path": "media/graph/graph_0_summary_39d092cd.graph.json", "sha256": "39d092cd87708f3a56d47ed2110839dca805a5dd58c31d1b1a986a3420168579", "size": 1411}, "train-loss": 0.6931470632553101, "train-acc": 0.5043334960937492}