{"test-loss": 1.3862944841384888, "_step": 599, "_runtime": 150, "_timestamp": 1614078812, "test-acc": 0.505, "graph_0": {"_type": "graph-file", "path": "media/graph/graph_0_summary_9677b079.graph.json", "sha256": "9677b079ae8e68246eae3b0e4cf99467a88896b76b31bd2f9e05d5764eb886df", "size": 1411}, "train-loss": 0.6931470632553101, "train-acc": 0.5005187988281242}