{"test-loss": 0.010307942982763052, "_step": 599, "_runtime": 124, "_timestamp": 1613778839, "test-acc": 1.0, "graph_0": {"_type": "graph-file", "path": "media/graph/graph_0_summary_641a7920.graph.json", "sha256": "641a79208bcfe709ab8eb7c161afba747d84678e8d3f0f01ae3ad14925f85a6e", "size": 1411}, "train-loss": 0.004271657206118107, "train-acc": 0.9999999999999984}