{"test-loss": 5.429616212844849, "_step": 599, "_runtime": 23, "_timestamp": 1614114427, "test-acc": 0.497, "graph_0": {"_type": "graph-file", "path": "media/graph/graph_0_summary_03599789.graph.json", "sha256": "0359978921075c8aaf89d79af83a8ed3fa6469848b77f7dc431e40104fe50fc7", "size": 1411}, "train-loss": 0.00039274779555853456, "train-acc": 0.9999999999999756}