{"test-loss": 1.3862944841384888, "_step": 599, "_runtime": 124, "_timestamp": 1613753539, "test-acc": 0.505, "graph_0": {"_type": "graph-file", "path": "media/graph/graph_0_summary_4b0dcb28.graph.json", "sha256": "4b0dcb284251f729aed6d28fa2adeb8d411ccce66bc5e6d913e214f1d59f1a52", "size": 1411}, "train-loss": 0.6931470632553101, "train-acc": 0.4996948242187492}