{"test-loss": 1.3862944841384888, "_step": 599, "_runtime": 125, "_timestamp": 1613756589, "test-acc": 0.505, "graph_0": {"_type": "graph-file", "path": "media/graph/graph_0_summary_54a1dcb9.graph.json", "sha256": "54a1dcb9b282ed979587439debf0d6e5e6f635ac702c08d04c2c1b38f63b5092", "size": 1411}, "train-loss": 0.6931470632553101, "train-acc": 0.5027160644531242}