{"test-loss": 1.3862944841384888, "_step": 599, "_runtime": 45, "_timestamp": 1613662106, "test-acc": 0.4975, "graph_0": {"_type": "graph-file", "path": "media/graph/graph_0_summary_af3ac150.graph.json", "sha256": "af3ac15088c8e1b82c42b5d457d7cba783a45a5fbdcf69173d35c7fcbdf1aa43", "size": 1411}, "train-loss": 0.6931471824645996, "train-acc": 0.500976562499997}