{"test-loss": 6.351886034011841, "_step": 599, "_runtime": 31, "_timestamp": 1614197399, "test-acc": 0.515, "graph_0": {"_type": "graph-file", "path": "media/graph/graph_0_summary_930dd06a.graph.json", "sha256": "930dd06a03f3cfa541640f17bb46a08f0b42c50f102abd0b1e8a99e6744b63a3", "size": 1411}, "train-loss": 0.0006992024136707187, "train-acc": 0.9999999999999756}