{"test-loss": 23.99031352996826, "_step": 599, "_runtime": 54, "_timestamp": 1613641474, "test-acc": 0.583, "graph_0": {"_type": "graph-file", "path": "media/graph/graph_0_summary_3f53810c.graph.json", "sha256": "3f53810c7fd89719c8e94729c776327d2f7b415686c545110b97a28cadca4ed9", "size": 1411}, "train-loss": 2.7368228435516357, "train-acc": 0.7146606445312457}