{"test-loss": 4.513532400131226, "_step": 599, "_runtime": 38, "_timestamp": 1613630707, "test-acc": 0.821, "graph_0": {"_type": "graph-file", "path": "media/graph/graph_0_summary_58b48b40.graph.json", "sha256": "58b48b40d8df6e58b6f5549dca5346e10070279ff5f74c22248674f92b716491", "size": 1411}, "train-loss": 0.36311502754688263, "train-acc": 0.9331054687499944}