{"test-loss": 1.3862944841384888, "_step": 599, "_runtime": 125, "_timestamp": 1613758452, "test-acc": 0.505, "graph_0": {"_type": "graph-file", "path": "media/graph/graph_0_summary_81d346f7.graph.json", "sha256": "81d346f748c379aa72d151f47a34f813c30bd0283b91d8e0b7bb3efd35fd7346", "size": 1411}, "train-loss": 0.6931470632553101, "train-acc": 0.5006866455078117}