{"test-loss": 0.011902580969035625, "_step": 599, "_runtime": 126, "_timestamp": 1613801639, "test-acc": 1.0, "graph_0": {"_type": "graph-file", "path": "media/graph/graph_0_summary_cb9ccc56.graph.json", "sha256": "cb9ccc565ede9283431fef243dc29d2214800cdac5c349db99c28d704af81f5a", "size": 1411}, "train-loss": 0.006467246217653155, "train-acc": 0.999984741210936}