{"test-loss": 1.3862944841384888, "_step": 599, "_runtime": 123, "_timestamp": 1613783067, "test-acc": 0.505, "graph_0": {"_type": "graph-file", "path": "media/graph/graph_0_summary_7ff97980.graph.json", "sha256": "7ff97980244f6d19c0f9657af6941b2343ea55a0efff6e29a90287a75b71e5db", "size": 1411}, "train-loss": 0.6931470632553101, "train-acc": 0.5000152587890617}