{"test-loss": 4.830444097518921, "_step": 599, "_runtime": 25, "_timestamp": 1614108994, "test-acc": 0.5045, "graph_0": {"_type": "graph-file", "path": "media/graph/graph_0_summary_a0abcfb7.graph.json", "sha256": "a0abcfb71b200024e73ee6263bef596ec32c2a82e3a34c3cbda01ac191fec150", "size": 1411}, "train-loss": 0.0002839889930328354, "train-acc": 0.9999999999999756}