{"test-loss": 1.3862944841384888, "_step": 599, "_runtime": 45, "_timestamp": 1613662486, "test-acc": 0.4975, "graph_0": {"_type": "graph-file", "path": "media/graph/graph_0_summary_d9041c5e.graph.json", "sha256": "d9041c5e07cf16d1c968a0df6a7704b353e776439f5c89cef13be83eeea53e88", "size": 1411}, "train-loss": 0.6931471824645996, "train-acc": 0.500061035156247}