{"test-loss": 12.086705207824707, "_step": 599, "_runtime": 43, "_timestamp": 1613687762, "test-acc": 0.508, "graph_0": {"_type": "graph-file", "path": "media/graph/graph_0_summary_d02573db.graph.json", "sha256": "d02573db7878e90c37ccaf21d7e7ff03dcbd9b588eb863951928bd3c4455098f", "size": 1411}, "train-loss": 0.0002396307802996489, "train-acc": 0.999999999999994}