{"test-loss": 1.3862944841384888, "_step": 599, "_runtime": 427, "_timestamp": 1613957464, "test-acc": 0.505, "graph_0": {"_type": "graph-file", "path": "media/graph/graph_0_summary_d65d3cfb.graph.json", "sha256": "d65d3cfb65bb4b7ee064831470b5c4b67bfca1e28c0e242cc3a657630c6a1ccc", "size": 1411}, "train-loss": 0.6931470632553101, "train-acc": 0.5014953613281242}