{"test-loss": 1.3862944841384888, "_step": 599, "_runtime": 426, "_timestamp": 1613983967, "test-acc": 0.505, "graph_0": {"_type": "graph-file", "path": "media/graph/graph_0_summary_f8128e7c.graph.json", "sha256": "f8128e7c3a7b3f03ff38cb05bf43e33b70996718ef222133a160e20f678769ef", "size": 1411}, "train-loss": 0.6931470632553101, "train-acc": 0.5011596679687492}