{"test-loss": 1.3862944841384888, "_step": 599, "_runtime": 122, "_timestamp": 1613791236, "test-acc": 0.505, "graph_0": {"_type": "graph-file", "path": "media/graph/graph_0_summary_7c6f7813.graph.json", "sha256": "7c6f7813b4cd7130196eef32b43d35967fb8891d7220e32d6472211640ec0c2b", "size": 1411}, "train-loss": 0.6931470632553101, "train-acc": 0.4976043701171867}