{"test-loss": 1.3862944841384888, "_step": 599, "_runtime": 38, "_timestamp": 1613629111, "test-acc": 0.5025, "graph_0": {"_type": "graph-file", "path": "media/graph/graph_0_summary_f635e461.graph.json", "sha256": "f635e4619b41fd15bf501b40f684549bbf8a7dd0e721fe488d262dfdb95b2986", "size": 1411}, "train-loss": 0.6931473016738892, "train-acc": 0.500610351562497}