{"test-loss": 1.3862944841384888, "_step": 599, "_runtime": 424, "_timestamp": 1613959664, "test-acc": 0.505, "graph_0": {"_type": "graph-file", "path": "media/graph/graph_0_summary_1fb118df.graph.json", "sha256": "1fb118df6a6763dddea10b74f558087eba51b60a083ceead254d99733b6b5755", "size": 1411}, "train-loss": 0.6931470632553101, "train-acc": 0.4990386962890617}