{"test-loss": 1.3862944841384888, "_step": 599, "_runtime": 123, "_timestamp": 1613754069, "test-acc": 0.505, "graph_0": {"_type": "graph-file", "path": "media/graph/graph_0_summary_07f195b4.graph.json", "sha256": "07f195b473028f9079c6271a0201adee0ad72360b1d66c3095b7870eb1635981", "size": 1411}, "train-loss": 0.6931470632553101, "train-acc": 0.5022888183593742}