{"test-loss": 7.6503050327301025, "_step": 599, "_runtime": 24, "_timestamp": 1614110573, "test-acc": 0.478, "graph_0": {"_type": "graph-file", "path": "media/graph/graph_0_summary_bd15b7ca.graph.json", "sha256": "bd15b7ca94df719fda89056b03130d895b74b8c7067fb01f2e12f9071a6b6817", "size": 1411}, "train-loss": 0.00037282699486240745, "train-acc": 0.9999999999999756}