{"test-loss": 1.3862944841384888, "_step": 599, "_runtime": 34, "_timestamp": 1614190862, "test-acc": 0.4945, "graph_0": {"_type": "graph-file", "path": "media/graph/graph_0_summary_63f54d05.graph.json", "sha256": "63f54d054a65347ab9317c5cb84bb4dea2d1423b286175f2f853a85fbdec67b0", "size": 1411}, "train-loss": 0.6931471824645996, "train-acc": 0.4963378906249879}