{"test-loss": 45.09288024902344, "_step": 599, "_runtime": 42, "_timestamp": 1613676804, "test-acc": 0.4885, "graph_0": {"_type": "graph-file", "path": "media/graph/graph_0_summary_3efecfa7.graph.json", "sha256": "3efecfa7e895c3929eb93d2e032cc80617b646e1b641960e38fe7d604fde56b8", "size": 1411}, "train-loss": 8.731088291824562e-05, "train-acc": 0.999999999999994}