{"test-loss": 0.008255157619714737, "_step": 599, "_runtime": 129, "_timestamp": 1613770948, "test-acc": 1.0, "graph_0": {"_type": "graph-file", "path": "media/graph/graph_0_summary_df811864.graph.json", "sha256": "df81186496579395568f057dd63f076fa5cd922966b34a21c19051744ba25616", "size": 1411}, "train-loss": 0.004516815301030874, "train-acc": 0.9999999999999984}