{"test-loss": 1.3862944841384888, "_step": 599, "_runtime": 32, "_timestamp": 1614189071, "test-acc": 0.4945, "graph_0": {"_type": "graph-file", "path": "media/graph/graph_0_summary_5ea58a3f.graph.json", "sha256": "5ea58a3fa040b7c3674ceaf9ac9dd96c82b7d266c6a428c231bbc73cb5717676", "size": 1411}, "train-loss": 0.6931471824645996, "train-acc": 0.5163574218749873}