{"test-loss": 12.04854154586792, "_step": 599, "_runtime": 45, "_timestamp": 1613671502, "test-acc": 0.507, "graph_0": {"_type": "graph-file", "path": "media/graph/graph_0_summary_f6df623c.graph.json", "sha256": "f6df623cf828baae683ea89973f0f0d25e8591256c96dd4fd6b3975d42a2b69c", "size": 1411}, "train-loss": 0.0002207547293977541, "train-acc": 0.999999999999994}