{"test-loss": 13.074907779693604, "_step": 599, "_runtime": 38, "_timestamp": 1613637572, "test-acc": 0.523, "graph_0": {"_type": "graph-file", "path": "media/graph/graph_0_summary_fa1033f5.graph.json", "sha256": "fa1033f592aa95b768716aef2564bed2e662ed7837580f472e6e7f5aca21fd76", "size": 1411}, "train-loss": 0.5867630243301392, "train-acc": 0.8878173828124947}