{"test-loss": 5.822199583053589, "_step": 599, "_runtime": 24, "_timestamp": 1614124224, "test-acc": 0.5095, "graph_0": {"_type": "graph-file", "path": "media/graph/graph_0_summary_a131aa2a.graph.json", "sha256": "a131aa2a086eab91e318c11672c3dd2032e05c0b220d0af839e5bd8876ec08ba", "size": 1411}, "train-loss": 0.00032517837826162577, "train-acc": 0.9999999999999756}