{"test-loss": 128.86373138427734, "_step": 599, "_runtime": 44, "_timestamp": 1613673351, "test-acc": 0.495, "graph_0": {"_type": "graph-file", "path": "media/graph/graph_0_summary_4e237e61.graph.json", "sha256": "4e237e61f1a1359cb24eca2a2ca35c11857d84151b374fdc4fa27694f9bdc895", "size": 1411}, "train-loss": 14.173032224745839, "train-acc": 0.8450927734374949}