{"test-loss": 1.3862944841384888, "_step": 599, "_runtime": 24, "_timestamp": 1614116606, "test-acc": 0.4945, "graph_0": {"_type": "graph-file", "path": "media/graph/graph_0_summary_d4e2be18.graph.json", "sha256": "d4e2be18e0e5fd1b4eb52f3939181e778b2cbe05384579f52f790a920340ce3f", "size": 1411}, "train-loss": 0.6931471824645996, "train-acc": 0.490966796874988}