{"test-loss": 15.082694053649902, "_step": 599, "_runtime": 45, "_timestamp": 1613673297, "test-acc": 0.4965, "graph_0": {"_type": "graph-file", "path": "media/graph/graph_0_summary_ee8142ed.graph.json", "sha256": "ee8142edc4b0e04dc766c206af8c4866f74bb93fdbb04ca53586717abb8631df", "size": 1411}, "train-loss": 0.0003722881565932923, "train-acc": 0.999999999999994}