{"test-loss": 1.3862944841384888, "_step": 599, "_runtime": 148, "_timestamp": 1614069227, "test-acc": 0.505, "graph_0": {"_type": "graph-file", "path": "media/graph/graph_0_summary_51a48ee2.graph.json", "sha256": "51a48ee28b84f14d019be576fcd0df465d042c9ec1ca7a672170827e7b67a62f", "size": 1411}, "train-loss": 0.6931470632553101, "train-acc": 0.5011596679687492}