{"test-loss": 1.3862944841384888, "_step": 599, "_runtime": 424, "_timestamp": 1613957903, "test-acc": 0.505, "graph_0": {"_type": "graph-file", "path": "media/graph/graph_0_summary_aa4e07b6.graph.json", "sha256": "aa4e07b6e1df4fdffa328919fb387216eb3c659c05f5188795ade3853905621b", "size": 1411}, "train-loss": 0.6931470632553101, "train-acc": 0.5020599365234367}