{"test-loss": 0.009050011169165373, "_step": 599, "_runtime": 125, "_timestamp": 1613761241, "test-acc": 1.0, "graph_0": {"_type": "graph-file", "path": "media/graph/graph_0_summary_680c25aa.graph.json", "sha256": "680c25aa64b62aab0b86a93b37d732e1e9e9940e230bbf8c9fa4b42be1c5f2e1", "size": 1411}, "train-loss": 0.004678384633734822, "train-acc": 0.9999999999999984}