{"test-loss": 1.3862944841384888, "_step": 599, "_runtime": 31, "_timestamp": 1614189438, "test-acc": 0.4945, "graph_0": {"_type": "graph-file", "path": "media/graph/graph_0_summary_d63b8798.graph.json", "sha256": "d63b87987c9375ed7252870f6e07c2b08b4c0b606ca937d4d2b6c7025a31e873", "size": 1411}, "train-loss": 0.6931471824645996, "train-acc": 0.5014648437499878}