{"test-loss": 6.725523948669434, "_step": 599, "_runtime": 32, "_timestamp": 1614188618, "test-acc": 0.4935, "graph_0": {"_type": "graph-file", "path": "media/graph/graph_0_summary_c3bead35.graph.json", "sha256": "c3bead358f11e2e56f1499c43698ba1005697736f26af19d30cd1782ae7d8c13", "size": 1411}, "train-loss": 0.0018076654232572764, "train-acc": 0.9999999999999756}