{"test-loss": 1.3862944841384888, "_step": 599, "_runtime": 124, "_timestamp": 1613753405, "test-acc": 0.505, "graph_0": {"_type": "graph-file", "path": "media/graph/graph_0_summary_28befe9b.graph.json", "sha256": "28befe9b684e99967a3e32e33a63839368680351f6a717e7c2e72249bcecd339", "size": 1411}, "train-loss": 0.6931470632553101, "train-acc": 0.4996337890624992}