{"test-loss": 7.651952028274536, "_step": 599, "_runtime": 26, "_timestamp": 1614125061, "test-acc": 0.478, "graph_0": {"_type": "graph-file", "path": "media/graph/graph_0_summary_fef4eb21.graph.json", "sha256": "fef4eb218b4108f2a3ada8297947f66b51da0685afe1ebc5687ad6944eda91cc", "size": 1411}, "train-loss": 0.0003719462256412953, "train-acc": 0.9999999999999756}