{"test-loss": 1.3862944841384888, "_step": 599, "_runtime": 124, "_timestamp": 1613794142, "test-acc": 0.505, "graph_0": {"_type": "graph-file", "path": "media/graph/graph_0_summary_0ea389e0.graph.json", "sha256": "0ea389e09abf460eda70502303367a9a92a778e70b3f7c886abc9542c3c187aa", "size": 1411}, "train-loss": 0.6931470632553101, "train-acc": 0.4996948242187492}