{"test-loss": 7.4051878452301025, "_step": 599, "_runtime": 30, "_timestamp": 1614200524, "test-acc": 0.502, "graph_0": {"_type": "graph-file", "path": "media/graph/graph_0_summary_009c2e16.graph.json", "sha256": "009c2e1601e4f3b498ff45583a2535148e14cede64439cf5b5d3bc564fab55d6", "size": 1411}, "train-loss": 0.0041096319910138845, "train-acc": 0.9999999999999756}