{"test-loss": 1.3862944841384888, "_step": 599, "_runtime": 37, "_timestamp": 1613630182, "test-acc": 0.5025, "graph_0": {"_type": "graph-file", "path": "media/graph/graph_0_summary_e65ecfed.graph.json", "sha256": "e65ecfed32ddb924a49c00321c9f995b418597efdaa49a1a1e0618aaedca7587", "size": 1411}, "train-loss": 0.6931473016738892, "train-acc": 0.497985839843747}