{"test-loss": 1.3862944841384888, "_step": 599, "_runtime": 123, "_timestamp": 1613752334, "test-acc": 0.505, "graph_0": {"_type": "graph-file", "path": "media/graph/graph_0_summary_3e32dccc.graph.json", "sha256": "3e32dcccfc4bb3ec14ae1bd88eb394a4b3c550ca0c43cb49caed0c824c8739d8", "size": 1411}, "train-loss": 0.6931470632553101, "train-acc": 0.5014190673828117}