{"test-loss": 0.017770152539014816, "_step": 599, "_runtime": 147, "_timestamp": 1614089091, "test-acc": 1.0, "graph_0": {"_type": "graph-file", "path": "media/graph/graph_0_summary_11dba212.graph.json", "sha256": "11dba2125d851d7334739568a5a88d81ec40fafa534b670ccd1d5d105471b416", "size": 1411}, "train-loss": 0.007823836640454829, "train-acc": 0.9999999999999984}