{"test-loss": 21.89539909362793, "_step": 599, "_runtime": 45, "_timestamp": 1613672757, "test-acc": 0.4985, "graph_0": {"_type": "graph-file", "path": "media/graph/graph_0_summary_f5ba1310.graph.json", "sha256": "f5ba13104dde157b5088d1302646e52f8ed5192085de301146dd9333fe28e1a5", "size": 1411}, "train-loss": 0.00020933503925846253, "train-acc": 0.999999999999994}