{"test-loss": 0.01262856088578701, "_step": 599, "_runtime": 122, "_timestamp": 1613767735, "test-acc": 1.0, "graph_0": {"_type": "graph-file", "path": "media/graph/graph_0_summary_4d8a5ac3.graph.json", "sha256": "4d8a5ac3f7cd6c44e69e5829176c4191cb6d1c97257cfc3ab8d70480581ac790", "size": 1411}, "train-loss": 0.007377589703537524, "train-acc": 0.9999999999999984}