{"test-loss": 1.3862944841384888, "_step": 599, "_runtime": 45, "_timestamp": 1613661540, "test-acc": 0.4975, "graph_0": {"_type": "graph-file", "path": "media/graph/graph_0_summary_d5df383b.graph.json", "sha256": "d5df383baae9547f2ac6d6c938c5c95b9ca8f74128788f44e29c4dbd28b92b28", "size": 1411}, "train-loss": 0.6931471824645996, "train-acc": 0.497070312499997}