{"test-loss": 3.066157341003418, "_step": 599, "_runtime": 39, "_timestamp": 1613631130, "test-acc": 0.579, "graph_0": {"_type": "graph-file", "path": "media/graph/graph_0_summary_284c0c4f.graph.json", "sha256": "284c0c4fbd97f109d01cfc2364afeac80c4baac67b49c213c63a0add3b1093c7", "size": 1411}, "train-loss": 0.4883054420351982, "train-acc": 0.7683105468749954}