{"test-loss": 1.3862944841384888, "_step": 599, "_runtime": 150, "_timestamp": 1614076666, "test-acc": 0.505, "graph_0": {"_type": "graph-file", "path": "media/graph/graph_0_summary_56abe316.graph.json", "sha256": "56abe3162144fbd1d3e333de6bf6344903e8dc5b26625406fee8affca587282c", "size": 1411}, "train-loss": 0.6931470632553101, "train-acc": 0.4998779296874992}