{"test-loss": 14.418579578399658, "_step": 599, "_runtime": 44, "_timestamp": 1613687396, "test-acc": 0.515, "graph_0": {"_type": "graph-file", "path": "media/graph/graph_0_summary_8fb1a2f3.graph.json", "sha256": "8fb1a2f33b886608ba38154a6ce26abf66f8d03edb0126d3a5f81fd0d2130a9c", "size": 1411}, "train-loss": 0.00025125479169219034, "train-acc": 0.999999999999994}