{"test-loss": 0.016768254339694977, "_step": 599, "_runtime": 143, "_timestamp": 1614102863, "test-acc": 1.0, "graph_0": {"_type": "graph-file", "path": "media/graph/graph_0_summary_5d256f58.graph.json", "sha256": "5d256f58a5be6700d2dc85305a5d97bbf8e591de78b94ce3bdddd6c827dea3b0", "size": 1411}, "train-loss": 0.007999127265065908, "train-acc": 0.9999999999999984}