{"test-loss": 5.822199583053589, "_step": 599, "_runtime": 25, "_timestamp": 1614118628, "test-acc": 0.5095, "graph_0": {"_type": "graph-file", "path": "media/graph/graph_0_summary_a3991e76.graph.json", "sha256": "a3991e76a5953802eb684f766c0d260adad561191818e9471f9d2689b3aa1528", "size": 1411}, "train-loss": 0.00032517837826162577, "train-acc": 0.9999999999999756}