{"test-loss": 19.863426208496094, "_step": 599, "_runtime": 37, "_timestamp": 1613651053, "test-acc": 0.5085, "graph_0": {"_type": "graph-file", "path": "media/graph/graph_0_summary_509ad44a.graph.json", "sha256": "509ad44ae2dc73f15f152d5adc05806d5ef068cd0368ccc0fb17f8f9d3c297da", "size": 1411}, "train-loss": 0.6464412212371826, "train-acc": 0.8740234374999948}