{"test-loss": 1.3862944841384888, "_step": 599, "_runtime": 123, "_timestamp": 1613757785, "test-acc": 0.505, "graph_0": {"_type": "graph-file", "path": "media/graph/graph_0_summary_7d8c82be.graph.json", "sha256": "7d8c82be57d43c2a9107964fe500efb8abcdf9573797be1278467a0e18916bdc", "size": 1411}, "train-loss": 0.6931470632553101, "train-acc": 0.5025787353515617}