{"test-loss": 1.3862944841384888, "_step": 599, "_runtime": 124, "_timestamp": 1613793606, "test-acc": 0.505, "graph_0": {"_type": "graph-file", "path": "media/graph/graph_0_summary_0596364e.graph.json", "sha256": "0596364ecd3ea4ff6bc03b6a81112f0c366a5d91f812e88be5ce306dba911e00", "size": 1411}, "train-loss": 0.6931470632553101, "train-acc": 0.5011596679687492}