{"test-loss": 90.47534561157227, "_step": 599, "_runtime": 42, "_timestamp": 1613677903, "test-acc": 0.5165, "graph_0": {"_type": "graph-file", "path": "media/graph/graph_0_summary_62efd252.graph.json", "sha256": "62efd252e406c244f2ef8248202c0293c8a1dc27130672b08a0582af20cb9bc7", "size": 1411}, "train-loss": 0.0012758931261487305, "train-acc": 0.999999999999994}