{"test-loss": 5.3226001262664795, "_step": 599, "_runtime": 38, "_timestamp": 1613631624, "test-acc": 0.705, "graph_0": {"_type": "graph-file", "path": "media/graph/graph_0_summary_0e4c2ac4.graph.json", "sha256": "0e4c2ac417be6fe24ebbebca027135f2536414f9003bb256be80ff4bb1c288b9", "size": 1411}, "train-loss": 0.2853836193680763, "train-acc": 0.9069213867187446}