{"test-loss": 5.203787803649902, "_step": 599, "_runtime": 31, "_timestamp": 1614196190, "test-acc": 0.506, "graph_0": {"_type": "graph-file", "path": "media/graph/graph_0_summary_ab9de25e.graph.json", "sha256": "ab9de25e298790191181e7eff964d9191ee86bb0ce55b6b4f297eb3c7fa24d30", "size": 1411}, "train-loss": 0.013673010282218456, "train-acc": 0.9999999999999756}