{"test-loss": 6.395169496536255, "_step": 599, "_runtime": 32, "_timestamp": 1614201141, "test-acc": 0.513, "graph_0": {"_type": "graph-file", "path": "media/graph/graph_0_summary_d3f871a2.graph.json", "sha256": "d3f871a2ea7709098d73edbdbd95ee9b02f099213197784eefba4fd0e67eb846", "size": 1411}, "train-loss": 0.0012615162413567305, "train-acc": 0.9999999999999756}