{"test-loss": 6.442576169967651, "_step": 599, "_runtime": 24, "_timestamp": 1614112087, "test-acc": 0.5025, "graph_0": {"_type": "graph-file", "path": "media/graph/graph_0_summary_38d4ce11.graph.json", "sha256": "38d4ce1164dbff99664050f9af20c9505df530de313539b59750196fd9b40957", "size": 1411}, "train-loss": 0.00035490821028361097, "train-acc": 0.9999999999999756}