{"test-loss": 13.968974113464355, "_step": 599, "_runtime": 46, "_timestamp": 1613671231, "test-acc": 0.5005, "graph_0": {"_type": "graph-file", "path": "media/graph/graph_0_summary_93f01c58.graph.json", "sha256": "93f01c58d4672e628588e4aa1e35675ffe0e98177ec99e07999fa55d91c8dc81", "size": 1411}, "train-loss": 0.0002570189657831179, "train-acc": 0.999999999999994}