{"test-loss": 6.172925233840942, "_step": 599, "_runtime": 32, "_timestamp": 1614199415, "test-acc": 0.5065, "graph_0": {"_type": "graph-file", "path": "media/graph/graph_0_summary_6c15b28c.graph.json", "sha256": "6c15b28c1e43e7cf1489ab75f86ed4d159d01569d50848714015d2cf1485db24", "size": 1411}, "train-loss": 0.0010073404700960964, "train-acc": 0.9999999999999756}