{"test-loss": 1.3862944841384888, "_step": 599, "_runtime": 426, "_timestamp": 1614006896, "test-acc": 0.505, "graph_0": {"_type": "graph-file", "path": "media/graph/graph_0_summary_513df0d7.graph.json", "sha256": "513df0d7d8e69e3a224fcba0d28b007c9a2ead61dff07311efd1b434d76e459e", "size": 1411}, "train-loss": 0.6931470632553101, "train-acc": 0.4998474121093742}