{"test-loss": 0.008876743260771036, "_step": 599, "_runtime": 124, "_timestamp": 1613760974, "test-acc": 1.0, "graph_0": {"_type": "graph-file", "path": "media/graph/graph_0_summary_24c704ae.graph.json", "sha256": "24c704ae4ed6653a00679f6e6dc70e25ca912eb37511513d26e03ae3f8d54142", "size": 1411}, "train-loss": 0.004784834221936762, "train-acc": 0.999954223632811}