{"test-loss": 7.8202643394470215, "_step": 599, "_runtime": 22, "_timestamp": 1614113498, "test-acc": 0.494, "graph_0": {"_type": "graph-file", "path": "media/graph/graph_0_summary_4923053c.graph.json", "sha256": "4923053c1cd19bcfe9b0392b205c5ba6257fbaed48bb649c032d0e53b0711b64", "size": 1411}, "train-loss": 0.0003555902076186612, "train-acc": 0.9999999999999756}