{"test-loss": 3.868163824081421, "_step": 599, "_runtime": 34, "_timestamp": 1614198918, "test-acc": 0.5085, "graph_0": {"_type": "graph-file", "path": "media/graph/graph_0_summary_2ae74aa3.graph.json", "sha256": "2ae74aa30d681096bcc3a27e9807f47d6cabea3da3de2553abcfe0cda8142002", "size": 1411}, "train-loss": 0.0005366446421248838, "train-acc": 0.9999999999999756}