{"test-loss": 1.3862944841384888, "_step": 599, "_runtime": 123, "_timestamp": 1613781484, "test-acc": 0.505, "graph_0": {"_type": "graph-file", "path": "media/graph/graph_0_summary_28a3dce3.graph.json", "sha256": "28a3dce35479dc998e092aaed7fffa1b05ef3a01a2f82be633a105bb63c107a9", "size": 1411}, "train-loss": 0.6931470632553101, "train-acc": 0.4950408935546867}