{"test-loss": 1.3862944841384888, "_step": 599, "_runtime": 127, "_timestamp": 1613784519, "test-acc": 0.505, "graph_0": {"_type": "graph-file", "path": "media/graph/graph_0_summary_607ca8dd.graph.json", "sha256": "607ca8ddaccf7615b01cec522c815146dcb384ae2ecf0238901877f43a7dc45a", "size": 1411}, "train-loss": 0.6931470632553101, "train-acc": 0.4976043701171867}