{"test-loss": 6.878335237503052, "_step": 599, "_runtime": 24, "_timestamp": 1614121518, "test-acc": 0.5035, "graph_0": {"_type": "graph-file", "path": "media/graph/graph_0_summary_80c3d4ef.graph.json", "sha256": "80c3d4ef91e94461f472f12ad4f708acff9396d3158c68de9e3728ee43fc3e43", "size": 1411}, "train-loss": 0.00035553098132368177, "train-acc": 0.9999999999999756}