{"test-loss": 1.3862944841384888, "_step": 599, "_runtime": 148, "_timestamp": 1614068236, "test-acc": 0.505, "graph_0": {"_type": "graph-file", "path": "media/graph/graph_0_summary_07cbcd84.graph.json", "sha256": "07cbcd841f0dae131ec4286d2aa27f32487883ae37cd529e17327ab1ed30b1d2", "size": 1411}, "train-loss": 0.6931470632553101, "train-acc": 0.4998779296874992}