{"test-loss": 7.638331174850464, "_step": 599, "_runtime": 38, "_timestamp": 1613638396, "test-acc": 0.5315, "graph_0": {"_type": "graph-file", "path": "media/graph/graph_0_summary_93e92103.graph.json", "sha256": "93e921031b9105dae8cdf31f608a6311020ee080f5fb100e9aeb0dcc8a261060", "size": 1411}, "train-loss": 0.2824569046497345, "train-acc": 0.8548583984374949}