{"test-loss": 0.013387058861553669, "_step": 599, "_runtime": 125, "_timestamp": 1613763643, "test-acc": 1.0, "graph_0": {"_type": "graph-file", "path": "media/graph/graph_0_summary_1e2e942c.graph.json", "sha256": "1e2e942c9702e6bac8000ab65f8604c4216f95119f50e247728bd8f8b1a422b4", "size": 1411}, "train-loss": 0.006791561609134078, "train-acc": 0.9999999999999984}