{"test-loss": 4.830187797546387, "_step": 599, "_runtime": 25, "_timestamp": 1614123371, "test-acc": 0.5045, "graph_0": {"_type": "graph-file", "path": "media/graph/graph_0_summary_05f85a49.graph.json", "sha256": "05f85a492c694d4c4dc9ff9a67593e423086c60120b189d8576f3806755bb254", "size": 1411}, "train-loss": 0.0002838631335180253, "train-acc": 0.9999999999999756}