{"test-loss": 33.88180351257324, "_step": 599, "_runtime": 43, "_timestamp": 1613676438, "test-acc": 0.5105, "graph_0": {"_type": "graph-file", "path": "media/graph/graph_0_summary_8dff14e7.graph.json", "sha256": "8dff14e74f79bf8d04a7bdc83acb174ec1a45849bc8e1252dc7b8c1af2ebc5a4", "size": 1411}, "train-loss": 0.00011477663863956877, "train-acc": 0.999999999999994}