{"test-loss": 1.3862944841384888, "_step": 599, "_runtime": 148, "_timestamp": 1614077648, "test-acc": 0.505, "graph_0": {"_type": "graph-file", "path": "media/graph/graph_0_summary_692cb30d.graph.json", "sha256": "692cb30d3de9b0a5db0adc48e711d3b167db48811212c9a5b3e9071d63b73e63", "size": 1411}, "train-loss": 0.6931470632553101, "train-acc": 0.5011596679687492}