{"test-loss": 0.009907077997922897, "_step": 599, "_runtime": 37, "_timestamp": 1613645533, "test-acc": 1.0, "graph_0": {"_type": "graph-file", "path": "media/graph/graph_0_summary_77fb0a91.graph.json", "sha256": "77fb0a9122cc3ffb1d431e0302bb3282f2f69bb01fade7475f44438250d7d4d1", "size": 1411}, "train-loss": 0.005967190838418901, "train-acc": 0.999755859374994}