{"test-loss": 4.13727331161499, "_step": 599, "_runtime": 24, "_timestamp": 1614114263, "test-acc": 0.4975, "graph_0": {"_type": "graph-file", "path": "media/graph/graph_0_summary_fc6ec4d5.graph.json", "sha256": "fc6ec4d5813462c8a7ecf9def8fa3782c1ac230325e7f998dd03f6fbceffae07", "size": 1411}, "train-loss": 0.0002320430285180919, "train-acc": 0.9999999999999756}