{"test-loss": 1.3862944841384888, "_step": 599, "_runtime": 122, "_timestamp": 1613782671, "test-acc": 0.505, "graph_0": {"_type": "graph-file", "path": "media/graph/graph_0_summary_480862fd.graph.json", "sha256": "480862fd2db9ab0c29e088e4efd4755ed7b9c01c290a7cea92c90a6a8ff71647", "size": 1411}, "train-loss": 0.6931470632553101, "train-acc": 0.5003814697265617}