{"test-loss": 4.536182641983032, "_step": 599, "_runtime": 33, "_timestamp": 1614199599, "test-acc": 0.493, "graph_0": {"_type": "graph-file", "path": "media/graph/graph_0_summary_53e3a567.graph.json", "sha256": "53e3a567d5731053ad1fa314362b6831e6c608629755024413f5774294014fd6", "size": 1411}, "train-loss": 0.005064277211204171, "train-acc": 0.9999999999999756}