{"test-loss": 1.3862944841384888, "_step": 599, "_runtime": 23, "_timestamp": 1614115706, "test-acc": 0.4945, "graph_0": {"_type": "graph-file", "path": "media/graph/graph_0_summary_e20ccb63.graph.json", "sha256": "e20ccb63090e49b701a67d6e9b73a1b86c85ec3eb9003312c54e63ba024bfcc4", "size": 1411}, "train-loss": 0.6931471824645996, "train-acc": 0.5058593749999877}