{"test-loss": 1.3862944841384888, "_step": 599, "_runtime": 150, "_timestamp": 1614068568, "test-acc": 0.505, "graph_0": {"_type": "graph-file", "path": "media/graph/graph_0_summary_a81986b0.graph.json", "sha256": "a81986b0e460e747d446c861dcb6480ccca208f9cf2cc2ae78c7244135acf4b7", "size": 1411}, "train-loss": 0.6931470632553101, "train-acc": 0.4990386962890617}