{"test-loss": 100.2015495300293, "_step": 599, "_runtime": 44, "_timestamp": 1613667505, "test-acc": 0.4985, "graph_0": {"_type": "graph-file", "path": "media/graph/graph_0_summary_35fa9ea1.graph.json", "sha256": "35fa9ea13aa965d64323882ca5287dde8a79b285c3720e428ca0407afef544e1", "size": 1411}, "train-loss": 0.0004463256274931382, "train-acc": 0.999999999999994}