{"test-loss": 1.3862944841384888, "_step": 599, "_runtime": 126, "_timestamp": 1613749135, "test-acc": 0.505, "graph_0": {"_type": "graph-file", "path": "media/graph/graph_0_summary_2c69ddb8.graph.json", "sha256": "2c69ddb8ce9a51a6df41aaeec67c16481aab0c25e5ffcd4fa5d9699a321ed556", "size": 1411}, "train-loss": 0.6931470632553101, "train-acc": 0.5000152587890617}