{"test-loss": 1.3862944841384888, "_step": 599, "_runtime": 38, "_timestamp": 1613628629, "test-acc": 0.5025, "graph_0": {"_type": "graph-file", "path": "media/graph/graph_0_summary_eaafe6ab.graph.json", "sha256": "eaafe6ab6581658aa6b301b792dd3121e5353f21a71050eb8014ea4155bdccf0", "size": 1411}, "train-loss": 0.6931473016738892, "train-acc": 0.496765136718747}