{"test-loss": 1.3862944841384888, "_step": 599, "_runtime": 32, "_timestamp": 1614190264, "test-acc": 0.4945, "graph_0": {"_type": "graph-file", "path": "media/graph/graph_0_summary_16afae7c.graph.json", "sha256": "16afae7cba85c0e939d787870898132f4c422f28b7baa26983031526962175d9", "size": 1411}, "train-loss": 0.6931471824645996, "train-acc": 0.5029296874999877}