{"test-loss": 1.3862944841384888, "_step": 599, "_runtime": 32, "_timestamp": 1614188981, "test-acc": 0.4945, "graph_0": {"_type": "graph-file", "path": "media/graph/graph_0_summary_2bd52585.graph.json", "sha256": "2bd52585f3b72878812c4e4ea67133deac0ce449a5b2ebb1daf51a569a447347", "size": 1411}, "train-loss": 0.6931471824645996, "train-acc": 0.49829101562498784}