{"test-loss": 9.497674465179443, "_step": 599, "_runtime": 32, "_timestamp": 1614187926, "test-acc": 0.5115, "graph_0": {"_type": "graph-file", "path": "media/graph/graph_0_summary_8689edc3.graph.json", "sha256": "8689edc3f2c72285b3ab85a66f3bbfbd0eee1ff84ef93b8992f3f27740521c95", "size": 1411}, "train-loss": 0.006709007662720978, "train-acc": 0.9999999999999756}