{"test-loss": 1.3862944841384888, "_step": 599, "_runtime": 125, "_timestamp": 1613755529, "test-acc": 0.505, "graph_0": {"_type": "graph-file", "path": "media/graph/graph_0_summary_7a8d9ee5.graph.json", "sha256": "7a8d9ee526c8610418d92152d0ee5c16aeb2d61d27610987e29edffb40e4a07f", "size": 1411}, "train-loss": 0.6931470632553101, "train-acc": 0.5003814697265617}