{"test-loss": 4.784278392791748, "_step": 599, "_runtime": 24, "_timestamp": 1614108567, "test-acc": 0.5115, "graph_0": {"_type": "graph-file", "path": "media/graph/graph_0_summary_0ef84fc8.graph.json", "sha256": "0ef84fc85492d2ecdf1559bc267f516fb3aaf5932694efaee3d11c45bd506b57", "size": 1411}, "train-loss": 0.00048422833788208663, "train-acc": 0.9999999999999756}