{"test-loss": 0.014835395850241184, "_step": 599, "_runtime": 122, "_timestamp": 1613766415, "test-acc": 1.0, "graph_0": {"_type": "graph-file", "path": "media/graph/graph_0_summary_d030914d.graph.json", "sha256": "d030914d6a4cec4fa6ff4a8958eaead67cb794e242a67365689e617c89556b49", "size": 1411}, "train-loss": 0.007816259050741792, "train-acc": 0.9999999999999984}