{"test-loss": 1.3106262683868408, "_step": 599, "_runtime": 148, "_timestamp": 1614071541, "test-acc": 0.5625, "graph_0": {"_type": "graph-file", "path": "media/graph/graph_0_summary_aa075017.graph.json", "sha256": "aa0750171c210337e14b00a9b953bbbf257f41e4112b8078a3c48ab7f9f88c52", "size": 1411}, "train-loss": 0.6575622111558914, "train-acc": 0.5599517822265616}