{"test-loss": 1.3862944841384888, "_step": 599, "_runtime": 122, "_timestamp": 1613781881, "test-acc": 0.505, "graph_0": {"_type": "graph-file", "path": "media/graph/graph_0_summary_da5b83e3.graph.json", "sha256": "da5b83e331fadceb78fa3a2ce51bb6be4dc57f1a00d159a23e950635e2ba9082", "size": 1411}, "train-loss": 0.6931470632553101, "train-acc": 0.5027008056640617}