{"test-loss": 8.519876956939697, "_step": 599, "_runtime": 25, "_timestamp": 1614118592, "test-acc": 0.4905, "graph_0": {"_type": "graph-file", "path": "media/graph/graph_0_summary_205507b6.graph.json", "sha256": "205507b67e38fc0d4d4ddcdc3371b30d1163aee193d44682b0dbab413011317e", "size": 1411}, "train-loss": 0.0003532950140652247, "train-acc": 0.9999999999999756}