{"test-loss": 10.11129379272461, "_step": 599, "_runtime": 38, "_timestamp": 1613635619, "test-acc": 0.524, "graph_0": {"_type": "graph-file", "path": "media/graph/graph_0_summary_f7c17d16.graph.json", "sha256": "f7c17d16149c65e359d9c156bb46a470805c5dcb7b09219b0dfc8cdbbc6ca890", "size": 1411}, "train-loss": 0.9899012893438339, "train-acc": 0.7746582031249953}