{"test-loss": 7.819701910018921, "_step": 599, "_runtime": 24, "_timestamp": 1614124296, "test-acc": 0.494, "graph_0": {"_type": "graph-file", "path": "media/graph/graph_0_summary_b26ac8de.graph.json", "sha256": "b26ac8dea6f3594228bf1b3c0606057407e613eff54cbd726de891e7f92cedb1", "size": 1411}, "train-loss": 0.00035631050559459254, "train-acc": 0.9999999999999756}