{"test-loss": 5.781840085983276, "_step": 599, "_runtime": 25, "_timestamp": 1614121446, "test-acc": 0.514, "graph_0": {"_type": "graph-file", "path": "media/graph/graph_0_summary_002e17cc.graph.json", "sha256": "002e17cc012466aba7550a6853594af3862b1648fe5779cc6f1c52d15c0811c0", "size": 1411}, "train-loss": 0.0002852554898709059, "train-acc": 0.9999999999999756}