{"test-loss": 23.57656764984131, "_step": 599, "_runtime": 38, "_timestamp": 1613640241, "test-acc": 0.5105, "graph_0": {"_type": "graph-file", "path": "media/graph/graph_0_summary_489f6146.graph.json", "sha256": "489f6146b1de16c429564dbc915b48f4091331b2114b8c2b8b1c4823bf33cf29", "size": 1411}, "train-loss": 1.1974090933799744, "train-acc": 0.8558349609374949}