{"test-loss": 6.528790235519409, "_step": 599, "_runtime": 27, "_timestamp": 1614123002, "test-acc": 0.4965, "graph_0": {"_type": "graph-file", "path": "media/graph/graph_0_summary_095a95fd.graph.json", "sha256": "095a95fd52b1c3fbceadfaa4e28847006240ae598ba4b5ea721803f1137b6b85", "size": 1411}, "train-loss": 0.0004059836792293936, "train-acc": 0.9999999999999756}