{"test-loss": 8.646235942840576, "_step": 599, "_runtime": 43, "_timestamp": 1613688130, "test-acc": 0.4995, "graph_0": {"_type": "graph-file", "path": "media/graph/graph_0_summary_ccd03ea5.graph.json", "sha256": "ccd03ea564471d62abf557c481f7bb23888acd4e247851e9cb6c49b932cb0976", "size": 1411}, "train-loss": 0.0002856648040960863, "train-acc": 0.999999999999994}