{"test-loss": 1.3862944841384888, "_step": 599, "_runtime": 32, "_timestamp": 1614190124, "test-acc": 0.4945, "graph_0": {"_type": "graph-file", "path": "media/graph/graph_0_summary_adba8055.graph.json", "sha256": "adba8055b2ab582dd4d2efc509e8faff43b639b1114f501905ee6909f4825903", "size": 1411}, "train-loss": 0.6931471824645996, "train-acc": 0.491943359374988}