{"test-loss": 1.3862944841384888, "_step": 599, "_runtime": 123, "_timestamp": 1613786362, "test-acc": 0.505, "graph_0": {"_type": "graph-file", "path": "media/graph/graph_0_summary_7d0657c0.graph.json", "sha256": "7d0657c0208db98a7d92a205ef664642e0881ca931d57fd30ede07539e820a17", "size": 1411}, "train-loss": 0.6931470632553101, "train-acc": 0.4990386962890617}