{"test-loss": 5.018283128738403, "_step": 599, "_runtime": 24, "_timestamp": 1614120323, "test-acc": 0.5235, "graph_0": {"_type": "graph-file", "path": "media/graph/graph_0_summary_bb645d9f.graph.json", "sha256": "bb645d9f0038d1caba6e886a5011bd9c7ac7f0b39db4b97793d51a657c8c27d0", "size": 1411}, "train-loss": 0.0003113363709417172, "train-acc": 0.9999999999999756}