{"test-loss": 0.013021430466324091, "_step": 599, "_runtime": 124, "_timestamp": 1613777647, "test-acc": 1.0, "graph_0": {"_type": "graph-file", "path": "media/graph/graph_0_summary_16cab901.graph.json", "sha256": "16cab901947ab8130e218e39eca90b3a98d11b1c66e432ecaca11abe4676e6e6", "size": 1411}, "train-loss": 0.006299616186879575, "train-acc": 0.9999999999999984}