{"test-loss": 1.3862944841384888, "_step": 599, "_runtime": 24, "_timestamp": 1614115674, "test-acc": 0.4945, "graph_0": {"_type": "graph-file", "path": "media/graph/graph_0_summary_e9d0e84c.graph.json", "sha256": "e9d0e84cda314d9d051d8f550a325281809da93712fa558d97e922dfb124b432", "size": 1411}, "train-loss": 0.6931471824645996, "train-acc": 0.4965820312499879}