{"test-loss": 1.3862944841384888, "_step": 599, "_runtime": 123, "_timestamp": 1613792548, "test-acc": 0.505, "graph_0": {"_type": "graph-file", "path": "media/graph/graph_0_summary_a2484f3c.graph.json", "sha256": "a2484f3ce9ca853d45e1a00bf1c446a06bf16fca7c180ba6bbc4c2575e698e70", "size": 1411}, "train-loss": 0.6931470632553101, "train-acc": 0.5020599365234367}