{"test-loss": 10.116095066070557, "_step": 599, "_runtime": 43, "_timestamp": 1613676960, "test-acc": 0.5045, "graph_0": {"_type": "graph-file", "path": "media/graph/graph_0_summary_0efa6fa5.graph.json", "sha256": "0efa6fa538634de4de9509ea2f235b49afe0d6620fcbc0aab922726b214d2101", "size": 1411}, "train-loss": 0.0002688419058358704, "train-acc": 0.999999999999994}