{"test-loss": 1.3862944841384888, "_step": 599, "_runtime": 123, "_timestamp": 1613785837, "test-acc": 0.505, "graph_0": {"_type": "graph-file", "path": "media/graph/graph_0_summary_4008b6c7.graph.json", "sha256": "4008b6c7280f072e9d005303f125df7606058b6fd0bbb792959abc5bd64339fd", "size": 1411}, "train-loss": 0.6931470632553101, "train-acc": 0.5020599365234367}