{"test-loss": 0.010576699860394001, "_step": 599, "_runtime": 122, "_timestamp": 1613773499, "test-acc": 1.0, "graph_0": {"_type": "graph-file", "path": "media/graph/graph_0_summary_09583bc6.graph.json", "sha256": "09583bc6330f3942a49277ea15d8b90d314620d745ec8a188449d1c775a775f2", "size": 1411}, "train-loss": 0.0052027173805981874, "train-acc": 0.9999999999999984}