{"test-loss": 4.905371904373169, "_step": 599, "_runtime": 36, "_timestamp": 1613648195, "test-acc": 0.8225, "graph_0": {"_type": "graph-file", "path": "media/graph/graph_0_summary_1430f90e.graph.json", "sha256": "1430f90e9cc9a630e5a3e3cfe1d1b1bd44f173c1357272a2e34827036c6c2a7e", "size": 1411}, "train-loss": 0.02334463642910123, "train-acc": 0.991638183593744}