{"test-loss": 4.905656099319458, "_step": 599, "_runtime": 35, "_timestamp": 1614181510, "test-acc": 0.52, "graph_0": {"_type": "graph-file", "path": "media/graph/graph_0_summary_74194e47.graph.json", "sha256": "74194e4750137d745042aa6f7949d93a9d896bf7eadfacd168700deb589c4795", "size": 1411}, "train-loss": 0.02483705012127757, "train-acc": 0.9999999999999756}