{"test-loss": 0.01175792096182704, "_step": 599, "_runtime": 124, "_timestamp": 1613771620, "test-acc": 1.0, "graph_0": {"_type": "graph-file", "path": "media/graph/graph_0_summary_d120bf35.graph.json", "sha256": "d120bf35ec94496f4d07ebd5d0642dd6c536f564909325982705916546bf1ae0", "size": 1411}, "train-loss": 0.005381128401495516, "train-acc": 0.9999999999999984}