{"test-loss": 10.207831382751465, "_step": 599, "_runtime": 25, "_timestamp": 1614121333, "test-acc": 0.5055, "graph_0": {"_type": "graph-file", "path": "media/graph/graph_0_summary_ce11f89c.graph.json", "sha256": "ce11f89cd5b86ec0be21e5f0d1314d480dde1011482b5036193788508ea72897", "size": 1411}, "train-loss": 0.0004400375109980814, "train-acc": 0.9999999999999756}