{"test-loss": 0.008917428087443113, "_step": 599, "_runtime": 124, "_timestamp": 1613772157, "test-acc": 1.0, "graph_0": {"_type": "graph-file", "path": "media/graph/graph_0_summary_9b236bdb.graph.json", "sha256": "9b236bdbd1ea938f8d04a73ee64f605dafeef0e5373839a84b848ce9ebc5a813", "size": 1411}, "train-loss": 0.0036735140020027757, "train-acc": 0.999984741210936}