{"test-loss": 1.3862944841384888, "_step": 599, "_runtime": 427, "_timestamp": 1613962754, "test-acc": 0.505, "graph_0": {"_type": "graph-file", "path": "media/graph/graph_0_summary_f9c15ec8.graph.json", "sha256": "f9c15ec8fdc1b5c8bddd13dbb2bc5ad2a870b844f594eec1c2bda0dbec24277e", "size": 1411}, "train-loss": 0.6931470632553101, "train-acc": 0.4996337890624992}