{"test-loss": 1.320948600769043, "_step": 599, "_runtime": 122, "_timestamp": 1613755792, "test-acc": 0.56, "graph_0": {"_type": "graph-file", "path": "media/graph/graph_0_summary_4ead3779.graph.json", "sha256": "4ead37790a24b79d7268d51bc22a612101322e1732c0f9614fa9ca3730e718d3", "size": 1411}, "train-loss": 0.6620659381151199, "train-acc": 0.5587463378906241}