{"test-loss": 17.69242572784424, "_step": 599, "_runtime": 45, "_timestamp": 1613685658, "test-acc": 0.4885, "graph_0": {"_type": "graph-file", "path": "media/graph/graph_0_summary_a17e475f.graph.json", "sha256": "a17e475ff90d5425339726fbcc963d9b8055b5db8d7da2197ad5c58076891ed9", "size": 1411}, "train-loss": 0.0003194415791938354, "train-acc": 0.999999999999994}