{"test-loss": 6.802563428878784, "_step": 599, "_runtime": 28, "_timestamp": 1614118412, "test-acc": 0.508, "graph_0": {"_type": "graph-file", "path": "media/graph/graph_0_summary_6c3b5943.graph.json", "sha256": "6c3b59433c95faf52fb7b6d00b691efd98fb4cc0d3e1599232f2570e4aa77241", "size": 1411}, "train-loss": 0.0003805104424827732, "train-acc": 0.9999999999999756}