{"test-loss": 6.48580265045166, "_step": 599, "_runtime": 32, "_timestamp": 1614192220, "test-acc": 0.4905, "graph_0": {"_type": "graph-file", "path": "media/graph/graph_0_summary_2e7a751d.graph.json", "sha256": "2e7a751ddba6eb3092224d72c5aa58ed23f6b12291321fd999a81e09c071c334", "size": 1411}, "train-loss": 0.018551799468696117, "train-acc": 0.9999999999999756}