{"test-loss": 6.222102403640747, "_step": 599, "_runtime": 25, "_timestamp": 1614120180, "test-acc": 0.5175, "graph_0": {"_type": "graph-file", "path": "media/graph/graph_0_summary_3ddb454f.graph.json", "sha256": "3ddb454f1409e82afe49135a41f429449c51cac5d94586d71954725a6d4ec798", "size": 1411}, "train-loss": 0.00034271115146111697, "train-acc": 0.9999999999999756}