{"test-loss": 7.621471643447876, "_step": 599, "_runtime": 28, "_timestamp": 1614126399, "test-acc": 0.4995, "graph_0": {"_type": "graph-file", "path": "media/graph/graph_0_summary_a48603c2.graph.json", "sha256": "a48603c276b763182c9ae502fde721475db93255025d2df637f54811c40222c7", "size": 1411}, "train-loss": 0.0004025710150017403, "train-acc": 0.9999999999999756}