{"test-loss": 1.3862944841384888, "_step": 599, "_runtime": 147, "_timestamp": 1614077158, "test-acc": 0.505, "graph_0": {"_type": "graph-file", "path": "media/graph/graph_0_summary_37a13ddd.graph.json", "sha256": "37a13ddda1646eff33a6b89687e4150f3da8f385bb179ecd31bd06d274a433db", "size": 1411}, "train-loss": 0.6931470632553101, "train-acc": 0.4998168945312492}