{"test-loss": 10.510313510894775, "_step": 599, "_runtime": 44, "_timestamp": 1613683979, "test-acc": 0.494, "graph_0": {"_type": "graph-file", "path": "media/graph/graph_0_summary_d2e407e4.graph.json", "sha256": "d2e407e40ab4f3011c5a7ff8967184d77447103bed5d00a882607e114c21f100", "size": 1411}, "train-loss": 0.00038486869709419835, "train-acc": 0.999999999999994}