{"test-loss": 7.3227715492248535, "_step": 599, "_runtime": 31, "_timestamp": 1614198199, "test-acc": 0.5135, "graph_0": {"_type": "graph-file", "path": "media/graph/graph_0_summary_f3526d1d.graph.json", "sha256": "f3526d1d2275df74c8d9de8f8d6f068fc4fc1b171586c9dd229386a102975be9", "size": 1411}, "train-loss": 0.00557932339143008, "train-acc": 0.9999999999999756}