{"test-loss": 7.530629873275757, "_step": 599, "_runtime": 33, "_timestamp": 1614194936, "test-acc": 0.498, "graph_0": {"_type": "graph-file", "path": "media/graph/graph_0_summary_9f92f34e.graph.json", "sha256": "9f92f34e098310bf88bf1cddace0155f04050ad5976ff9d6ba7bde9a48cff90f", "size": 1411}, "train-loss": 0.00043402591109042987, "train-acc": 0.9999999999999756}