{"test-loss": 22.369088172912598, "_step": 599, "_runtime": 37, "_timestamp": 1613634165, "test-acc": 0.5495, "graph_0": {"_type": "graph-file", "path": "media/graph/graph_0_summary_2a32a4ee.graph.json", "sha256": "2a32a4ee8629377b15381782f985ff7e0a914e45bbbea8d478ec8f42f63a0899", "size": 1411}, "train-loss": 2.9668713212013245, "train-acc": 0.660217285156246}