{"test-loss": 1.3862944841384888, "_step": 599, "_runtime": 426, "_timestamp": 1613969822, "test-acc": 0.505, "graph_0": {"_type": "graph-file", "path": "media/graph/graph_0_summary_ba5cf368.graph.json", "sha256": "ba5cf368cc634f263bbb27c7b5f50ab49dfe8c2daea3d72e7342784e3e0072f0", "size": 1411}, "train-loss": 0.6931470632553101, "train-acc": 0.5003814697265617}