{"test-loss": 1.3862944841384888, "_step": 599, "_runtime": 123, "_timestamp": 1613782277, "test-acc": 0.505, "graph_0": {"_type": "graph-file", "path": "media/graph/graph_0_summary_eed46c46.graph.json", "sha256": "eed46c469ff7a4d0813860c2b4de742b569275f779b3d2bccff39337e81baaf9", "size": 1411}, "train-loss": 0.6931470632553101, "train-acc": 0.5001220703124992}