{"test-loss": 13.1802978515625, "_step": 599, "_runtime": 42, "_timestamp": 1613684555, "test-acc": 0.4915, "graph_0": {"_type": "graph-file", "path": "media/graph/graph_0_summary_5790a713.graph.json", "sha256": "5790a7132dd06120ae293ecea3eb6c027b8d0d2c3565660a6397c697ea9b605c", "size": 1411}, "train-loss": 0.00023766027877036855, "train-acc": 0.999999999999994}