{"test-loss": 0.022868525236845016, "_step": 599, "_runtime": 425, "_timestamp": 1613998078, "test-acc": 1.0, "graph_0": {"_type": "graph-file", "path": "media/graph/graph_0_summary_c12ba20d.graph.json", "sha256": "c12ba20de275e5091c3e992dbd34c352ac9e5f7d93564ada7fd1729b0bfdcfc6", "size": 1411}, "train-loss": 0.01135562383569777, "train-acc": 0.999984741210936}