{"test-loss": 382.2058563232422, "_step": 599, "_runtime": 42, "_timestamp": 1613677172, "test-acc": 0.491, "graph_0": {"_type": "graph-file", "path": "media/graph/graph_0_summary_97df43f6.graph.json", "sha256": "97df43f66a7ae287aeb06c9cac29fcfa83f4cb4ffcb0200f52cfa744539142c3", "size": 1411}, "train-loss": 0.11902018590613483, "train-acc": 0.9403076171874943}