{"test-loss": 4.765408754348755, "_step": 599, "_runtime": 25, "_timestamp": 1614123896, "test-acc": 0.5075, "graph_0": {"_type": "graph-file", "path": "media/graph/graph_0_summary_97fe58b5.graph.json", "sha256": "97fe58b52e3f317512b6a8350a920b0427c35a1f25ff5fb8c7756623479b65e2", "size": 1411}, "train-loss": 0.000305694411508739, "train-acc": 0.9999999999999756}