{"test-loss": 1.3862944841384888, "_step": 599, "_runtime": 122, "_timestamp": 1613791763, "test-acc": 0.505, "graph_0": {"_type": "graph-file", "path": "media/graph/graph_0_summary_4a75fcc5.graph.json", "sha256": "4a75fcc52306ac1bc2b56e9769c3d35df135b904baf8c49bb16720ca2fcecfa3", "size": 1411}, "train-loss": 0.6931470632553101, "train-acc": 0.5010833740234367}