{"test-loss": 7.927831411361694, "_step": 599, "_runtime": 31, "_timestamp": 1614192946, "test-acc": 0.503, "graph_0": {"_type": "graph-file", "path": "media/graph/graph_0_summary_0c5e07ae.graph.json", "sha256": "0c5e07aece3ad178d15855bffd97b48de73d4e99975ca2d7f4a2e9c2631fc5c3", "size": 1411}, "train-loss": 0.0140931096393615, "train-acc": 0.9999999999999756}