{"test-loss": 13.722258567810059, "_step": 599, "_runtime": 43, "_timestamp": 1613681671, "test-acc": 0.486, "graph_0": {"_type": "graph-file", "path": "media/graph/graph_0_summary_7ca662b4.graph.json", "sha256": "7ca662b4d3f243fc1006dd08ee895b57eb568395a80a825c5120cce543344e84", "size": 1411}, "train-loss": 0.0002726963268742111, "train-acc": 0.999999999999994}