{"test-loss": 0.021606288850307465, "_step": 599, "_runtime": 425, "_timestamp": 1613992348, "test-acc": 1.0, "graph_0": {"_type": "graph-file", "path": "media/graph/graph_0_summary_9e1ec645.graph.json", "sha256": "9e1ec645cb711a672aca8813b8b2e09271b14f37fc9fe21895e36e67d64ae2ba", "size": 1411}, "train-loss": 0.011158450739458203, "train-acc": 0.9999999999999984}