{"test-loss": 9.428426742553711, "_step": 599, "_runtime": 45, "_timestamp": 1613664169, "test-acc": 0.4925, "graph_0": {"_type": "graph-file", "path": "media/graph/graph_0_summary_62371b1a.graph.json", "sha256": "62371b1a58c11d5fe7d607b8d14c6fe06a632a8724cc3679e2f9b20ff91017a4", "size": 1411}, "train-loss": 0.00034404289760914253, "train-acc": 0.999999999999994}