{"test-loss": 0.35227070748806, "_step": 599, "_runtime": 125, "_timestamp": 1613765626, "test-acc": 0.962, "graph_0": {"_type": "graph-file", "path": "media/graph/graph_0_summary_019f3254.graph.json", "sha256": "019f32549e481d9449c73ee00947f4cd6e794af37471bf3a75f4404d4e226752", "size": 1411}, "train-loss": 0.17207304015755653, "train-acc": 0.9578399658203111}