{"test-loss": 0.014345018658787012, "_step": 599, "_runtime": 150, "_timestamp": 1614083133, "test-acc": 1.0, "graph_0": {"_type": "graph-file", "path": "media/graph/graph_0_summary_74fac9ce.graph.json", "sha256": "74fac9ce10892e6ff040f084d626e5e5389d950c15110300d1263f03574cca8f", "size": 1411}, "train-loss": 0.006903968867845833, "train-acc": 0.9999999999999984}