{"test-loss": 3.989073157310486, "_step": 599, "_runtime": 25, "_timestamp": 1614122632, "test-acc": 0.5155, "graph_0": {"_type": "graph-file", "path": "media/graph/graph_0_summary_013f81f6.graph.json", "sha256": "013f81f6f8313bab9acc50b33eb7f67bd7cac4cff730b09b16418fdab1e75202", "size": 1411}, "train-loss": 0.00042345318070147187, "train-acc": 0.9999999999999756}