{"test-loss": 0.01386576984077692, "_step": 599, "_runtime": 126, "_timestamp": 1613802579, "test-acc": 1.0, "graph_0": {"_type": "graph-file", "path": "media/graph/graph_0_summary_2900684d.graph.json", "sha256": "2900684d40e2958fbc2f466724987c9a438369a2b0a3a4bf391737ec487598b5", "size": 1411}, "train-loss": 0.007040058029815555, "train-acc": 0.9999999999999984}