{"test-loss": 11.18760347366333, "_step": 599, "_runtime": 45, "_timestamp": 1613668875, "test-acc": 0.4885, "graph_0": {"_type": "graph-file", "path": "media/graph/graph_0_summary_6e531e9a.graph.json", "sha256": "6e531e9af2f26783d8eed093224687c184bde8558250afe0ab7cbb385379fe56", "size": 1411}, "train-loss": 0.0003675285915960558, "train-acc": 0.999999999999994}