{"test-loss": 1.3862944841384888, "_step": 599, "_runtime": 429, "_timestamp": 1613974687, "test-acc": 0.495, "graph_0": {"_type": "graph-file", "path": "media/graph/graph_0_summary_01d9fc3b.graph.json", "sha256": "01d9fc3b14a164d3ad99676b505cea8db13b40357e407e7fb8287ea8b7a8ee9b", "size": 1411}, "train-loss": 0.6931470632553101, "train-acc": 0.4995727539062492}