{"test-loss": 1.3862944841384888, "_step": 599, "_runtime": 37, "_timestamp": 1613628297, "test-acc": 0.5025, "graph_0": {"_type": "graph-file", "path": "media/graph/graph_0_summary_9c9ba999.graph.json", "sha256": "9c9ba999f5bb96e6dc20556f0c16616877aaef07bbe5e98dccd602a70a84407b", "size": 1411}, "train-loss": 0.6931473016738892, "train-acc": 0.500915527343747}