{"test-loss": 1.3849994540214539, "_step": 599, "_runtime": 37, "_timestamp": 1613642449, "test-acc": 0.9065, "graph_0": {"_type": "graph-file", "path": "media/graph/graph_0_summary_8db618b0.graph.json", "sha256": "8db618b0a61ff0900d8aae7a9b3cffaebfa97267c821075f48118a15c5e2eaf9", "size": 1411}, "train-loss": 0.03351310174912214, "train-acc": 0.9882812499999941}