{"test-loss": 9.496342658996582, "_step": 599, "_runtime": 31, "_timestamp": 1614197173, "test-acc": 0.511, "graph_0": {"_type": "graph-file", "path": "media/graph/graph_0_summary_42a0fa3a.graph.json", "sha256": "42a0fa3a0edcafc9ffdd4b8d3953ddfd87901c553d2dbef06164e47976d85143", "size": 1411}, "train-loss": 0.006716825184412301, "train-acc": 0.9999999999999756}