{"test-loss": 65.19971466064453, "_step": 599, "_runtime": 44, "_timestamp": 1613675137, "test-acc": 0.505, "graph_0": {"_type": "graph-file", "path": "media/graph/graph_0_summary_1792a811.graph.json", "sha256": "1792a8117c7887dac43e1b480d1d1468c81db9070d2205f9bb7941c0b34ef871", "size": 1411}, "train-loss": 0.0012210713465528045, "train-acc": 0.999999999999994}