{"test-loss": 1.3862944841384888, "_step": 599, "_runtime": 424, "_timestamp": 1613943822, "test-acc": 0.505, "graph_0": {"_type": "graph-file", "path": "media/graph/graph_0_summary_ba3fcf5a.graph.json", "sha256": "ba3fcf5ab8c6152c372196751d5204a92fd2eef27b2e8989ef571cad0777c1f3", "size": 1411}, "train-loss": 0.6931470632553101, "train-acc": 0.5043334960937492}