{"test-loss": 10.910572528839111, "_step": 599, "_runtime": 38, "_timestamp": 1613631907, "test-acc": 0.501, "graph_0": {"_type": "graph-file", "path": "media/graph/graph_0_summary_2724fd13.graph.json", "sha256": "2724fd13c14c46fd01585aefa136a90129a6bc3786ab59c92795a599c7155484", "size": 1411}, "train-loss": 0.39456918090581894, "train-acc": 0.8729858398437448}