{"test-loss": 1.3862944841384888, "_step": 599, "_runtime": 32, "_timestamp": 1614189667, "test-acc": 0.4945, "graph_0": {"_type": "graph-file", "path": "media/graph/graph_0_summary_3b14dda3.graph.json", "sha256": "3b14dda321011eab7b984420da6623d9f6877e0ab54d2e0351100af7a87d8628", "size": 1411}, "train-loss": 0.6931471824645996, "train-acc": 0.5078124999999876}