{"test-loss": 6.485816955566406, "_step": 599, "_runtime": 33, "_timestamp": 1614187562, "test-acc": 0.4905, "graph_0": {"_type": "graph-file", "path": "media/graph/graph_0_summary_576bbbd3.graph.json", "sha256": "576bbbd33372948e659c435b1443f754292604f41e5951b65532675485be7c16", "size": 1411}, "train-loss": 0.018550038803368807, "train-acc": 0.9999999999999756}