{"test-loss": 12.630404949188232, "_step": 599, "_runtime": 45, "_timestamp": 1613667342, "test-acc": 0.486, "graph_0": {"_type": "graph-file", "path": "media/graph/graph_0_summary_d8e1fad1.graph.json", "sha256": "d8e1fad1f5998b76d96790420ba04c7ff642c61dc2f0b0e7379f1b1e5dbe7095", "size": 1411}, "train-loss": 0.0004185085787753451, "train-acc": 0.999999999999994}