{"test-loss": 5.790568113327026, "_step": 599, "_runtime": 37, "_timestamp": 1613645069, "test-acc": 0.751, "graph_0": {"_type": "graph-file", "path": "media/graph/graph_0_summary_54a42d3f.graph.json", "sha256": "54a42d3f2d2104012a6d866e7919d074f8b959a9a9cb50e29a70404412ac7f05", "size": 1411}, "train-loss": 0.1260047797113657, "train-acc": 0.9561767578124942}