{"test-loss": 0.3418150842189789, "_step": 599, "_runtime": 124, "_timestamp": 1613799358, "test-acc": 0.9885, "graph_0": {"_type": "graph-file", "path": "media/graph/graph_0_summary_eeee7134.graph.json", "sha256": "eeee713430219bcc61a66fbdf0f1e86bb7eb4e78c4d32938f775e6e9ba5cde96", "size": 1411}, "train-loss": 0.17684711888432503, "train-acc": 0.984207153320311}