{"test-loss": 3.9622159004211426, "_step": 599, "_runtime": 37, "_timestamp": 1613645304, "test-acc": 0.641, "graph_0": {"_type": "graph-file", "path": "media/graph/graph_0_summary_5582ed38.graph.json", "sha256": "5582ed3835a4595017519de160cf6afe3f2e730319771a6e5aed64eb2a2df499", "size": 1411}, "train-loss": 0.5471663028001785, "train-acc": 0.8547973632812449}