{"test-loss": 4.3577187061309814, "_step": 599, "_runtime": 37, "_timestamp": 1614181670, "test-acc": 0.509, "graph_0": {"_type": "graph-file", "path": "media/graph/graph_0_summary_c008b152.graph.json", "sha256": "c008b152cd51ab834baa0b4b022e557f42bb7c5a6104770fd917c450d35aeccf", "size": 1411}, "train-loss": 0.004518450470641255, "train-acc": 0.9999999999999756}