{"test-loss": 237.95401000976562, "_step": 599, "_runtime": 45, "_timestamp": 1613667780, "test-acc": 0.491, "graph_0": {"_type": "graph-file", "path": "media/graph/graph_0_summary_39f854ed.graph.json", "sha256": "39f854ed04dd68f054cd9b28463e34d591ff5cb32f85e5dd61cc1ee4d79f1d47", "size": 1411}, "train-loss": 16.116545438773755, "train-acc": 0.838439941406245}