{"test-loss": 1.3862944841384888, "_step": 599, "_runtime": 122, "_timestamp": 1613750068, "test-acc": 0.505, "graph_0": {"_type": "graph-file", "path": "media/graph/graph_0_summary_1bb4abdc.graph.json", "sha256": "1bb4abdc2b170fe285a446d68094ec9e8f350cca1e0994296a4f1fd883193bad", "size": 1411}, "train-loss": 0.6931470632553101, "train-acc": 0.4999084472656242}