{"test-loss": 1.3862944841384888, "_step": 599, "_runtime": 38, "_timestamp": 1613629666, "test-acc": 0.5025, "graph_0": {"_type": "graph-file", "path": "media/graph/graph_0_summary_44f8281a.graph.json", "sha256": "44f8281a28de67a5d2c11d38c55f0b8231487fe70790405569bb651f47ec4308", "size": 1411}, "train-loss": 0.6931473016738892, "train-acc": 0.500671386718747}