{"test-loss": 1.3862944841384888, "_step": 599, "_runtime": 426, "_timestamp": 1613986174, "test-acc": 0.505, "graph_0": {"_type": "graph-file", "path": "media/graph/graph_0_summary_10f79b91.graph.json", "sha256": "10f79b91a0101b957035d168d1afb321060cb1f3151bb7cccfe120d339824a87", "size": 1411}, "train-loss": 0.6931470632553101, "train-acc": 0.5007629394531242}