{"test-loss": 130.0483856201172, "_step": 599, "_runtime": 44, "_timestamp": 1613686447, "test-acc": 0.4915, "graph_0": {"_type": "graph-file", "path": "media/graph/graph_0_summary_a735bef8.graph.json", "sha256": "a735bef8fe884b22dcb8e99f599c46ac836ddcd552dbc6142df5c9a0edcbd28e", "size": 1411}, "train-loss": 0.032467963465023786, "train-acc": 0.999999999999994}