{"test-loss": 4.912783622741699, "_step": 599, "_runtime": 32, "_timestamp": 1614183932, "test-acc": 0.517, "graph_0": {"_type": "graph-file", "path": "media/graph/graph_0_summary_48d00bab.graph.json", "sha256": "48d00babea51ae75c162e8142f29acca1145f4d331ead8804b0c4b389c1288a6", "size": 1411}, "train-loss": 0.01876704301685095, "train-acc": 0.9999999999999756}