{"test-loss": 5.9558093547821045, "_step": 599, "_runtime": 27, "_timestamp": 1614124487, "test-acc": 0.4825, "graph_0": {"_type": "graph-file", "path": "media/graph/graph_0_summary_5645c4f0.graph.json", "sha256": "5645c4f06f809435b12ca836781aa3e7a20b7e81d82f233f4dc5b60a160a7b07", "size": 1411}, "train-loss": 0.00032895270123844966, "train-acc": 0.9999999999999756}