{"test-loss": 5.607872247695923, "_step": 599, "_runtime": 32, "_timestamp": 1614201999, "test-acc": 0.5, "graph_0": {"_type": "graph-file", "path": "media/graph/graph_0_summary_0b8d1339.graph.json", "sha256": "0b8d13398cc6f87179f80e128882e984441298f7df949601f829530783319ad8", "size": 1411}, "train-loss": 0.0043037994764745235, "train-acc": 0.9999999999999756}