{"test-loss": 45.09288024902344, "_step": 599, "_runtime": 45, "_timestamp": 1613682144, "test-acc": 0.4885, "graph_0": {"_type": "graph-file", "path": "media/graph/graph_0_summary_47b50925.graph.json", "sha256": "47b509252a425e29dd0af17301d9d039fbf65c86cf2a20f3d3c5110993810b47", "size": 1411}, "train-loss": 8.731088291824562e-05, "train-acc": 0.999999999999994}