{"test-loss": 0.016392572782933712, "_step": 599, "_runtime": 148, "_timestamp": 1614058302, "test-acc": 1.0, "graph_0": {"_type": "graph-file", "path": "media/graph/graph_0_summary_9488b662.graph.json", "sha256": "9488b6620a1dd43dae350027ac6fcd1a345dbab2dd1828f09cdc18fa388be100", "size": 1411}, "train-loss": 0.007802563137374818, "train-acc": 0.9999999999999984}