{"test-loss": 7.464789390563965, "_step": 599, "_runtime": 24, "_timestamp": 1614109066, "test-acc": 0.491, "graph_0": {"_type": "graph-file", "path": "media/graph/graph_0_summary_66ed6bfe.graph.json", "sha256": "66ed6bfe05f1f9b5f158cdeb48b8213cd6facd95583066a962c16708c8927cd1", "size": 1411}, "train-loss": 0.00039865307189757004, "train-acc": 0.9999999999999756}