{"test-loss": 6.333815813064575, "_step": 599, "_runtime": 24, "_timestamp": 1614117280, "test-acc": 0.5245, "graph_0": {"_type": "graph-file", "path": "media/graph/graph_0_summary_4d88c29c.graph.json", "sha256": "4d88c29c2c2454afcafd49689bfbab2f123a9b0a14b9caf785149b942967ec31", "size": 1411}, "train-loss": 0.00037223879189696163, "train-acc": 0.9999999999999756}