{"test-loss": 5.769010066986084, "_step": 599, "_runtime": 25, "_timestamp": 1614120679, "test-acc": 0.498, "graph_0": {"_type": "graph-file", "path": "media/graph/graph_0_summary_48fc2b7c.graph.json", "sha256": "48fc2b7cc9a79664faf820922797d3cc4c62592b423ee1968d8fb9f8e9e65737", "size": 1411}, "train-loss": 0.000353225514118094, "train-acc": 0.9999999999999756}