{"test-loss": 6.528790235519409, "_step": 599, "_runtime": 26, "_timestamp": 1614124939, "test-acc": 0.4965, "graph_0": {"_type": "graph-file", "path": "media/graph/graph_0_summary_5f8e6a33.graph.json", "sha256": "5f8e6a33c620ba1c73de316c368eaedbff6bf748054e9a15f0dc4395126d3141", "size": 1411}, "train-loss": 0.0004059836792293936, "train-acc": 0.9999999999999756}