{"test-loss": 6.48580265045166, "_step": 599, "_runtime": 32, "_timestamp": 1614194523, "test-acc": 0.4905, "graph_0": {"_type": "graph-file", "path": "media/graph/graph_0_summary_0d3d264a.graph.json", "sha256": "0d3d264a55a22b31945bf2da73b8d42b1e44668a270225bcf715422f77faf704", "size": 1411}, "train-loss": 0.018551799468696117, "train-acc": 0.9999999999999756}