{"test-loss": 0.012617834378033876, "_step": 599, "_runtime": 147, "_timestamp": 1614061105, "test-acc": 1.0, "graph_0": {"_type": "graph-file", "path": "media/graph/graph_0_summary_dc0d9d8a.graph.json", "sha256": "dc0d9d8aacccd620914abb47ad608f720e3f1d5b3d38c70b68d271a0a331865a", "size": 1411}, "train-loss": 0.006240369286388159, "train-acc": 0.9999999999999984}