{"test-loss": 0.014406093396246433, "_step": 599, "_runtime": 148, "_timestamp": 1614055286, "test-acc": 1.0, "graph_0": {"_type": "graph-file", "path": "media/graph/graph_0_summary_8d2a820c.graph.json", "sha256": "8d2a820c27cbfd0de8d54296e1d44454192e7ceffc5a686c06888d780ed191ac", "size": 1411}, "train-loss": 0.007871106266975403, "train-acc": 0.999923706054686}