{"test-loss": 0.013040092773735523, "_step": 599, "_runtime": 123, "_timestamp": 1613768935, "test-acc": 1.0, "graph_0": {"_type": "graph-file", "path": "media/graph/graph_0_summary_3de2bfff.graph.json", "sha256": "3de2bfffe895e4b6faba58e7ed434da93427a046bcf285c380073790a5fc08d9", "size": 1411}, "train-loss": 0.005820169229991734, "train-acc": 0.999984741210936}