{"test-loss": 1.3862944841384888, "_step": 599, "_runtime": 32, "_timestamp": 1614189393, "test-acc": 0.4945, "graph_0": {"_type": "graph-file", "path": "media/graph/graph_0_summary_83816e50.graph.json", "sha256": "83816e50c521c97598b4e9a7d429467ba0009be8d380044591c3e75ad8e75212", "size": 1411}, "train-loss": 0.6931471824645996, "train-acc": 0.5058593749999877}