{"test-loss": 1.3862944841384888, "_step": 599, "_runtime": 33, "_timestamp": 1614189117, "test-acc": 0.4945, "graph_0": {"_type": "graph-file", "path": "media/graph/graph_0_summary_b44d8782.graph.json", "sha256": "b44d8782fd35c3f3291b229e49ad30aba52f19631dce9958452e61dcb418ab18", "size": 1411}, "train-loss": 0.6931471824645996, "train-acc": 0.49291992187498795}