{"test-loss": 0.018358138389885426, "_step": 599, "_runtime": 37, "_timestamp": 1613643102, "test-acc": 0.998, "graph_0": {"_type": "graph-file", "path": "media/graph/graph_0_summary_033c7089.graph.json", "sha256": "033c708996325e3444037b55fbaf7e497f384166fed2061f53d145d01c7dae5e", "size": 1411}, "train-loss": 0.0024791613686829805, "train-acc": 0.999999999999994}