{"test-loss": 4.621835470199585, "_step": 599, "_runtime": 32, "_timestamp": 1614191542, "test-acc": 0.4735, "graph_0": {"_type": "graph-file", "path": "media/graph/graph_0_summary_450e8be2.graph.json", "sha256": "450e8be2d309b6bf15e836c4557484d1ca1275268c512b6c63077187d1cfdf3e", "size": 1411}, "train-loss": 0.00100329692941159, "train-acc": 0.9999999999999756}