{"test-loss": 4.7771852016448975, "_step": 599, "_runtime": 35, "_timestamp": 1614199553, "test-acc": 0.498, "graph_0": {"_type": "graph-file", "path": "media/graph/graph_0_summary_d6d9e431.graph.json", "sha256": "d6d9e4319f5db6ca3f061e4f449d25a2acff9422a8ed333258926de6b552092b", "size": 1411}, "train-loss": 0.022725773509591818, "train-acc": 0.9999999999999756}