{"test-loss": 17.44786834716797, "_step": 599, "_runtime": 43, "_timestamp": 1613685552, "test-acc": 0.4965, "graph_0": {"_type": "graph-file", "path": "media/graph/graph_0_summary_4205fadb.graph.json", "sha256": "4205fadba34eb99e682d677e1c5da2b6faef75a382ef90304b1355db493bf908", "size": 1411}, "train-loss": 0.0002506804830773035, "train-acc": 0.999999999999994}