{"test-loss": 4.776123046875, "_step": 599, "_runtime": 32, "_timestamp": 1614196369, "test-acc": 0.5085, "graph_0": {"_type": "graph-file", "path": "media/graph/graph_0_summary_e8ec2dc2.graph.json", "sha256": "e8ec2dc27531ef45c802222bc51267a33f9a491f41af73381710c8be97a36439", "size": 1411}, "train-loss": 0.003916005254723132, "train-acc": 0.9999999999999756}