{"test-loss": 9.712239742279053, "_step": 599, "_runtime": 25, "_timestamp": 1614124610, "test-acc": 0.514, "graph_0": {"_type": "graph-file", "path": "media/graph/graph_0_summary_5ff4982e.graph.json", "sha256": "5ff4982ed08393119bb858991bc63d7303636ce26c793dfa978ae23f4757cf9e", "size": 1411}, "train-loss": 0.0004746824997710064, "train-acc": 0.9999999999999756}