{"test-loss": 1.3862944841384888, "_step": 599, "_runtime": 427, "_timestamp": 1613964078, "test-acc": 0.505, "graph_0": {"_type": "graph-file", "path": "media/graph/graph_0_summary_6c56cc1d.graph.json", "sha256": "6c56cc1d71e2e9f528b5d3cadf67ce8f265291a9a956ed3c0fe8b2358a0b6494", "size": 1411}, "train-loss": 0.6931470632553101, "train-acc": 0.5001983642578117}