{"test-loss": 4.443123817443848, "_step": 599, "_runtime": 32, "_timestamp": 1614188344, "test-acc": 0.52, "graph_0": {"_type": "graph-file", "path": "media/graph/graph_0_summary_7934d557.graph.json", "sha256": "7934d557a8d6ac528778adeaf3a9c454e8582d197c72b60c81f833cd0d6befd9", "size": 1411}, "train-loss": 0.0012427642941474915, "train-acc": 0.9999999999999756}